crash_id,county,region,highway_name,highway_class,intersection_rel,special_feature_1,special_feature_2,severity_level,visual_injured_num,fatal_num,suspected_serious_injured_num,non_incapacitated_injured_num,possibly_injured_num,crash_type,main_crash_type,latitude,longitude,year,date,time,number_of_vehicles,number_of_commercial_vehicles,work_zone,railroad_crossing,alcohol,drug,Alcohol or Drug,weather_condition,lighting_condition,road_condition,manner_of_collision,pedestrians_num,roadway_departure,cross_centerline,hit_and_run,emergency_vehicle_use,unit_type,vehicle_type,age,sex,driver_of_vehicle,injury_severity,person_condition,restraint_use,older_driver,teen_driver,Sleepy/Ill/Dizzy Driver,unsafe_unlaw_category,unsafe_unlaw_desc,Abnormal Traffic Control,Alcohol-DUI/DWI,Animal in Roadway,Apparently Sleepy,Avoiding Other Vehicle,Avoiding Pedestrian,Changed Lanes Unsafely,Deer in Roadway,Defect in Roadway,Disregarded Warning Signal,Domestic Animal in Roadway,Drug-DUI,Failed to Secure Load,Failed to Signal,Failed to Stop,Failed to Yield,Followed too Closely,Improper Backing,Improper Bicyclist Action,Improper Overtaking,Improper Parking,Improper Start From,Improper Turn,Improper Use of Lane,Distraction,Left of Center,No Improper Action by Driver,Object/Debris in Roadway,Other Improper Act/Movement,Pedestrian Action,Stopped in Traffic Lane,Speeding,Unsafe Vehicle,Wrong Way,Bad Weather,Bad Lighting,Bad Road Condition
180242283,Cherokee,southern,US-62,US Route,1,0.0,0.0,property_damage,0.0,0,0.0,0.0,0.0,ANGLE-TURNING,ANGLE-TURNING,35.8900582,-94.9769327,2017,2017-11-07,19.0,2,0,N,       ,N,N,0,Rain,Dark / Unlighted,2.0,10,0,No Roadway Departure,0,N,0.0,D,20.0,35.0,M,Y,1.0,Apparently Normal,4.0,0,0,0,Followed too Closely,Human Element,0,0,0,0,0,0,0,0,0,0,0,0,0,0,0,0,1,0,0,0,0,0,0,0,0,0,0,0,0,0,0,0,0,0,1,1,0
180251625,Rogers,northern,SH-20,State Highway,1,0.0,0.0,property_damage,0.0,0,0.0,0.0,0.0,REAR-END,REAR-END,36.3073856,-95.6421481,2017,2017-12-11,17.42,2,0,N,       ,N,N,0,Clear,Dark / Unlighted,1.0,2,0,No Roadway Departure,0,N,0.0,D,20.0,61.0,F,Y,1.0,Apparently Normal,4.0,0,0,0,Followed too Closely,Traffic Condition,0,0,0,0,0,0,0,0,0,0,0,0,0,0,0,0,1,0,0,0,0,0,0,0,0,0,0,0,0,0,0,0,0,0,0,1,0
180251628,Rogers,northern,,City Street,1,0.0,0.0,property_damage,0.0,0,0.0,0.0,0.0,REAR-END,REAR-END,36.3074271,-95.6259189,2017,2017-12-13,17.43,2,0,N,       ,N,N,0,Clear,Dark / Unlighted,1.0,4,0,No Roadway Departure,0,N,0.0,D,2.0,79.0,M,Y,1.0,Apparently Normal,4.0,1,0,0,No Improper Action by Driver,No Improper Action by Driver,0,0,0,0,0,0,0,0,0,0,0,0,0,0,0,0,0,0,0,0,0,0,0,0,0,0,1,0,0,0,0,0,0,0,0,1,0
180251634,Rogers,northern,SH-88,State Highway,1,0.0,0.0,property_damage,0.0,0,0.0,0.0,0.0,F-O TRAFF-SIGN,FIXED-OBJECT,36.329824,-95.6325403,2017,2017-12-20,18.07,1,0,N,       ,N,N,0,Rain,Dark / Unlighted,2.0,20,0,Roadway Departure Left,0,N,0.0,D,4.0,37.0,M,Y,1.0,Apparently Normal,4.0,0,0,0,Deer in Roadway,Deer in Roadway,0,0,0,0,0,0,0,1,0,0,0,0,0,0,0,0,0,0,0,0,0,0,0,0,0,0,0,0,0,0,0,0,0,0,1,1,0
180251652,Rogers,northern,,City Street,1,0.0,0.0,non_incapacitating_injury,1.0,0,0.0,1.0,0.0,ANGLE-TURNING,ANGLE-TURNING,36.3081195,-95.6204328,2017,2017-12-29,18.08,4,0,N,       ,N,N,0,Clear,Dark / Unlighted,1.0,8,0,No Roadway Departure,0,N,0.0,D,20.0,32.0,F,Y,1.0,Apparently Normal,4.0,0,0,0,Changed Lanes Unsafely,Changed Lanes Unsafely,0,0,0,0,0,0,1,0,0,0,0,0,0,0,0,0,0,0,0,0,0,0,0,0,0,0,0,0,0,0,0,0,0,0,0,1,0
180311645,Washington,northern,,County Road,0,0.0,0.0,property_damage,0.0,0,0.0,0.0,0.0,ANGLE-TURNING,ANGLE-TURNING,36.5831646,-95.9614743,2018,2018-01-25,5.02,2,0,N,       ,N,N,0,Clear,Dark / Unlighted,1.0,6,0,No Roadway Departure,0,N,0.0,D,20.0,24.0,F,Y,1.0,Apparently Normal,4.0,0,0,0,No Improper Action by Driver,No Improper Action by Driver,0,0,0,0,0,0,0,0,0,0,0,0,0,0,0,0,0,0,0,0,0,0,0,0,0,0,1,0,0,0,0,0,0,0,0,1,0
180322960,Muskogee,southern,,City Street,1,0.0,0.0,incapacitating_injury,2.0,0,2.0,0.0,0.0,RIGHT-ANGLE,RIGHT-ANGLE,35.7550319,-95.3118775,2017,2017-12-11,18.31,2,1,N,       ,N,N,0,Clear,Dark / Unlighted,1.0,1,0,No Roadway Departure,0,N,0.0,D,2.0,59.0,M,Y,4.0,Apparently Normal,4.0,0,0,0,Failed to Yield,From Stop Sign,0,0,0,0,0,0,0,0,0,0,0,0,0,0,0,1,0,0,0,0,0,0,0,0,0,0,0,0,0,0,0,0,0,0,0,1,0
180323022,Muskogee,southern,US-62,US Route,0,0.0,0.0,non_incapacitating_injury,1.0,0,0.0,1.0,0.0,REAR-END,REAR-END,35.7699155,-95.2990514,2017,2017-12-11,17.15,2,0,N,       ,N,N,0,Clear,Dark / Unlighted,1.0,3,0,No Roadway Departure,0,N,0.0,D,4.0,45.0,M,Y,1.0,Apparently Normal,4.0,0,0,0,No Improper Action by Driver,No Improper Action by Driver,0,0,0,0,0,0,0,0,0,0,0,0,0,0,0,0,0,0,0,0,0,0,0,0,0,0,1,0,0,0,0,0,0,0,0,1,0
180323041,Muskogee,southern,US-62,US Route,0,0.0,0.0,property_damage,0.0,0,0.0,0.0,0.0,SIDESWIPE-SAME,SIDESWIPE-SAME,35.7701893,-95.3043828,2017,2017-12-17,6.0,2,0,N,       ,N,N,0,Rain,Dark / Unlighted,2.0,38,0,Roadway Departure Right,0,N,2.0,D,2.0,44.0,F,Y,1.0,Apparently Normal,4.0,0,0,0,No Improper Action by Driver,No Improper Action by Driver,0,0,0,0,0,0,0,0,0,0,0,0,0,0,0,0,0,0,0,0,0,0,0,0,0,0,1,0,0,0,0,0,0,0,1,1,0
180323056,Muskogee,southern,,City Street,7,0.0,0.0,property_damage,0.0,0,0.0,0.0,0.0,F-O DITCH,FIXED-OBJECT,35.74029092,-95.30490518,2017,2017-12-19,22.58,1,0,N,       ,N,N,0,Rain,Dark / Unlighted,2.0,19,0,Roadway Departure Left,0,N,0.0,D,2.0,42.0,F,Y,1.0,Apparently Normal,4.0,0,0,0,Other Improper Act/Movement,Other,0,0,0,0,0,0,0,0,0,0,0,0,0,0,0,0,0,0,0,0,0,0,0,0,0,0,0,0,1,0,0,0,0,0,1,1,0
180323103,Tulsa,northern,US-169,US Route,0,0.0,0.0,possible_injury,0.0,0,0.0,0.0,1.0,REAR-END,REAR-END,36.2580308,-95.8479953,2018,2018-01-19,19.59,2,0,N,       ,N,N,0,Clear,Dark / Unlighted,1.0,2,0,No Roadway Departure,0,N,0.0,D,2.0,33.0,F,Y,1.0,Apparently Normal,4.0,0,0,0,Followed too Closely,Traffic Condition,0,0,0,0,0,0,0,0,0,0,0,0,0,0,0,0,1,0,0,0,0,0,0,0,0,0,0,0,0,0,0,0,0,0,0,1,0
180323104,Tulsa,northern,US-169,US Route,0,71.0,0.0,incapacitating_injury,1.0,0,1.0,0.0,0.0,REAR-END,REAR-END,36.258466,-95.8479951,2018,2018-01-19,19.42,4,0,N,       ,Y,N,1,Clear,Dark / Unlighted,1.0,3,0,No Roadway Departure,0,N,0.0,D,4.0,37.0,M,Y,1.0,Drinking - Ability Impaired,4.0,0,0,0,Alcohol-DUI/DWI,Alcohol-DUI/DWI,0,1,0,0,0,0,0,0,0,0,0,0,0,0,0,0,0,0,0,0,0,0,0,0,0,0,0,0,0,0,0,0,0,0,0,1,0
180323106,Tulsa,northern,,City Street,5,0.0,0.0,property_damage,0.0,0,0.0,0.0,0.0,OTH-BACKING,OTH-BACKING,36.28284441,-95.8499037,2018,2018-01-19,22.39,2,0,N,       ,N,N,0,Clear,Dark / Unlighted,1.0,27,0,No Roadway Departure,0,Y,0.0,D,2.0,31.0,M,Y,1.0,Unknown,4.0,0,0,0,Improper Backing,Improper Backing,0,0,0,0,0,0,0,0,0,0,0,0,0,0,0,0,0,1,0,0,0,0,0,0,0,0,0,0,0,0,0,0,0,0,0,1,0
180323107,Tulsa,northern,,City Street,6,0.0,0.0,property_damage,0.0,0,0.0,0.0,0.0,SIDESWIPE-SAME,SIDESWIPE-SAME,36.2785404,-95.85460207,2018,2018-01-23,6.43,2,0,N,       ,N,N,0,Clear,Dark / Unlighted,1.0,16,0,No Roadway Departure,0,N,0.0,D,2.0,42.0,M,Y,1.0,Apparently Normal,4.0,0,0,0,Changed Lanes Unsafely,Changed Lanes Unsafely,0,0,0,0,0,0,1,0,0,0,0,0,0,0,0,0,0,0,0,0,0,0,0,0,0,0,0,0,0,0,0,0,0,0,0,1,0
180362238,Sequoyah,southern,US-64,US Route,0,0.0,0.0,property_damage,0.0,0,0.0,0.0,0.0,F-O MAILBOX,FIXED-OBJECT,35.4053496,-94.5589285,2018,2018-01-23,1.18,1,0,N,       ,N,N,0,Clear,Dark / Unlighted,1.0,20,0,Roadway Departure Right,0,N,0.0,D,2.0,26.0,M,Y,1.0,Apparently Normal,4.0,0,0,0,Apparently Sleepy,Apparently Sleepy,0,0,0,1,0,0,0,0,0,0,0,0,0,0,0,0,0,0,0,0,0,0,0,0,0,0,0,0,0,0,0,0,0,0,0,1,0
180391259,Sequoyah,southern,US-59,US Route,1,0.0,0.0,property_damage,0.0,0,0.0,0.0,0.0,F-O CULVERT,FIXED-OBJECT,35.4508174,-94.8057862,2018,2018-01-30,21.12,1,0,N,       ,N,N,0,Clear,Dark / Unlighted,1.0,20,0,Fixed Object,0,N,0.0,D,5.0,87.0,M,Y,1.0,Apparently Normal,4.0,1,0,0,Inattention,Other,0,0,0,0,0,0,0,0,0,0,0,0,0,0,0,0,0,0,0,0,0,0,0,0,1,0,0,0,0,0,0,0,0,0,0,1,0
180391260,Sequoyah,southern,I-40,Interstate,0,10.0,0.0,property_damage,0.0,0,0.0,0.0,0.0,F-O BARR-CABLE,FIXED-OBJECT,35.4551075,-94.8585786,2017,2017-12-31,1.3,1,0,N,       ,N,N,0,Sleet/Hail/Freezing Rain,Dark / Unlighted,3.0,19,0,Roadway Departure Left,0,N,0.0,D,4.0,26.0,M,Y,1.0,Apparently Normal,4.0,0,0,0,Unsafe Speed,Other Weather Condition,0,0,0,0,0,0,0,0,0,0,0,0,0,0,0,0,0,0,0,0,0,0,0,0,0,0,0,0,0,0,0,1,0,0,1,1,1
180391265,Sequoyah,southern,I-40,Interstate,0,0.0,0.0,property_damage,0.0,0,0.0,0.0,0.0,OTHER,OTHER,35.4492671,-94.7693347,2017,2017-12-31,1.3,1,0,N,       ,N,N,0,Sleet/Hail/Freezing Rain,Dark / Unlighted,3.0,20,0,No Roadway Departure,0,N,2.0,D,20.0,17.0,F,Y,1.0,Apparently Normal,4.0,0,1,0,No Improper Action by Driver,No Improper Action by Driver,0,0,0,0,0,0,0,0,0,0,0,0,0,0,0,0,0,0,0,0,0,0,0,0,0,0,1,0,0,0,0,0,0,0,1,1,1
180441296,Tulsa,northern,,City Street,1,0.0,0.0,non_incapacitating_injury,1.0,0,0.0,1.0,0.0,REAR-END,REAR-END,36.2640899,-95.86621,2018,2018-01-29,6.44,2,0,N,       ,N,N,0,Clear,Dark / Unlighted,1.0,4,0,Roadway Departure Right,0,N,0.0,D,1.0,53.0,M,Y,3.0,Apparently Normal,4.0,0,0,0,Inattention,Distraction from Outside Vehicle,0,0,0,0,0,0,0,0,0,0,0,0,0,0,0,0,0,0,0,0,0,0,0,0,1,0,0,0,0,0,0,0,0,0,0,1,0
180450053,Craig,northern,US-60,US Route,0,0.0,0.0,property_damage,0.0,0,0.0,0.0,0.0,SIDESWIPE-SAME,SIDESWIPE-SAME,36.6349816,-95.1566473,2018,2018-01-03,17.2,2,0,N,       ,N,N,0,Clear,Dusk,1.0,16,0,No Roadway Departure,0,N,0.0,D,2.0,52.0,F,Y,1.0,Apparently Normal,1.0,0,0,0,Changed Lanes Unsafely,Changed Lanes Unsafely,0,0,0,0,0,0,1,0,0,0,0,0,0,0,0,0,0,0,0,0,0,0,0,0,0,0,0,0,0,0,0,0,0,0,0,1,0
180450090,Washington,northern,,City Street,1,0.0,0.0,possible_injury,0.0,0,0.0,0.0,1.0,RIGHT-ANGLE,RIGHT-ANGLE,36.7516678,-95.9894233,2018,2018-01-19,17.42,2,0,N,       ,N,N,0,Clear,Dusk,1.0,1,0,No Roadway Departure,0,N,0.0,D,2.0,53.0,F,Y,1.0,Apparently Normal,3.0,0,0,0,Failed to Stop,For Stop Sign,0,0,0,0,0,0,0,0,0,0,0,0,0,0,1,0,0,0,0,0,0,0,0,0,0,0,0,0,0,0,0,0,0,0,0,1,0
180450109,Washington,northern,,City Street,5,0.0,0.0,fatal,0.0,1,0.0,0.0,0.0,F-O EMBANKMENT,FIXED-OBJECT,36.75912961,-95.9894647,2018,2018-01-05,20.07,1,0,N,       ,N,N,0,Clear,Dark / Unlighted,1.0,20,0,Roadway Departure Right,1,N,0.0,D,2.0,48.0,M,Y,5.0,Unknown,1.0,0,0,0,Other Improper Act/Movement,Other,0,0,0,0,0,0,0,0,0,0,0,0,0,0,0,0,0,0,0,0,0,0,0,0,0,0,0,0,1,0,0,0,0,0,0,1,0
180464567,Rogers,northern,SH-20,State Highway,0,1.0,0.0,property_damage,0.0,0,0.0,0.0,0.0,ANGLE-TURNING,ANGLE-TURNING,36.3173046,-95.6275314,2018,2018-01-25,6.39,2,0,N,       ,N,N,0,Clear,Dawn,1.0,13,0,No Roadway Departure,0,N,0.0,D,4.0,44.0,M,Y,1.0,Apparently Normal,4.0,0,0,0,No Improper Action by Driver,No Improper Action by Driver,0,0,0,0,0,0,0,0,0,0,0,0,0,0,0,0,0,0,0,0,0,0,0,0,0,0,1,0,0,0,0,0,0,0,0,1,0
180464577,Rogers,northern,SH-20,State Highway,1,0.0,0.0,possible_injury,0.0,0,0.0,0.0,1.0,ANGLE-TURNING,ANGLE-TURNING,36.3101285,-95.6326825,2018,2018-01-05,20.45,2,0,N,       ,N,N,0,Clear,Dusk,1.0,7,0,No Roadway Departure,0,N,0.0,D,2.0,58.0,M,Y,1.0,Apparently Normal,4.0,0,0,0,No Improper Action by Driver,No Improper Action by Driver,0,0,0,0,0,0,0,0,0,0,0,0,0,0,0,0,0,0,0,0,0,0,0,0,0,0,1,0,0,0,0,0,0,0,0,1,0
180464580,Rogers,northern,,City Street,6,0.0,0.0,property_damage,0.0,0,0.0,0.0,0.0,OTHER,OTHER,36.312577,-95.60168887,2018,2018-01-07,0.27,2,0,N,       ,Y,N,1,Cloudy,Dark / Unlighted,1.0,36,0,Fixed Object,0,N,0.0,C,2.0,38.0,M,N,0.0,,0.0,0,0,0,No Improper Action by Driver,No Improper Action by Driver,0,0,0,0,0,0,0,0,0,0,0,0,0,0,0,0,0,0,0,0,0,0,0,0,0,0,1,0,0,0,0,0,0,0,0,1,0
180471858,Mayes,northern,,City Street,6,0.0,0.0,property_damage,0.0,0,0.0,0.0,0.0,F-O TREE,FIXED-OBJECT,36.2884884,-95.30681767,2018,2018-01-30,0.1,1,0,N,       ,Y,N,1,Clear,Dark / Unlighted,1.0,20,0,Roadway Departure Right,0,Y,0.0,D,2.0,26.0,F,Y,1.0,Odor of Alcohol Beverage,99.0,0,0,0,Alcohol-DUI/DWI,Alcohol-DUI/DWI,0,1,0,0,0,0,0,0,0,0,0,0,0,0,0,0,0,0,0,0,0,0,0,0,0,0,0,0,0,0,0,0,0,0,0,1,0
180515133,Sequoyah,southern,US-64,US Route,1,0.0,0.0,possible_injury,0.0,0,0.0,0.0,1.0,ANGLE-TURNING,ANGLE-TURNING,35.404937,-94.4962084,2018,2018-02-08,18.1,2,0,N,       ,N,N,0,Clear,Dusk,1.0,12,0,No Roadway Departure,0,N,0.0,D,2.0,27.0,M,Y,1.0,Unknown,99.0,0,0,0,Failed to Yield,From Stop Sign,0,0,0,0,0,0,0,0,0,0,0,0,0,0,0,1,0,0,0,0,0,0,0,0,0,0,0,0,0,0,0,0,0,0,0,1,0
180575876,Mayes,northern,SH-82,State Highway,0,0.0,0.0,possible_injury,0.0,0,0.0,0.0,1.0,REAR-END,REAR-END,36.1973422,-95.1589962,2018,2018-02-16,18.49,3,0,N,       ,N,N,0,Clear,Dark / Unlighted,1.0,2,0,No Roadway Departure,0,N,0.0,D,2.0,61.0,F,Y,2.0,Apparently Normal,3.0,0,0,0,No Improper Action by Driver,No Improper Action by Driver,0,0,0,0,0,0,0,0,0,0,0,0,0,0,0,0,0,0,0,0,0,0,0,0,0,0,1,0,0,0,0,0,0,0,0,1,0
180575880,Washington,northern,,County Road,0,0.0,0.0,property_damage,0.0,0,0.0,0.0,0.0,F-O CULVERT,FIXED-OBJECT,36.8439033,-95.9296962,2018,2018-02-16,23.2,1,0,N,       ,N,N,0,Clear,Dark / Unlighted,1.0,20,0,Roadway Departure Right,0,Y,0.0,D,1.0,25.0,F,Y,1.0,Unknown,99.0,0,0,0,Inattention,Other Distraction Inside Vehicle,0,0,0,0,0,0,0,0,0,0,0,0,0,0,0,0,0,0,0,0,0,0,0,0,1,0,0,0,0,0,0,0,0,0,0,1,0
180607050,Tulsa,northern,US-169,US Route,0,0.0,0.0,property_damage,0.0,0,0.0,0.0,0.0,SIDESWIPE-SAME,SIDESWIPE-SAME,36.2984616,-95.8265126,2018,2018-02-22,21.15,2,0,N,       ,N,N,0,Rain,Dark / Unlighted,2.0,16,0,No Roadway Departure,0,N,0.0,D,2.0,58.0,F,Y,1.0,Apparently Normal,4.0,0,0,0,Changed Lanes Unsafely,Changed Lanes Unsafely,0,0,0,0,0,0,1,0,0,0,0,0,0,0,0,0,0,0,0,0,0,0,0,0,0,0,0,0,0,0,0,0,0,0,1,1,0
180643158,Rogers,northern,SH-20,State Highway,0,0.0,0.0,non_incapacitating_injury,2.0,0,0.0,2.0,1.0,F-O CULVERT,FIXED-OBJECT,36.3069943,-95.4685069,2017,2017-12-25,16.53,1,0,N,       ,N,N,0,Cloudy,Dusk,1.0,33,0,Roadway Departure Right,0,N,0.0,D,2.0,25.0,M,Y,3.0,Apparently Normal,4.0,0,0,0,Object/Debris in Roadway,Object/Debris in Roadway,0,0,0,0,0,0,0,0,0,0,0,0,0,0,0,0,0,0,0,0,0,0,0,0,0,0,0,1,0,0,0,0,0,0,0,1,0
180646243,Rogers,northern,SH-167,State Highway,0,0.0,0.0,property_damage,0.0,0,0.0,0.0,0.0,F-O GUARDRL-FACE,FIXED-OBJECT,36.1797407,-95.7602995,2018,2018-02-21,16.45,1,0,N,       ,N,N,0,Sleet/Hail/Freezing Rain,Dusk,3.0,20,0,Roadway Departure Right,0,N,0.0,D,4.0,18.0,M,Y,1.0,Apparently Normal,99.0,0,1,0,Unsafe Speed,For Ice or Snow on Roadway,0,0,0,0,0,0,0,0,0,0,0,0,0,0,0,0,0,0,0,0,0,0,0,0,0,0,0,0,0,0,0,1,0,0,1,1,1
180646292,Sequoyah,southern,SH-64B,State Highway,0,0.0,0.0,property_damage,0.0,0,0.0,0.0,0.0,F-O BARR-CABLE,FIXED-OBJECT,35.4238903,-94.6031951,2018,2018-02-10,4.1,1,0,N,       ,N,N,0,Rain,Dark / Unlighted,2.0,20,0,Roadway Departure Right,0,N,0.0,D,2.0,53.0,F,Y,1.0,Apparently Normal,4.0,0,0,0,Unsafe Vehicle,Headlights,0,0,0,0,0,0,0,0,0,0,0,0,0,0,0,0,0,0,0,0,0,0,0,0,0,0,0,0,0,0,0,0,1,0,1,1,0
180662186,Tulsa,northern,US-169,US Route,0,47.0,0.0,possible_injury,0.0,0,0.0,0.0,1.0,F-O TRAFF-SIGN,FIXED-OBJECT,36.2793474,-95.8477157,2018,2018-02-25,3.08,1,0,N,       ,N,N,0,Clear,Dark / Unlighted,1.0,19,0,Roadway Departure Left,0,N,0.0,D,21.0,28.0,M,Y,2.0,Very Tired,4.0,0,0,1,Apparently Sleepy,Apparently Sleepy,0,0,0,1,0,0,0,0,0,0,0,0,0,0,0,0,0,0,0,0,0,0,0,0,0,0,0,0,0,0,0,0,0,0,0,1,0
180672250,Craig,northern,US-60,US Route,0,0.0,0.0,property_damage,0.0,0,0.0,0.0,0.0,ROLLOVER,ROLLOVER,36.626647,-95.1699638,2018,2018-02-13,22.0,1,0,N,       ,N,N,0,Clear,Dark / Unlighted,0.0,37,0,No Roadway Departure,0,N,0.0,A,0.0,0.0,,N,0.0,,0.0,0,0,0,Deer in Roadway,Deer in Roadway,0,0,0,0,0,0,0,1,0,0,0,0,0,0,0,0,0,0,0,0,0,0,0,0,0,0,0,0,0,0,0,0,0,0,0,1,0
180678756,Washington,northern,US-75,US Route,1,0.0,0.0,non_incapacitating_injury,1.0,0,0.0,1.0,1.0,RIGHT-ANGLE,RIGHT-ANGLE,36.7504861,-95.9354436,2018,2018-02-21,5.36,1,0,N,       ,N,N,0,Cloudy,Dark / Unlighted,2.0,1,1,No Roadway Departure,0,N,0.0,D,4.0,41.0,M,Y,2.0,Apparently Normal,4.0,0,0,0,Other Improper Act/Movement,Other,0,0,0,0,0,0,0,0,0,0,0,0,0,0,0,0,0,0,0,0,0,0,0,0,0,0,0,0,1,0,0,0,0,0,0,1,0
180678757,Washington,northern,,City Street,8,0.0,0.0,property_damage,0.0,0,0.0,0.0,0.0,F-O BARR-CONCRETE,FIXED-OBJECT,36.7570673,-95.95355223,2018,2018-02-20,18.38,1,0,N,       ,N,N,0,Sleet/Hail/Freezing Rain,Dark / Unlighted,3.0,19,0,Fixed Object,0,N,0.0,D,4.0,33.0,M,Y,1.0,Apparently Normal,4.0,0,0,0,Unsafe Speed,For Ice or Snow on Roadway,0,0,0,0,0,0,0,0,0,0,0,0,0,0,0,0,0,0,0,0,0,0,0,0,0,0,0,0,0,0,0,1,0,0,1,1,1
180734261,Cherokee,southern,US-62,US Route,1,0.0,0.0,possible_injury,0.0,0,0.0,0.0,1.0,ANGLE-TURNING,ANGLE-TURNING,35.9043445,-94.9590085,2017,2017-12-02,17.45,2,0,N,       ,N,N,0,Clear,Dark / Unlighted,1.0,12,0,No Roadway Departure,0,N,0.0,D,4.0,47.0,M,Y,1.0,Apparently Normal,4.0,0,0,0,Failed to Yield,From Stop Sign,0,0,0,0,0,0,0,0,0,0,0,0,0,0,0,1,0,0,0,0,0,0,0,0,0,0,0,0,0,0,0,0,0,0,0,1,0
180734266,Cherokee,southern,US-62,US Route,1,0.0,0.0,property_damage,0.0,0,0.0,0.0,0.0,REAR-END,REAR-END,35.9083621,-94.9569399,2017,2017-12-08,17.2,3,0,N,       ,N,N,0,Clear,Dusk,1.0,2,0,No Roadway Departure,0,N,0.0,D,20.0,22.0,M,Y,1.0,Apparently Normal,4.0,0,0,0,Inattention,Other Distraction Inside Vehicle,0,0,0,0,0,0,0,0,0,0,0,0,0,0,0,0,0,0,0,0,0,0,0,0,1,0,0,0,0,0,0,0,0,0,0,1,0
180734268,Cherokee,southern,US-62,US Route,0,0.0,0.0,possible_injury,0.0,0,0.0,0.0,1.0,REAR-END,REAR-END,35.8953401,-94.9684976,2017,2017-12-08,20.0,3,0,N,       ,N,N,0,Clear,Dark / Unlighted,1.0,2,0,No Roadway Departure,0,N,0.0,D,2.0,20.0,F,Y,1.0,Apparently Normal,4.0,0,0,0,Inattention,Other,0,0,0,0,0,0,0,0,0,0,0,0,0,0,0,0,0,0,0,0,0,0,0,0,1,0,0,0,0,0,0,0,0,0,0,1,0
180734277,Cherokee,southern,,City Street,7,0.0,0.0,property_damage,0.0,0,0.0,0.0,0.0,REAR-END,REAR-END,35.91085709,-94.9720001,2017,2017-12-19,17.16,2,0,N,       ,N,N,0,Rain,Dark / Unlighted,2.0,3,0,No Roadway Departure,0,N,0.0,D,2.0,21.0,F,Y,1.0,Apparently Normal,4.0,0,0,0,Inattention,Other,0,0,0,0,0,0,0,0,0,0,0,0,0,0,0,0,0,0,0,0,0,0,0,0,1,0,0,0,0,0,0,0,0,0,1,1,0
180734280,Cherokee,southern,US-62,US Route,1,0.0,0.0,property_damage,0.0,0,0.0,0.0,0.0,REAR-END,REAR-END,35.8704628,-94.9762069,2017,2017-12-23,19.43,2,0,N,       ,N,N,0,Clear,Dark / Unlighted,1.0,5,0,No Roadway Departure,0,N,0.0,D,4.0,17.0,M,Y,1.0,Apparently Normal,4.0,0,1,0,Inattention,Other,0,0,0,0,0,0,0,0,0,0,0,0,0,0,0,0,0,0,0,0,0,0,0,0,1,0,0,0,0,0,0,0,0,0,0,1,0
180743848,Sequoyah,southern,I-40,Interstate,1,20.0,0.0,property_damage,0.0,0,0.0,0.0,0.0,ROLLOVER,ROLLOVER,35.4479804,-94.8055053,2018,2018-02-10,0.4,1,0,N,       ,N,N,0,Rain,Dark / Unlighted,2.0,20,0,No Roadway Departure,0,N,0.0,D,4.0,56.0,M,Y,1.0,Apparently Normal,4.0,0,0,0,Inattention,Other,0,0,0,0,0,0,0,0,0,0,0,0,0,0,0,0,0,0,0,0,0,0,0,0,1,0,0,0,0,0,0,0,0,0,1,1,0
180743849,Sequoyah,southern,,City Street,8,10.0,0.0,property_damage,0.0,0,0.0,0.0,0.0,ROLLOVER,ROLLOVER,35.44857,-94.78151733,2018,2018-02-10,23.54,1,0,N,       ,N,N,0,Sleet/Hail/Freezing Rain,Dark / Unlighted,3.0,37,0,Fixed Object,0,N,0.0,D,4.0,20.0,M,Y,1.0,Apparently Normal,4.0,0,0,0,No Improper Action by Driver,No Improper Action by Driver,0,0,0,0,0,0,0,0,0,0,0,0,0,0,0,0,0,0,0,0,0,0,0,0,0,0,1,0,0,0,0,0,0,0,1,1,1
180784032,Muskogee,southern,US-62,US Route,0,0.0,0.0,property_damage,0.0,0,0.0,0.0,0.0,F-O TRAFF-SIGN,FIXED-OBJECT,35.7703074,-95.3093647,2018,2018-02-20,19.43,1,0,N,       ,N,N,0,Rain,Dark / Unlighted,2.0,19,0,Roadway Departure Left,0,N,0.0,D,20.0,55.0,F,Y,1.0,Apparently Normal,4.0,0,0,0,Unsafe Speed,Rain or Wet Roadway,0,0,0,0,0,0,0,0,0,0,0,0,0,0,0,0,0,0,0,0,0,0,0,0,0,0,0,0,0,0,0,1,0,0,1,1,0
180804564,Rogers,northern,,City Street,6,1.0,0.0,property_damage,0.0,0,0.0,0.0,0.0,ANGLE-TURNING,ANGLE-TURNING,36.3218307,-95.65045747,2018,2018-02-10,18.52,2,0,N,       ,N,N,0,Sleet/Hail/Freezing Rain,Dark / Unlighted,3.0,10,0,Roadway Departure Left,0,N,0.0,D,20.0,31.0,F,Y,1.0,Apparently Normal,4.0,0,0,0,No Improper Action by Driver,No Improper Action by Driver,0,0,0,0,0,0,0,0,0,0,0,0,0,0,0,0,0,0,0,0,0,0,0,0,0,0,1,0,0,0,0,0,0,0,1,1,1