crash_id,county,region,highway_name,highway_class,intersection_rel,special_feature_1,special_feature_2,severity_level,visual_injured_num,fatal_num,suspected_serious_injured_num,non_incapacitated_injured_num,possibly_injured_num,crash_type,main_crash_type,latitude,longitude,year,date,time,number_of_vehicles,number_of_commercial_vehicles,work_zone,railroad_crossing,alcohol,drug,Alcohol or Drug,weather_condition,lighting_condition,road_condition,manner_of_collision,pedestrians_num,roadway_departure,cross_centerline,hit_and_run,emergency_vehicle_use,unit_type,vehicle_type,age,sex,driver_of_vehicle,injury_severity,person_condition,restraint_use,older_driver,teen_driver,Sleepy/Ill/Dizzy Driver,unsafe_unlaw_category,unsafe_unlaw_desc,Abnormal Traffic Control,Alcohol-DUI/DWI,Animal in Roadway,Apparently Sleepy,Avoiding Other Vehicle,Avoiding Pedestrian,Changed Lanes Unsafely,Deer in Roadway,Defect in Roadway,Disregarded Warning Signal,Domestic Animal in Roadway,Drug-DUI,Failed to Secure Load,Failed to Signal,Failed to Stop,Failed to Yield,Followed too Closely,Improper Backing,Improper Bicyclist Action,Improper Overtaking,Improper Parking,Improper Start From,Improper Turn,Improper Use of Lane,Distraction,Left of Center,No Improper Action by Driver,Object/Debris in Roadway,Other Improper Act/Movement,Pedestrian Action,Stopped in Traffic Lane,Speeding,Unsafe Vehicle,Wrong Way,Bad Weather,Bad Lighting,Bad Road Condition
202382311,Tulsa,northern,US-169,US Route,1,21.0,0.0,property_damage,0.0,0,0.0,0.0,0.0,ANGLE-TURNING,ANGLE-TURNING,36.27831271,-95.84783,2020,2020-08-13,20.09,2,0,N,       ,N,N,0,Clear,Dusk,1.0,7,0,No Roadway Departure,0,N,0.0,D,20.0,28.0,M,Y,1.0,Apparently Normal,99.0,0,0,0,Failed to Yield,To Vehicle in Intersection,0,0,0,0,0,0,0,0,0,0,0,0,0,0,0,1,0,0,0,0,0,0,0,0,0,0,0,0,0,0,0,0,0,0,0,1,0
202393380,Rogers,northern,SH-66,State Highway,0,0.0,0.0,property_damage,0.0,0,0.0,0.0,0.0,SIDESWIPE-SAME,SIDESWIPE-SAME,36.30245205,-95.62433882,2020,2020-07-31,20.3,2,0,N,       ,N,N,0,Clear,Dusk,1.0,16,0,No Roadway Departure,0,Y,9.0,D,20.0,0.0,9,Y,1.0,Unknown,99.0,0,0,0,Changed Lanes Unsafely,Changed Lanes Unsafely,0,0,0,0,0,0,1,0,0,0,0,0,0,0,0,0,0,0,0,0,0,0,0,0,0,0,0,0,0,0,0,0,0,0,0,1,0
202393418,Rogers,northern,SH-20,State Highway,1,71.0,0.0,non_incapacitating_injury,1.0,0,0.0,1.0,1.0,SIDESWIPE-OPP,SIDESWIPE-OPP,36.30741131,-95.5972144,2020,2020-07-06,5.47,2,0,N,       ,N,N,0,Clear,Dawn,1.0,17,1,No Roadway Departure,0,N,0.0,D,2.0,48.0,M,Y,2.0,Apparently Normal,1.0,0,0,0,Inattention,Distraction from Outside Vehicle,0,0,0,0,0,0,0,0,0,0,0,0,0,0,0,0,0,0,0,0,0,0,0,0,1,0,0,0,0,0,0,0,0,0,0,1,0
202442235,Adair,southern,SH-51,State Highway,0,0.0,0.0,possible_injury,0.0,0,0.0,0.0,1.0,F-O DITCH,FIXED-OBJECT,35.83741241,-94.63112395,2020,2020-06-13,0.3,1,0,N,       ,N,N,0,Clear,Dark / Unlighted,1.0,20,0,Roadway Departure Right,0,N,0.0,D,2.0,33.0,M,Y,1.0,Apparently Normal,99.0,0,0,0,Inattention,Other,0,0,0,0,0,0,0,0,0,0,0,0,0,0,0,0,0,0,0,0,0,0,0,0,1,0,0,0,0,0,0,0,0,0,0,1,0
202481599,Mayes,northern,US-69,US Route,0,0.0,0.0,non_incapacitating_injury,2.0,0,0.0,2.0,0.0,REAR-END,REAR-END,36.2833505,-95.32776598,2020,2020-08-05,22.37,2,0,N,       ,N,N,0,Clear,Dark / Unlighted,1.0,3,0,Roadway Departure Right,0,N,0.0,D,1.0,25.0,M,Y,3.0,Apparently Normal,1.0,0,0,0,Inattention,Other,0,0,0,0,0,0,0,0,0,0,0,0,0,0,0,0,0,0,0,0,0,0,0,0,1,0,0,0,0,0,0,0,0,0,0,1,0
202481601,Mayes,northern,,City Street,5,80.0,99.0,property_damage,0.0,0,0.0,0.0,0.0,REAR-END,REAR-END,36.28579311,-95.3098509,2020,2020-08-13,15.44,2,0,N,       ,N,N,0,Rain,Dawn,2.0,2,0,No Roadway Departure,0,N,0.0,D,4.0,22.0,M,Y,1.0,Apparently Normal,4.0,0,0,0,Followed too Closely,Weather Condition,0,0,0,0,0,0,0,0,0,0,0,0,0,0,0,0,1,0,0,0,0,0,0,0,0,0,0,0,0,0,0,0,0,0,1,1,0
202601152,Tulsa,northern,US-169,US Route,1,20.0,0.0,possible_injury,0.0,0,0.0,0.0,1.0,REAR-END,REAR-END,36.27831271,-95.84783,2020,2020-08-19,20.18,2,0,N,       ,Y,N,1,Clear,Dusk,1.0,2,0,No Roadway Departure,0,N,0.0,D,20.0,48.0,F,Y,2.0,Drinking - Ability Impaired,99.0,0,0,0,Alcohol-DUI/DWI,Alcohol-DUI/DWI,0,1,0,0,0,0,0,0,0,0,0,0,0,0,0,0,0,0,0,0,0,0,0,0,0,0,0,0,0,0,0,0,0,0,0,1,0
202601159,Tulsa,northern,US-169,US Route,0,75.0,0.0,possible_injury,0.0,0,0.0,0.0,1.0,F-O DITCH,FIXED-OBJECT,36.284066,-95.84557533,2020,2020-08-21,4.44,1,0,N,       ,N,N,0,Clear,Dark / Unlighted,1.0,19,0,Roadway Departure Left,1,N,0.0,D,4.0,31.0,M,Y,2.0,Sleepy,99.0,0,0,1,Apparently Sleepy,Apparently Sleepy,0,0,0,1,0,0,0,0,0,0,0,0,0,0,0,0,0,0,0,0,0,0,0,0,0,0,0,0,0,0,0,0,0,0,0,1,0
202601247,Tulsa,northern,US-169,US Route,0,30.0,0.0,property_damage,0.0,0,0.0,0.0,0.0,F-O OTHER,FIXED-OBJECT,36.30480025,-95.82228034,2020,2020-09-03,4.32,1,0,N,       ,N,N,0,Clear,Dark / Unlighted,1.0,20,0,Roadway Departure Right,0,Y,0.0,D,13.0,32.0,F,Y,1.0,Unknown,99.0,0,0,0,Unsafe Speed,Other,0,0,0,0,0,0,0,0,0,0,0,0,0,0,0,0,0,0,0,0,0,0,0,0,0,0,0,0,0,0,0,1,0,0,0,1,0
202601255,Tulsa,northern,US-169,US Route,0,32.0,0.0,property_damage,0.0,0,0.0,0.0,0.0,F-O TRAFF-SIGN,FIXED-OBJECT,36.33456909,-95.82105876,2020,2020-09-07,5.25,1,1,N,       ,N,N,0,Clear,Dark / Unlighted,1.0,20,0,Roadway Departure Right,0,N,0.0,D,10.0,62.0,M,Y,1.0,Apparently Normal,4.0,0,0,0,Apparently Sleepy,Apparently Sleepy,0,0,0,1,0,0,0,0,0,0,0,0,0,0,0,0,0,0,0,0,0,0,0,0,0,0,0,0,0,0,0,0,0,0,0,1,0
202601272,Tulsa,northern,US-169,US Route,0,0.0,0.0,possible_injury,0.0,0,0.0,0.0,1.0,OTHER,OTHER,36.26366502,-95.84792613,2020,2020-09-08,6.3,2,1,N,       ,N,N,0,Clear,Dawn,1.0,35,0,No Roadway Departure,0,N,0.0,D,4.0,27.0,M,Y,2.0,Apparently Normal,4.0,0,0,0,Followed too Closely,Traffic Condition,0,0,0,0,0,0,0,0,0,0,0,0,0,0,0,0,1,0,0,0,0,0,0,0,0,0,0,0,0,0,0,0,0,0,0,1,0
202661893,Muskogee,southern,,City Street,1,99.0,80.0,property_damage,0.0,0,0.0,0.0,0.0,REAR-END,REAR-END,35.74055947,-95.30841687,2020,2020-08-28,7.15,2,0,N,       ,Y,N,1,Clear,Dawn,1.0,2,0,No Roadway Departure,0,Y,0.0,D,2.0,18.0,F,Y,1.0,Drinking - Ability Impaired,99.0,0,1,0,Alcohol-DUI/DWI,Alcohol-DUI/DWI,0,1,0,0,0,0,0,0,0,0,0,0,0,0,0,0,0,0,0,0,0,0,0,0,0,0,0,0,0,0,0,0,0,0,0,1,0
202690784,Craig,northern,US-60,US Route,0,0.0,0.0,possible_injury,0.0,0,0.0,0.0,1.0,OTHER,OTHER,36.62677966,-95.23310516,2020,2020-08-17,0.26,2,1,N,       ,N,N,0,Clear,Dark / Unlighted,1.0,20,0,Roadway Departure Right,0,N,0.0,D,20.0,43.0,M,Y,2.0,Unknown,1.0,0,0,0,Other Improper Act/Movement,Other,0,0,0,0,0,0,0,0,0,0,0,0,0,0,0,0,0,0,0,0,0,0,0,0,0,0,0,0,1,0,0,0,0,0,0,1,0
202821279,Tulsa,northern,,City Street,1,80.0,99.0,property_damage,0.0,0,0.0,0.0,0.0,ANGLE-TURNING,ANGLE-TURNING,36.3655366,-95.8301944,2020,2020-08-21,20.28,2,0,N,       ,N,N,0,Clear,Dark / Unlighted,1.0,6,0,No Roadway Departure,0,N,0.0,D,1.0,24.0,M,Y,1.0,Apparently Normal,4.0,0,0,0,No Improper Action by Driver,No Improper Action by Driver,0,0,0,0,0,0,0,0,0,0,0,0,0,0,0,0,0,0,0,0,0,0,0,0,0,0,1,0,0,0,0,0,0,0,0,1,0
202821280,Tulsa,northern,SH-20,State Highway,1,0.0,0.0,property_damage,0.0,0,0.0,0.0,0.0,RIGHT-ANGLE,RIGHT-ANGLE,36.36565344,-95.8847284,2020,2020-08-17,20.28,2,0,N,       ,N,N,0,Clear,Dark / Unlighted,1.0,1,0,Roadway Departure Right,0,N,0.0,D,20.0,18.0,F,Y,1.0,Apparently Normal,4.0,0,1,0,Failed to Yield,From Stop Sign,0,0,0,0,0,0,0,0,0,0,0,0,0,0,0,1,0,0,0,0,0,0,0,0,0,0,0,0,0,0,0,0,0,0,0,1,0
202821403,Washington,northern,US-60,US Route,1,0.0,0.0,possible_injury,0.0,0,0.0,0.0,1.0,ANGLE-TURNING,ANGLE-TURNING,36.72798053,-95.91720825,2020,2020-09-10,7.1,2,0,N,       ,N,N,0,Rain,Dawn,2.0,7,0,No Roadway Departure,0,N,0.0,D,2.0,16.0,F,Y,1.0,Apparently Normal,4.0,0,1,0,Failed to Yield,To Vehicle in Intersection,0,0,0,0,0,0,0,0,0,0,0,0,0,0,0,1,0,0,0,0,0,0,0,0,0,0,0,0,0,0,0,0,0,0,1,1,0
202830553,Delaware,northern,US-59,US Route,0,0.0,0.0,property_damage,0.0,0,0.0,0.0,0.0,SIDESWIPE-SAME,SIDESWIPE-SAME,36.42860628,-94.78359886,2020,2020-10-01,19.12,2,0,N,       ,N,N,0,Clear,Dusk,1.0,16,0,Roadway Departure Right,0,N,0.0,D,20.0,25.0,M,Y,1.0,Apparently Normal,4.0,0,0,0,Changed Lanes Unsafely,Changed Lanes Unsafely,0,0,0,0,0,0,1,0,0,0,0,0,0,0,0,0,0,0,0,0,0,0,0,0,0,0,0,0,0,0,0,0,0,0,0,1,0
202900963,Rogers,northern,SH-66,State Highway,0,0.0,0.0,property_damage,0.0,0,0.0,0.0,0.0,REAR-END,REAR-END,36.27902599,-95.63974357,2020,2020-09-23,6.48,2,0,N,       ,N,N,0,Cloudy,Dark / Unlighted,1.0,2,0,No Roadway Departure,0,N,0.0,D,2.0,35.0,F,Y,1.0,Apparently Normal,4.0,0,0,0,No Improper Action by Driver,No Improper Action by Driver,0,0,0,0,0,0,0,0,0,0,0,0,0,0,0,0,0,0,0,0,0,0,0,0,0,0,1,0,0,0,0,0,0,0,0,1,0
202900982,Rogers,northern,SH-66,State Highway,1,0.0,0.0,property_damage,0.0,0,0.0,0.0,0.0,REAR-END,REAR-END,36.29509403,-95.62937648,2020,2020-09-26,20.44,2,0,N,       ,N,N,0,Clear,Dark / Unlighted,1.0,2,0,No Roadway Departure,0,N,0.0,D,21.0,34.0,F,Y,1.0,Ill (Sick),4.0,0,0,1,Followed too Closely,Human Element,0,0,0,0,0,0,0,0,0,0,0,0,0,0,0,0,1,0,0,0,0,0,0,0,0,0,0,0,0,0,0,0,0,0,0,1,0
202931586,Washington,northern,US-75,US Route,1,0.0,0.0,property_damage,0.0,0,0.0,0.0,0.0,REAR-END,REAR-END,36.78600556,-95.9351156,2020,2020-10-15,19.45,2,0,N,       ,N,N,0,Cloudy,Dusk,1.0,2,0,No Roadway Departure,0,N,2.0,D,99.0,19.0,F,Y,1.0,Apparently Normal,4.0,0,1,0,Followed too Closely,Human Element,0,0,0,0,0,0,0,0,0,0,0,0,0,0,0,0,1,0,0,0,0,0,0,0,0,0,0,0,0,0,0,0,0,0,0,1,0
202951489,Washington,northern,SH-123,State Highway,1,0.0,0.0,property_damage,0.0,0,0.0,0.0,0.0,F-O EMBANKMENT,FIXED-OBJECT,36.77177053,-95.95650391,2020,2020-10-11,5.19,1,0,N,       ,N,N,0,Fog/Smoke,Dark / Unlighted,1.0,41,0,Fixed Object,0,N,2.0,D,1.0,62.0,M,Y,0.0,Unknown,99.0,0,0,0,Failed to Stop,For Stop Sign,0,0,0,0,0,0,0,0,0,0,0,0,0,0,1,0,0,0,0,0,0,0,0,0,0,0,0,0,0,0,0,0,0,0,1,1,0
202951495,Rogers,northern,SH-66,State Highway,0,1.0,0.0,property_damage,0.0,0,0.0,0.0,0.0,ANGLE-TURNING,ANGLE-TURNING,36.24855794,-95.66948122,2020,2020-10-16,22.28,2,0,N,       ,N,N,0,Clear,Dark / Unlighted,1.0,13,0,No Roadway Departure,0,N,0.0,D,1.0,30.0,F,Y,1.0,Apparently Normal,4.0,0,0,0,Wrong Way,On One Way,0,0,0,0,0,0,0,0,0,0,0,0,0,0,0,0,0,0,0,0,0,0,0,0,0,0,0,0,0,0,0,0,0,1,0,1,0
203252561,Sequoyah,southern,US-64,US Route,0,0.0,0.0,property_damage,0.0,0,0.0,0.0,0.0,SIDESWIPE-SAME,SIDESWIPE-SAME,35.40503085,-94.51341728,2020,2020-10-28,7.4,2,0,N,       ,N,N,0,Rain,Dawn,2.0,16,0,No Roadway Departure,0,N,0.0,D,4.0,63.0,M,Y,1.0,Apparently Normal,4.0,0,0,0,Improper Turn,Right,0,0,0,0,0,0,0,0,0,0,0,0,0,0,0,0,0,0,0,0,0,0,1,0,0,0,0,0,0,0,0,0,0,0,1,1,0
203252717,Washington,northern,,City Street,7,0.0,0.0,non_incapacitating_injury,1.0,0,0.0,1.0,0.0,OTHER,OTHER,36.74020709,-95.9820257,2020,2020-10-11,23.05,2,0,N,       ,Y,N,1,Clear,Dark / Unlighted,1.0,35,0,No Roadway Departure,0,N,0.0,D,1.0,35.0,F,Y,3.0,Under the Influence of Medication,99.0,0,0,0,Alcohol-DUI/DWI,Alcohol-DUI/DWI,0,1,0,0,0,0,0,0,0,0,0,0,0,0,0,0,0,0,0,0,0,0,0,0,0,0,0,0,0,0,0,0,0,0,0,1,0
203252737,Washington,northern,US-60,US Route,1,0.0,0.0,non_incapacitating_injury,1.0,0,0.0,1.0,0.0,ANGLE-TURNING,ANGLE-TURNING,36.72802508,-95.92657565,2020,2020-10-28,7.08,2,0,N,       ,N,N,0,Rain,Dark / Unlighted,2.0,6,0,No Roadway Departure,0,N,0.0,D,2.0,20.0,M,Y,3.0,Apparently Normal,4.0,0,0,0,Failed to Yield,From Stop Sign,0,0,0,0,0,0,0,0,0,0,0,0,0,0,0,1,0,0,0,0,0,0,0,0,0,0,0,0,0,0,0,0,0,0,1,1,0
203252764,Washington,northern,,City Street,7,99.0,80.0,property_damage,0.0,0,0.0,0.0,0.0,REAR-END,REAR-END,36.74845839,-95.967548,2020,2020-10-31,23.49,2,0,N,       ,N,N,0,Clear,Dark / Unlighted,10.0,2,0,No Roadway Departure,0,Y,0.0,D,4.0,0.0,9,Y,1.0,Unknown,99.0,0,0,0,Other Improper Act/Movement,Other,0,0,0,0,0,0,0,0,0,0,0,0,0,0,0,0,0,0,0,0,0,0,0,0,0,0,0,0,1,0,0,0,0,0,0,1,0
203280814,Tulsa,northern,US-169,US Route,0,0.0,0.0,possible_injury,0.0,0,0.0,0.0,1.0,SIDESWIPE-SAME,SIDESWIPE-SAME,36.25003083,-95.84797206,2020,2020-09-28,23.07,2,0,N,       ,Y,N,1,Clear,Dark / Unlighted,1.0,16,0,No Roadway Departure,0,N,0.0,D,4.0,59.0,M,Y,2.0,Apparently Normal,4.0,0,0,0,No Improper Action by Driver,No Improper Action by Driver,0,0,0,0,0,0,0,0,0,0,0,0,0,0,0,0,0,0,0,0,0,0,0,0,0,0,1,0,0,0,0,0,0,0,0,1,0
203280990,Tulsa,northern,,City Street,8,0.0,5.0,non_incapacitating_injury,2.0,0,0.0,2.0,0.0,HEAD-ON,HEAD-ON,36.26400622,-95.84171751,2020,2020-10-04,0.59,2,0,Y,       ,Y,N,1,Clear,Dark / Unlighted,1.0,18,0,No Roadway Departure,0,N,0.0,D,2.0,26.0,M,Y,3.0,Drinking - Ability Impaired,1.0,0,0,0,Improper Use of Lane,Improper Use of Lane,0,0,0,0,0,0,0,0,0,0,0,0,0,0,0,0,0,0,0,0,0,0,0,1,0,0,0,0,0,0,0,0,0,0,0,1,0
203281034,Tulsa,northern,US-169,US Route,0,76.0,0.0,incapacitating_injury,1.0,0,1.0,0.0,0.0,SIDESWIPE-OPP,SIDESWIPE-OPP,36.26845147,-95.84791001,2020,2020-10-10,20.31,2,0,N,       ,N,N,0,Clear,Dark / Unlighted,1.0,17,0,Crossover Median,1,N,0.0,D,20.0,33.0,F,Y,1.0,Apparently Normal,4.0,0,0,0,Left of Center,In Meeting,0,0,0,0,0,0,0,0,0,0,0,0,0,0,0,0,0,0,0,0,0,0,0,0,0,1,0,0,0,0,0,0,0,0,0,1,0
203281041,Tulsa,northern,US-169,US Route,0,72.0,0.0,property_damage,0.0,0,0.0,0.0,0.0,REAR-END,REAR-END,36.26018396,-95.84793787,2020,2020-10-19,6.16,2,0,N,       ,N,N,0,Rain,Dark / Unlighted,2.0,2,0,No Roadway Departure,0,N,2.0,D,2.0,21.0,M,Y,1.0,Apparently Normal,4.0,0,0,0,Failed to Stop,Other,0,0,0,0,0,0,0,0,0,0,0,0,0,0,1,0,0,0,0,0,0,0,0,0,0,0,0,0,0,0,0,0,0,0,1,1,0
203291278,Mayes,northern,US-412,Turnpike,0,0.0,0.0,property_damage,0.0,0,0.0,0.0,0.0,OTHER,OTHER,36.18589248,-95.16836512,2020,2020-07-11,6.34,1,0,N,       ,N,N,0,Clear,Dark / Unlighted,1.0,20,0,No Roadway Departure,0,N,9.0,D,9.0,21.0,F,Y,1.0,Unknown,99.0,0,0,0,Unsafe Speed,Inexperienced Driver - Young,0,0,0,0,0,0,0,0,0,0,0,0,0,0,0,0,0,0,0,0,0,0,0,0,0,0,0,0,0,0,0,1,0,0,0,1,0
203291330,Adair,southern,US-59,US Route,1,0.0,0.0,property_damage,0.0,0,0.0,0.0,0.0,ANGLE-TURNING,ANGLE-TURNING,35.99506064,-94.58398318,2020,2020-10-26,5.21,2,0,N,       ,N,N,0,Rain,Dark / Unlighted,2.0,7,0,Roadway Departure Left,0,N,0.0,D,2.0,60.0,F,Y,1.0,Apparently Normal,4.0,0,0,0,Improper Turn,In Front of Oncoming Traffic,0,0,0,0,0,0,0,0,0,0,0,0,0,0,0,0,0,0,0,0,0,0,1,0,0,0,0,0,0,0,0,0,0,0,1,1,0
203291884,Rogers,northern,,City Street,1,0.0,0.0,non_incapacitating_injury,1.0,0,0.0,1.0,0.0,F-O CULVERT,FIXED-OBJECT,36.3218383,-95.6087929,2020,2020-10-08,0.18,1,0,N,       ,Y,N,1,Cloudy,Dark / Unlighted,1.0,20,0,Roadway Departure Right,0,N,0.0,D,20.0,74.0,F,Y,3.0,Odor of Alcohol Beverage,1.0,1,0,0,Improper Turn,From Direct Course,0,0,0,0,0,0,0,0,0,0,0,0,0,0,0,0,0,0,0,0,0,0,1,0,0,0,0,0,0,0,0,0,0,0,0,1,0
203291893,Rogers,northern,SH-20,State Highway,1,0.0,0.0,property_damage,0.0,0,0.0,0.0,0.0,ANGLE-TURNING,ANGLE-TURNING,36.30738532,-95.6422258,2020,2020-10-29,7.4,2,0,N,       ,N,N,0,Rain,Dark / Unlighted,2.0,6,0,No Roadway Departure,0,N,0.0,D,20.0,38.0,F,Y,1.0,Apparently Normal,4.0,0,0,0,Other Improper Act/Movement,Other,0,0,0,0,0,0,0,0,0,0,0,0,0,0,0,0,0,0,0,0,0,0,0,0,0,0,0,0,1,0,0,0,0,0,1,1,0
203291912,Rogers,northern,I-44,Turnpike Interstate,1,20.0,0.0,non_incapacitating_injury,1.0,0,0.0,1.0,0.0,ANGLE-TURNING,ANGLE-TURNING,36.30737325,-95.5770667,2020,2020-10-06,6.47,2,0,N,       ,N,N,0,Clear,Dark / Unlighted,1.0,7,0,No Roadway Departure,0,N,0.0,D,20.0,65.0,F,Y,3.0,Apparently Normal,4.0,1,0,0,No Improper Action by Driver,No Improper Action by Driver,0,0,0,0,0,0,0,0,0,0,0,0,0,0,0,0,0,0,0,0,0,0,0,0,0,0,1,0,0,0,0,0,0,0,0,1,0
203291917,Rogers,northern,SH-20,State Highway,1,0.0,0.0,property_damage,0.0,0,0.0,0.0,0.0,SIDESWIPE-SAME,SIDESWIPE-SAME,36.30743536,-95.60599413,2020,2020-10-08,21.31,2,0,N,       ,N,N,0,Clear,Dark / Unlighted,1.0,16,0,No Roadway Departure,0,N,0.0,D,4.0,21.0,M,Y,1.0,Apparently Normal,4.0,0,0,0,No Improper Action by Driver,No Improper Action by Driver,0,0,0,0,0,0,0,0,0,0,0,0,0,0,0,0,0,0,0,0,0,0,0,0,0,0,1,0,0,0,0,0,0,0,0,1,0
203292279,Tulsa,northern,US-169,US Route,0,24.0,0.0,non_incapacitating_injury,1.0,0,0.0,1.0,1.0,RIGHT-ANGLE,RIGHT-ANGLE,36.2784572,-95.8478144,2020,2020-10-29,18.08,2,0,N,       ,N,N,0,Clear,Dark / Unlighted,1.0,1,0,No Roadway Departure,0,N,0.0,D,2.0,49.0,F,Y,1.0,Apparently Normal,4.0,0,0,0,Failed to Yield,From Stop Sign,0,0,0,0,0,0,0,0,0,0,0,0,0,0,0,1,0,0,0,0,0,0,0,0,0,0,0,0,0,0,0,0,0,0,0,1,0
203292283,Tulsa,northern,,City Street,7,1.0,0.0,incapacitating_injury,3.0,0,1.0,2.0,0.0,ANGLE-TURNING,ANGLE-TURNING,36.29275059,-95.8392412,2020,2020-10-26,18.05,2,0,N,       ,N,N,0,Rain,Dusk,2.0,7,0,No Roadway Departure,0,N,0.0,D,4.0,16.0,M,Y,3.0,Apparently Normal,4.0,0,1,0,Unsafe Speed,Rain or Wet Roadway,0,0,0,0,0,0,0,0,0,0,0,0,0,0,0,0,0,0,0,0,0,0,0,0,0,0,0,0,0,0,0,1,0,0,1,1,0
203300713,Tulsa,northern,US-169,US Route,0,0.0,0.0,property_damage,0.0,0,0.0,0.0,0.0,REAR-END,REAR-END,36.33485917,-95.82105916,2020,2020-11-08,19.05,2,0,N,       ,N,N,0,Clear,Dark / Unlighted,1.0,2,0,No Roadway Departure,0,N,0.0,D,2.0,18.0,M,Y,1.0,Apparently Normal,1.0,0,1,0,Followed too Closely,Human Element,0,0,0,0,0,0,0,0,0,0,0,0,0,0,0,0,1,0,0,0,0,0,0,0,0,0,0,0,0,0,0,0,0,0,0,1,0
203300736,Tulsa,northern,,City Street,1,0.0,0.0,possible_injury,0.0,0,0.0,0.0,1.0,ANGLE-TURNING,ANGLE-TURNING,36.3220824,-95.856839,2020,2020-11-10,17.33,2,0,N,       ,N,N,0,Clear,Dusk,1.0,7,0,No Roadway Departure,0,N,0.0,D,20.0,54.0,M,Y,1.0,Apparently Normal,4.0,0,0,0,Failed to Yield,To Vehicle in Intersection,0,0,0,0,0,0,0,0,0,0,0,0,0,0,0,1,0,0,0,0,0,0,0,0,0,0,0,0,0,0,0,0,0,0,0,1,0
203380925,Sequoyah,southern,US-64,US Route,1,0.0,0.0,property_damage,0.0,0,0.0,0.0,0.0,OTHER,OTHER,35.40535029,-94.55911613,2020,2020-11-22,18.02,3,0,N,       ,N,N,0,Clear,Dark / Unlighted,1.0,33,0,No Roadway Departure,0,N,0.0,D,4.0,44.0,M,Y,1.0,Apparently Normal,4.0,0,0,0,No Improper Action by Driver,No Improper Action by Driver,0,0,0,0,0,0,0,0,0,0,0,0,0,0,0,0,0,0,0,0,0,0,0,0,0,0,1,0,0,0,0,0,0,0,0,1,0
203390911,Muskogee,southern,US-62,US Route,0,0.0,0.0,property_damage,0.0,0,0.0,0.0,0.0,REAR-END,REAR-END,35.77025298,-95.30581608,2020,2020-10-29,18.15,2,0,N,       ,N,N,0,Cloudy,Dusk,1.0,2,0,No Roadway Departure,0,N,0.0,D,20.0,21.0,M,Y,1.0,Apparently Normal,4.0,0,0,0,Followed too Closely,Human Element,0,0,0,0,0,0,0,0,0,0,0,0,0,0,0,0,1,0,0,0,0,0,0,0,0,0,0,0,0,0,0,0,0,0,0,1,0
203427505,Washington,northern,US-75,US Route,1,0.0,0.0,property_damage,0.0,0,0.0,0.0,0.0,ANGLE-TURNING,ANGLE-TURNING,36.70429717,-95.93514485,2020,2020-11-07,19.02,2,0,N,       ,N,N,0,Clear,Dark / Unlighted,1.0,12,0,No Roadway Departure,0,N,0.0,D,20.0,87.0,M,Y,1.0,Apparently Normal,4.0,1,0,0,Failed to Yield,From Stop Sign,0,0,0,0,0,0,0,0,0,0,0,0,0,0,0,1,0,0,0,0,0,0,0,0,0,0,0,0,0,0,0,0,0,0,0,1,0
203427508,Washington,northern,,City Street,8,0.0,0.0,possible_injury,0.0,0,0.0,0.0,3.0,F-O GUARDRL-FACE,FIXED-OBJECT,36.7570673,-95.95355223,2020,2020-11-06,19.04,1,0,N,       ,N,N,0,Clear,Dark / Unlighted,1.0,20,0,Roadway Departure Right,0,N,0.0,D,2.0,15.0,F,Y,2.0,Apparently Normal,4.0,0,1,0,Unsafe Speed,Exceeding Legal Limit,0,0,0,0,0,0,0,0,0,0,0,0,0,0,0,0,0,0,0,0,0,0,0,0,0,0,0,0,0,0,0,1,0,0,0,1,0
203427518,Craig,northern,US-60,US Route,1,0.0,0.0,incapacitating_injury,2.0,0,1.0,1.0,0.0,ANGLE-TURNING,ANGLE-TURNING,36.626866,-95.18884573,2020,2020-11-06,19.48,2,0,N,       ,N,N,0,Clear,Dark / Unlighted,1.0,7,0,No Roadway Departure,0,N,2.0,D,21.0,69.0,M,Y,1.0,Apparently Normal,1.0,1,0,0,Failed to Yield,From Yield Sign,0,0,0,0,0,0,0,0,0,0,0,0,0,0,0,1,0,0,0,0,0,0,0,0,0,0,0,0,0,0,0,0,0,0,0,1,0
203427536,Washington,northern,US-75,US Route,1,0.0,0.0,property_damage,0.0,0,0.0,0.0,0.0,SIDESWIPE-SAME,SIDESWIPE-SAME,36.72024777,-95.93517408,2020,2020-11-13,19.14,2,0,N,       ,N,N,0,Clear,Dark / Unlighted,1.0,16,0,No Roadway Departure,0,N,0.0,D,2.0,72.0,M,Y,1.0,Apparently Normal,4.0,1,0,0,Changed Lanes Unsafely,Changed Lanes Unsafely,0,0,0,0,0,0,1,0,0,0,0,0,0,0,0,0,0,0,0,0,0,0,0,0,0,0,0,0,0,0,0,0,0,0,0,1,0