crash_id,county,region,highway_name,highway_class,intersection_rel,special_feature_1,special_feature_2,severity_level,visual_injured_num,fatal_num,suspected_serious_injured_num,non_incapacitated_injured_num,possibly_injured_num,crash_type,main_crash_type,latitude,longitude,year,date,time,number_of_vehicles,number_of_commercial_vehicles,work_zone,railroad_crossing,alcohol,drug,Alcohol or Drug,weather_condition,lighting_condition,road_condition,manner_of_collision,pedestrians_num,roadway_departure,cross_centerline,hit_and_run,emergency_vehicle_use,unit_type,vehicle_type,age,sex,driver_of_vehicle,injury_severity,person_condition,restraint_use,older_driver,teen_driver,Sleepy/Ill/Dizzy Driver,unsafe_unlaw_category,unsafe_unlaw_desc,Abnormal Traffic Control,Alcohol-DUI/DWI,Animal in Roadway,Apparently Sleepy,Avoiding Other Vehicle,Avoiding Pedestrian,Changed Lanes Unsafely,Deer in Roadway,Defect in Roadway,Disregarded Warning Signal,Domestic Animal in Roadway,Drug-DUI,Failed to Secure Load,Failed to Signal,Failed to Stop,Failed to Yield,Followed too Closely,Improper Backing,Improper Bicyclist Action,Improper Overtaking,Improper Parking,Improper Start From,Improper Turn,Improper Use of Lane,Distraction,Left of Center,No Improper Action by Driver,Object/Debris in Roadway,Other Improper Act/Movement,Pedestrian Action,Stopped in Traffic Lane,Speeding,Unsafe Vehicle,Wrong Way,Bad Weather,Bad Lighting,Bad Road Condition
300298145,Tulsa,tulsa,,City Street,7,0.0,0.0,property_damage,0.0,0,0.0,0.0,0.0,F-O POLE-OTHER,FIXED-OBJECT,36.17680329,-95.9157363,2017,2017-02-26,0.2,1,0,N,       ,N,N,0,Clear,Dark / Unlighted,1.0,20,0,Roadway Departure Right,0,Y,0.0,D,20.0,0.0,M,Y,1.0,Unknown,99.0,0,0,0,Unsafe Speed,Other,0,0,0,0,0,0,0,0,0,0,0,0,0,0,0,0,0,0,0,0,0,0,0,0,0,0,0,0,0,0,0,1,0,0,0,1,0
300298155,Tulsa,tulsa,SH-11,State Highway,1,20.0,0.0,possible_injury,0.0,0,0.0,0.0,1.0,RIGHT-ANGLE,RIGHT-ANGLE,36.1748748,-95.884972,2017,2017-02-24,19.4,2,0,N,       ,N,N,0,Clear,Dark / Unlighted,1.0,1,0,No Roadway Departure,0,Y,2.0,D,2.0,38.0,M,Y,1.0,Apparently Normal,99.0,0,0,0,Failed to Stop,For Traffic Signal,0,0,0,0,0,0,0,0,0,0,0,0,0,0,1,0,0,0,0,0,0,0,0,0,0,0,0,0,0,0,0,0,0,0,0,1,0
300298221,Mayes,northern,,County Road,1,0.0,0.0,property_damage,0.0,0,0.0,0.0,0.0,RIGHT-ANGLE,RIGHT-ANGLE,36.2785,-95.3818,2017,2017-02-26,18.18,2,0,N,       ,N,N,0,Cloudy,Dusk,1.0,1,0,Roadway Departure Right,0,N,0.0,D,4.0,77.0,M,Y,1.0,Apparently Normal,4.0,1,0,0,Failed to Yield,From Stop Sign,0,0,0,0,0,0,0,0,0,0,0,0,0,0,0,1,0,0,0,0,0,0,0,0,0,0,0,0,0,0,0,0,0,0,0,1,0
300298247,Tulsa,northern,US-75,US Route,1,0.0,0.0,property_damage,0.0,0,0.0,0.0,0.0,RIGHT-ANGLE,RIGHT-ANGLE,36.3071326,-95.9237758,2017,2017-02-14,18.17,2,0,N,       ,N,N,0,Rain,Dark / Unlighted,2.0,1,0,No Roadway Departure,0,N,0.0,D,2.0,81.0,M,Y,1.0,Apparently Normal,4.0,1,0,0,Failed to Yield,From Stop Sign,0,0,0,0,0,0,0,0,0,0,0,0,0,0,0,1,0,0,0,0,0,0,0,0,0,0,0,0,0,0,0,0,0,0,1,1,0
300298262,Craig,northern,I-44,Turnpike Interstate,0,0.0,0.0,non_incapacitating_injury,1.0,0,0.0,1.0,0.0,F-O DITCH,FIXED-OBJECT,36.5493648,-95.2264552,2017,2017-02-28,6.44,1,0,N,       ,N,N,0,Cloudy,Dawn,1.0,20,0,Roadway Departure Right,0,N,0.0,D,4.0,19.0,M,Y,3.0,Sleepy,4.0,0,1,1,Apparently Sleepy,Apparently Sleepy,0,0,0,1,0,0,0,0,0,0,0,0,0,0,0,0,0,0,0,0,0,0,0,0,0,0,0,0,0,0,0,0,0,0,0,1,0
300298281,Cherokee,southern,,County Road,0,0.0,0.0,property_damage,0.0,0,0.0,0.0,0.0,F-O TREE,FIXED-OBJECT,35.9115,-94.9098,2017,2017-02-22,20.0,1,0,N,       ,N,N,0,Clear,Dark / Unlighted,1.0,20,0,Roadway Departure Right,0,N,0.0,D,23.0,54.0,M,Y,1.0,Apparently Normal,4.0,0,0,0,Unsafe Speed,On Curve/Turn,0,0,0,0,0,0,0,0,0,0,0,0,0,0,0,0,0,0,0,0,0,0,0,0,0,0,0,0,0,0,0,1,0,0,0,1,0
300298321,Mayes,northern,,County Road,0,0.0,0.0,non_incapacitating_injury,2.0,0,0.0,2.0,0.0,ROLLOVER,ROLLOVER,36.4228,-95.1308,2017,2017-02-26,18.59,1,0,N,       ,N,N,0,Cloudy,Dark / Unlighted,1.0,20,0,Roadway Departure Right,0,N,0.0,D,20.0,70.0,M,Y,3.0,Apparently Normal,4.0,1,0,0,Unsafe Speed,On Curve/Turn,0,0,0,0,0,0,0,0,0,0,0,0,0,0,0,0,0,0,0,0,0,0,0,0,0,0,0,0,0,0,0,1,0,0,0,1,0
300298440,Muskogee,southern,US-62,US Route,0,1.0,0.0,non_incapacitating_injury,1.0,0,0.0,1.0,0.0,REAR-END,REAR-END,35.7982636,-95.1386363,2017,2017-02-02,16.55,2,0,N,       ,N,N,0,Clear,Dusk,1.0,5,0,Roadway Departure Right,0,N,0.0,D,2.0,23.0,F,Y,3.0,Apparently Normal,4.0,0,0,0,Improper Turn,To Enter Private Drive,0,0,0,0,0,0,0,0,0,0,0,0,0,0,0,0,0,0,0,0,0,0,1,0,0,0,0,0,0,0,0,0,0,0,0,1,0
300298510,Mayes,northern,,County Road,1,0.0,0.0,property_damage,0.0,0,0.0,0.0,0.0,RIGHT-ANGLE,RIGHT-ANGLE,36.2785,-95.3818,2017,2017-02-27,18.18,2,0,N,       ,N,N,0,Cloudy,Dusk,1.0,1,0,Roadway Departure Right,0,N,0.0,D,4.0,77.0,M,Y,1.0,Apparently Normal,4.0,1,0,0,Failed to Yield,From Stop Sign,0,0,0,0,0,0,0,0,0,0,0,0,0,0,0,1,0,0,0,0,0,0,0,0,0,0,0,0,0,0,0,0,0,0,0,1,0
300298542,Tulsa,tulsa,,City Street,1,0.0,0.0,possible_injury,0.0,0,0.0,0.0,1.0,ANGLE-TURNING,ANGLE-TURNING,36.1770769,-95.8972204,2017,2017-03-02,17.07,2,0,N,       ,N,N,0,Clear,Dusk,1.0,6,0,No Roadway Departure,0,N,0.0,D,2.0,27.0,F,Y,2.0,Apparently Normal,4.0,0,0,0,Improper Turn,Left,0,0,0,0,0,0,0,0,0,0,0,0,0,0,0,0,0,0,0,0,0,0,1,0,0,0,0,0,0,0,0,0,0,0,0,1,0
300298606,Mayes,northern,SH-28,State Highway,0,0.0,0.0,non_incapacitating_injury,1.0,0,0.0,1.0,0.0,F-O FENCE,FIXED-OBJECT,36.4378247,-95.3209882,2017,2017-03-02,6.4,1,0,N,       ,N,Y,1,Clear,Dark / Unlighted,1.0,20,0,Roadway Departure Right,0,N,0.0,D,4.0,31.0,M,Y,3.0,Under the Influence of Medication,4.0,0,0,0,Drug-DUI,Drug-DUI,0,0,0,0,0,0,0,0,0,0,0,1,0,0,0,0,0,0,0,0,0,0,0,0,0,0,0,0,0,0,0,0,0,0,0,1,0
300298608,Delaware,northern,SH-20,State Highway,0,0.0,0.0,non_incapacitating_injury,1.0,0,0.0,1.0,0.0,ROLLOVER,ROLLOVER,36.4899538,-94.6190207,2017,2017-02-24,4.41,1,0,N,       ,N,N,0,Clear,Dark / Unlighted,1.0,20,0,Roadway Departure Right,0,N,0.0,D,2.0,39.0,M,Y,3.0,Apparently Normal,4.0,0,0,0,Unsafe Speed,On Curve/Turn,0,0,0,0,0,0,0,0,0,0,0,0,0,0,0,0,0,0,0,0,0,0,0,0,0,0,0,0,0,0,0,1,0,0,0,1,0
300298622,Sequoyah,southern,US-59,US Route,1,0.0,0.0,non_incapacitating_injury,1.0,0,0.0,1.0,1.0,RIGHT-ANGLE,RIGHT-ANGLE,35.5066165,-94.7726869,2017,2017-03-03,20.23,2,0,N,       ,N,N,0,Clear,Dark / Unlighted,1.0,1,0,No Roadway Departure,0,N,0.0,D,4.0,34.0,M,Y,1.0,Apparently Normal,1.0,0,0,0,Failed to Yield,From Stop Sign,0,0,0,0,0,0,0,0,0,0,0,0,0,0,0,1,0,0,0,0,0,0,0,0,0,0,0,0,0,0,0,0,0,0,0,1,0
300298801,Tulsa,northern,,County Road,0,0.0,0.0,incapacitating_injury,1.0,0,1.0,0.0,0.0,F-O CULVERT,FIXED-OBJECT,36.3402,-95.9734,2017,2017-02-24,16.58,1,0,N,       ,N,N,0,Clear,Dark / Unlighted,1.0,19,0,Roadway Departure Left,0,N,0.0,D,15.0,34.0,M,Y,4.0,Unknown,99.0,0,0,0,Unsafe Speed,On Curve/Turn,0,0,0,0,0,0,0,0,0,0,0,0,0,0,0,0,0,0,0,0,0,0,0,0,0,0,0,0,0,0,0,1,0,0,0,1,0
300298802,Delaware,northern,,County Road,0,0.0,0.0,property_damage,0.0,0,0.0,0.0,0.0,F-O TREE,FIXED-OBJECT,36.6675,-94.9453,2017,2017-02-28,20.31,1,0,N,       ,N,N,0,Clear,Dark / Unlighted,1.0,20,0,Roadway Departure Right,0,N,0.0,D,4.0,23.0,M,Y,1.0,Apparently Normal,4.0,0,0,0,Deer in Roadway,Deer in Roadway,0,0,0,0,0,0,0,1,0,0,0,0,0,0,0,0,0,0,0,0,0,0,0,0,0,0,0,0,0,0,0,0,0,0,0,1,0
300298809,Craig,northern,SH-82,State Highway,0,0.0,0.0,property_damage,0.0,0,0.0,0.0,0.0,OTHER,OTHER,36.5376737,-95.0595984,2017,2017-03-03,20.57,2,0,N,       ,N,N,0,Clear,Dark / Unlighted,1.0,35,0,No Roadway Departure,0,N,0.0,D,4.0,52.0,F,Y,1.0,Apparently Normal,4.0,0,0,0,Failed to Yield,To Emergency Vehicles,0,0,0,0,0,0,0,0,0,0,0,0,0,0,0,1,0,0,0,0,0,0,0,0,0,0,0,0,0,0,0,0,0,0,0,1,0
300298811,Mayes,northern,,County Road,0,0.0,0.0,property_damage,0.0,0,0.0,0.0,0.0,F-O UTIL-POLE,FIXED-OBJECT,36.1186,-95.3056,2017,2017-03-04,22.31,1,0,N,       ,N,N,0,Clear,Dark / Unlighted,1.0,19,0,Roadway Departure Left,0,N,0.0,D,4.0,35.0,M,Y,1.0,Under the Influence of Medication,4.0,0,0,0,Unsafe Speed,For Type of Roadway (Pavement Surface),0,0,0,0,0,0,0,0,0,0,0,0,0,0,0,0,0,0,0,0,0,0,0,0,0,0,0,0,0,0,0,1,0,0,0,1,0
300298825,Delaware,northern,SH-10,State Highway,0,1.0,0.0,property_damage,0.0,0,0.0,0.0,0.0,REAR-END,REAR-END,36.6052336,-94.7114128,2017,2017-03-01,18.58,2,1,N,       ,N,N,0,Clear,Dark / Unlighted,1.0,5,0,No Roadway Departure,0,N,0.0,D,2.0,34.0,F,Y,1.0,Apparently Normal,4.0,0,0,0,Unsafe Speed,View Obstruction,0,0,0,0,0,0,0,0,0,0,0,0,0,0,0,0,0,0,0,0,0,0,0,0,0,0,0,0,0,0,0,1,0,0,0,1,0
300298827,Delaware,northern,US-59,US Route,0,72.0,0.0,possible_injury,0.0,0,0.0,0.0,1.0,F-O TRAFF-SIGN,FIXED-OBJECT,36.5434946,-94.7734516,2017,2017-03-04,1.02,1,0,N,       ,Y,N,1,Clear,Dark / Unlighted,1.0,19,0,Roadway Departure Left,0,N,0.0,D,2.0,24.0,M,Y,2.0,Drinking - Ability Impaired,4.0,0,0,0,Alcohol-DUI/DWI,Alcohol-DUI/DWI,0,1,0,0,0,0,0,0,0,0,0,0,0,0,0,0,0,0,0,0,0,0,0,0,0,0,0,0,0,0,0,0,0,0,0,1,0
300298836,Tulsa,tulsa,I-244,Interstate,0,32.0,0.0,possible_injury,0.0,0,0.0,0.0,2.0,F-O TRAFF-SIGN,FIXED-OBJECT,36.1619719,-95.8808287,2017,2017-02-04,1.29,1,0,N,       ,N,N,0,Clear,Dark / Unlighted,1.0,19,0,Roadway Departure Left,0,N,0.0,D,2.0,47.0,F,Y,1.0,Apparently Normal,4.0,0,0,0,Improper Use of Lane,Improper Use of Lane,0,0,0,0,0,0,0,0,0,0,0,0,0,0,0,0,0,0,0,0,0,0,0,1,0,0,0,0,0,0,0,0,0,0,0,1,0
300298844,Tulsa,northern,,City Street,7,0.0,0.0,possible_injury,0.0,0,0.0,0.0,2.0,ROLLOVER,ROLLOVER,36.24924639,-95.9934595,2017,2017-02-20,2.5,1,0,N,       ,N,N,0,Rain,Dark / Unlighted,2.0,20,0,Roadway Departure Right,0,N,0.0,D,4.0,44.0,M,Y,2.0,Apparently Normal,4.0,0,0,0,No Improper Action by Driver,No Improper Action by Driver,0,0,0,0,0,0,0,0,0,0,0,0,0,0,0,0,0,0,0,0,0,0,0,0,0,0,1,0,0,0,0,0,0,0,1,1,0
300299195,Sequoyah,southern,I-40,Interstate,0,0.0,0.0,property_damage,0.0,0,0.0,0.0,0.0,F-O BARR-CABLE,FIXED-OBJECT,35.4928034,-95.010236,2017,2017-03-05,17.09,1,0,N,       ,N,N,0,Cloudy,Dusk,1.0,19,0,Roadway Departure Left,1,N,0.0,D,20.0,82.0,M,Y,1.0,Sleepy,4.0,1,0,1,Apparently Sleepy,Apparently Sleepy,0,0,0,1,0,0,0,0,0,0,0,0,0,0,0,0,0,0,0,0,0,0,0,0,0,0,0,0,0,0,0,0,0,0,0,1,0
300299289,Rogers,northern,,County Road,0,0.0,0.0,property_damage,0.0,0,0.0,0.0,0.0,ANIMAL,ANIMAL,36.4039,-95.7763,2017,2017-02-22,19.56,1,0,N,       ,N,N,0,Clear,Dark / Unlighted,1.0,34,0,No Roadway Departure,0,N,0.0,D,20.0,56.0,F,Y,1.0,Apparently Normal,4.0,0,0,0,No Improper Action by Driver,No Improper Action by Driver,0,0,0,0,0,0,0,0,0,0,0,0,0,0,0,0,0,0,0,0,0,0,0,0,0,0,1,0,0,0,0,0,0,0,0,1,0
300299291,Rogers,northern,SH-66,State Highway,1,0.0,0.0,property_damage,0.0,0,0.0,0.0,0.0,F-O CULVERT,FIXED-OBJECT,36.4360356,-95.5194823,2017,2017-02-21,18.22,1,0,N,       ,N,Y,1,Clear,Dusk,1.0,19,0,Roadway Departure Left,0,N,0.0,D,2.0,30.0,M,Y,1.0,Illigal Drugs,4.0,0,0,0,Drug-DUI,Drug-DUI,0,0,0,0,0,0,0,0,0,0,0,1,0,0,0,0,0,0,0,0,0,0,0,0,0,0,0,0,0,0,0,0,0,0,0,1,0
300299292,Rogers,northern,SH-266,State Highway,0,,,property_damage,0.0,0,0.0,0.0,0.0,REAR-END,REAR-END,36.2252644,-95.810106,2017,2017-03-03,5.35,3,0,Y,       ,N,N,0,Cloudy,Dark / Unlighted,1.0,4,0,No Roadway Departure,0,N,0.0,D,4.0,30.0,M,Y,1.0,Apparently Normal,4.0,0,0,0,No Improper Action by Driver,No Improper Action by Driver,0,0,0,0,0,0,0,0,0,0,0,0,0,0,0,0,0,0,0,0,0,0,0,0,0,0,1,0,0,0,0,0,0,0,0,1,0
300299331,Washington,northern,,County Road,0,0.0,0.0,non_incapacitating_injury,1.0,0,0.0,1.0,0.0,F-O GUARDRL-FACE,FIXED-OBJECT,36.8442,-95.8138,2017,2017-03-02,19.16,1,0,N,       ,Y,N,1,Clear,Dark / Unlighted,1.0,20,0,Roadway Departure Right,0,N,0.0,D,2.0,24.0,M,Y,3.0,Drinking - Ability Impaired,4.0,0,0,0,Alcohol-DUI/DWI,Alcohol-DUI/DWI,0,1,0,0,0,0,0,0,0,0,0,0,0,0,0,0,0,0,0,0,0,0,0,0,0,0,0,0,0,0,0,0,0,0,0,1,0
300299336,Nowata,northern,SH-28,State Highway,1,0.0,0.0,possible_injury,0.0,0,0.0,0.0,1.0,F-O FENCE,FIXED-OBJECT,36.7716455,-95.5410453,2017,2017-02-25,23.03,1,0,N,       ,N,N,0,Clear,Dark / Unlighted,1.0,20,0,Roadway Departure Left,0,N,0.0,D,21.0,39.0,M,Y,1.0,Apparently Normal,4.0,0,0,0,Unsafe Speed,On Curve/Turn,0,0,0,0,0,0,0,0,0,0,0,0,0,0,0,0,0,0,0,0,0,0,0,0,0,0,0,0,0,0,0,1,0,0,0,1,0
300299338,Delaware,northern,,County Road,0,0.0,0.0,property_damage,0.0,0,0.0,0.0,0.0,OTHER,OTHER,36.6531,-94.8521,2017,2017-03-02,17.31,2,0,N,       ,N,N,0,Clear,Dusk,1.0,35,0,No Roadway Departure,0,N,0.0,D,2.0,50.0,F,Y,1.0,Apparently Normal,4.0,0,0,0,Inattention,Distraction from Outside Vehicle,0,0,0,0,0,0,0,0,0,0,0,0,0,0,0,0,0,0,0,0,0,0,0,0,1,0,0,0,0,0,0,0,0,0,0,1,0
300299339,Ottawa,northern,US-59,US Route,0,0.0,0.0,possible_injury,0.0,0,0.0,0.0,1.0,F-O TREE,FIXED-OBJECT,36.8591533,-94.9294513,2017,2017-03-03,4.21,1,0,N,       ,N,N,0,Clear,Dark / Unlighted,1.0,20,0,Roadway Departure Right,0,N,0.0,D,20.0,34.0,F,Y,2.0,Apparently Normal,4.0,0,0,0,Unsafe Speed,Other,0,0,0,0,0,0,0,0,0,0,0,0,0,0,0,0,0,0,0,0,0,0,0,0,0,0,0,0,0,0,0,1,0,0,0,1,0
300299446,Rogers,northern,I-44,Interstate,0,0.0,0.0,property_damage,0.0,0,0.0,0.0,0.0,F-O BARR-CABLE,FIXED-OBJECT,36.1626369,-95.7560346,2017,2017-02-22,23.55,1,1,N,       ,N,N,0,Cloudy,Dark / Unlighted,1.0,19,0,Roadway Departure Left,0,N,0.0,D,10.0,24.0,M,Y,1.0,Apparently Normal,4.0,0,0,0,Unsafe Vehicle,Tires,0,0,0,0,0,0,0,0,0,0,0,0,0,0,0,0,0,0,0,0,0,0,0,0,0,0,0,0,0,0,0,0,1,0,0,1,0
300299450,Wagoner,southern,,County Road,0,0.0,0.0,non_incapacitating_injury,1.0,0,0.0,1.0,0.0,PEDESTRIAN,PEDESTRIAN,36.1622,-95.6763,2017,2017-02-19,6.1,1,0,N,       ,N,N,0,Fog/Smoke,Dark / Unlighted,1.0,21,1,No Roadway Departure,0,N,0.0,D,4.0,59.0,M,Y,1.0,Apparently Normal,4.0,0,0,0,No Improper Action by Driver,No Improper Action by Driver,0,0,0,0,0,0,0,0,0,0,0,0,0,0,0,0,0,0,0,0,0,0,0,0,0,0,1,0,0,0,0,0,0,0,1,1,0
300299613,Delaware,northern,,County Road,0,0.0,0.0,incapacitating_injury,1.0,0,1.0,0.0,0.0,F-O TREE,FIXED-OBJECT,36.2133,-94.6369,2017,2017-02-28,20.09,1,0,N,       ,N,N,0,Cloudy,Dark / Unlighted,1.0,19,0,Roadway Departure Left,0,N,0.0,D,4.0,21.0,M,Y,4.0,Apparently Normal,1.0,0,0,0,Unsafe Speed,On Curve/Turn,0,0,0,0,0,0,0,0,0,0,0,0,0,0,0,0,0,0,0,0,0,0,0,0,0,0,0,0,0,0,0,1,0,0,0,1,0
300299692,Tulsa,tulsa,,City Street,8,0.0,0.0,property_damage,0.0,0,0.0,0.0,0.0,OTHER,OTHER,36.162606,-95.95184893,2017,2017-03-10,0.0,2,0,N,       ,N,N,0,Clear,Dark / Unlighted,1.0,35,0,No Roadway Departure,0,Y,2.0,D,2.0,0.0,9,Y,1.0,Unknown,99.0,0,0,0,Improper Backing,Improper Backing,0,0,0,0,0,0,0,0,0,0,0,0,0,0,0,0,0,1,0,0,0,0,0,0,0,0,0,0,0,0,0,0,0,0,0,1,0
300299731,Sequoyah,southern,US-64,US Route,1,21.0,0.0,property_damage,0.0,0,0.0,0.0,0.0,SIDESWIPE-SAME,SIDESWIPE-SAME,35.4024773,-94.4484017,2017,2017-03-10,22.51,2,0,N,       ,N,N,0,Cloudy,Dark / Unlighted,1.0,16,0,No Roadway Departure,0,N,0.0,D,20.0,44.0,M,Y,1.0,Apparently Normal,4.0,0,0,0,Stopped in Traffic Lane,Stopped in Traffic Lane,0,0,0,0,0,0,0,0,0,0,0,0,0,0,0,0,0,0,0,0,0,0,0,0,0,0,0,0,0,0,1,0,0,0,0,1,0
300299748,Cherokee,southern,,County Road,0,0.0,0.0,possible_injury,0.0,0,0.0,0.0,1.0,F-O CULVERT,FIXED-OBJECT,35.941,-94.8583,2017,2017-03-03,0.44,1,0,N,       ,Y,N,1,Clear,Dark / Unlighted,1.0,20,0,Roadway Departure Right,0,N,0.0,D,15.0,53.0,M,Y,2.0,Drinking - Ability Impaired,1.0,0,0,0,Alcohol-DUI/DWI,Alcohol-DUI/DWI,0,1,0,0,0,0,0,0,0,0,0,0,0,0,0,0,0,0,0,0,0,0,0,0,0,0,0,0,0,0,0,0,0,0,0,1,0
300299818,Tulsa,northern,US-75,US Route,0,30.0,0.0,property_damage,0.0,0,0.0,0.0,0.0,OTH-BACKING,OTH-BACKING,36.3694198,-95.9205292,2017,2017-02-26,5.04,2,2,N,       ,N,N,0,Clear,Dark / Unlighted,1.0,27,0,No Roadway Departure,0,N,0.0,D,10.0,44.0,M,Y,1.0,Apparently Normal,4.0,0,0,0,Improper Backing,Improper Backing,0,0,0,0,0,0,0,0,0,0,0,0,0,0,0,0,0,1,0,0,0,0,0,0,0,0,0,0,0,0,0,0,0,0,0,1,0
300299821,Rogers,northern,,County Road,0,0.0,0.0,property_damage,0.0,0,0.0,0.0,0.0,ANIMAL,ANIMAL,36.257,-95.6149,2017,2017-03-03,0.38,1,0,N,       ,N,N,0,Clear,Dark / Unlighted,0.0,34,0,Roadway Departure Left,0,N,0.0,A,0.0,0.0,,N,0.0,,0.0,0,0,0,Deer in Roadway,Deer in Roadway,0,0,0,0,0,0,0,1,0,0,0,0,0,0,0,0,0,0,0,0,0,0,0,0,0,0,0,0,0,0,0,0,0,0,0,1,0
300299827,Rogers,northern,US-412,US Route,0,0.0,0.0,property_damage,0.0,0,0.0,0.0,0.0,REAR-END,REAR-END,36.1622669,-95.7079543,2017,2017-03-03,6.17,2,0,N,       ,N,N,0,Clear,Dark / Unlighted,1.0,3,0,Roadway Departure Right,0,N,0.0,D,20.0,40.0,M,Y,1.0,Apparently Normal,4.0,0,0,0,Other Improper Act/Movement,Other,0,0,0,0,0,0,0,0,0,0,0,0,0,0,0,0,0,0,0,0,0,0,0,0,0,0,0,0,1,0,0,0,0,0,0,1,0
300299855,Rogers,northern,I-44,Turnpike Interstate,0,31.0,0.0,property_damage,0.0,0,0.0,0.0,0.0,F-O BARR-CABLE,FIXED-OBJECT,36.1708155,-95.7319624,2017,2017-03-11,7.12,1,0,N,       ,N,N,0,Rain,Dawn,2.0,19,0,Roadway Departure Left,0,N,0.0,D,2.0,44.0,M,Y,1.0,Apparently Normal,4.0,0,0,0,Unsafe Speed,Rain or Wet Roadway,0,0,0,0,0,0,0,0,0,0,0,0,0,0,0,0,0,0,0,0,0,0,0,0,0,0,0,0,0,0,0,1,0,0,1,1,0
300299861,Cherokee,southern,,County Road,0,76.0,0.0,non_incapacitating_injury,1.0,0,0.0,1.0,0.0,F-O TREE,FIXED-OBJECT,35.9779,-94.9519,2017,2017-03-05,6.25,1,0,N,       ,N,N,0,Cloudy,Dark / Unlighted,1.0,19,0,Roadway Departure Left,1,N,0.0,D,1.0,19.0,M,Y,3.0,Sleepy,4.0,0,1,1,Apparently Sleepy,Apparently Sleepy,0,0,0,1,0,0,0,0,0,0,0,0,0,0,0,0,0,0,0,0,0,0,0,0,0,0,0,0,0,0,0,0,0,0,0,1,0
300299880,Cherokee,southern,,County Road,0,0.0,0.0,property_damage,0.0,0,0.0,0.0,0.0,F-O FENCE,FIXED-OBJECT,35.8417,-94.9842,2017,2017-03-08,19.22,1,0,N,       ,N,N,0,Clear,Dark / Unlighted,1.0,19,0,Roadway Departure Left,0,N,0.0,D,2.0,24.0,M,Y,1.0,Apparently Normal,4.0,0,0,0,Unsafe Speed,On Curve/Turn,0,0,0,0,0,0,0,0,0,0,0,0,0,0,0,0,0,0,0,0,0,0,0,0,0,0,0,0,0,0,0,1,0,0,0,1,0
300299888,Cherokee,southern,,County Road,0,76.0,0.0,non_incapacitating_injury,1.0,0,0.0,1.0,0.0,F-O TREE,FIXED-OBJECT,35.819,-95.1806,2017,2017-03-11,18.29,1,0,N,       ,N,N,0,Rain,Dark / Unlighted,2.0,19,0,Roadway Departure Left,1,N,0.0,D,4.0,60.0,M,Y,3.0,Sleepy,4.0,0,0,1,Inattention,Other Distraction Inside Vehicle,0,0,0,0,0,0,0,0,0,0,0,0,0,0,0,0,0,0,0,0,0,0,0,0,1,0,0,0,0,0,0,0,0,0,1,1,0
300299890,Cherokee,southern,SH-82,State Highway,0,76.0,0.0,property_damage,0.0,0,0.0,0.0,0.0,F-O FENCE,FIXED-OBJECT,35.9960251,-95.0173829,2017,2017-03-07,5.5,2,0,N,       ,N,N,0,Clear,Dark / Unlighted,2.0,19,0,Roadway Departure Right,1,N,0.0,D,20.0,20.0,M,Y,1.0,Sleepy,4.0,0,0,1,Inattention,Other Distraction Inside Vehicle,0,0,0,0,0,0,0,0,0,0,0,0,0,0,0,0,0,0,0,0,0,0,0,0,1,0,0,0,0,0,0,0,0,0,0,1,0
300299897,Craig,northern,,County Road,0,0.0,0.0,incapacitating_injury,1.0,0,1.0,0.0,0.0,F-O TREE,FIXED-OBJECT,36.5973,-95.1668,2017,2017-03-10,23.55,1,0,N,       ,N,N,0,Clear,Dark / Unlighted,1.0,19,0,Roadway Departure Left,0,N,0.0,D,4.0,30.0,M,Y,4.0,Apparently Normal,1.0,0,0,0,Unsafe Speed,On Curve/Turn,0,0,0,0,0,0,0,0,0,0,0,0,0,0,0,0,0,0,0,0,0,0,0,0,0,0,0,0,0,0,0,1,0,0,0,1,0
300299899,Sequoyah,southern,,County Road,0,76.0,0.0,property_damage,0.0,0,0.0,0.0,0.0,F-O TREE,FIXED-OBJECT,35.6062,-94.9409,2017,2017-03-12,1.5,1,0,N,       ,N,N,0,Clear,Dark / Unlighted,2.0,19,0,Roadway Departure Left,0,N,0.0,D,20.0,19.0,M,Y,1.0,Apparently Normal,4.0,0,1,0,Unsafe Speed,On Curve/Turn,0,0,0,0,0,0,0,0,0,0,0,0,0,0,0,0,0,0,0,0,0,0,0,0,0,0,0,0,0,0,0,1,0,0,0,1,0
300300011,Tulsa,tulsa,,City Street,1,0.0,5.0,property_damage,0.0,0,0.0,0.0,0.0,ANGLE-TURNING,ANGLE-TURNING,36.1915932,-95.9045818,2017,2017-03-13,7.4,2,0,Y,       ,N,N,0,Cloudy,Dawn,1.0,7,0,No Roadway Departure,0,N,0.0,D,20.0,36.0,F,Y,1.0,Apparently Normal,4.0,0,0,0,Improper Turn,Left,0,0,0,0,0,0,0,0,0,0,0,0,0,0,0,0,0,0,0,0,0,0,1,0,0,0,0,0,0,0,0,0,0,0,0,1,0
300300335,Mayes,northern,US-412,Turnpike,0,0.0,0.0,property_damage,0.0,0,0.0,0.0,0.0,ANIMAL,ANIMAL,36.1879086,-95.1524228,2017,2017-03-14,5.44,1,0,N,       ,N,N,0,Cloudy,Dark / Unlighted,1.0,34,0,No Roadway Departure,0,N,0.0,D,2.0,28.0,M,Y,1.0,Apparently Normal,4.0,0,0,0,Deer in Roadway,Deer in Roadway,0,0,0,0,0,0,0,1,0,0,0,0,0,0,0,0,0,0,0,0,0,0,0,0,0,0,0,0,0,0,0,0,0,0,0,1,0