crash_id,county,region,highway_name,highway_class,intersection_rel,special_feature_1,special_feature_2,severity_level,visual_injured_num,fatal_num,suspected_serious_injured_num,non_incapacitated_injured_num,possibly_injured_num,crash_type,main_crash_type,latitude,longitude,year,date,time,number_of_vehicles,number_of_commercial_vehicles,work_zone,railroad_crossing,alcohol,drug,Alcohol or Drug,weather_condition,lighting_condition,road_condition,manner_of_collision,pedestrians_num,roadway_departure,cross_centerline,hit_and_run,emergency_vehicle_use,unit_type,vehicle_type,age,sex,driver_of_vehicle,injury_severity,person_condition,restraint_use,older_driver,teen_driver,Sleepy/Ill/Dizzy Driver,unsafe_unlaw_category,unsafe_unlaw_desc,Abnormal Traffic Control,Alcohol-DUI/DWI,Animal in Roadway,Apparently Sleepy,Avoiding Other Vehicle,Avoiding Pedestrian,Changed Lanes Unsafely,Deer in Roadway,Defect in Roadway,Disregarded Warning Signal,Domestic Animal in Roadway,Drug-DUI,Failed to Secure Load,Failed to Signal,Failed to Stop,Failed to Yield,Followed too Closely,Improper Backing,Improper Bicyclist Action,Improper Overtaking,Improper Parking,Improper Start From,Improper Turn,Improper Use of Lane,Distraction,Left of Center,No Improper Action by Driver,Object/Debris in Roadway,Other Improper Act/Movement,Pedestrian Action,Stopped in Traffic Lane,Speeding,Unsafe Vehicle,Wrong Way,Bad Weather,Bad Lighting,Bad Road Condition
300341302,Mayes,northern,US412A,US Route,0,0.0,0.0,property_damage,0.0,0,0.0,0.0,0.0,F-O TREE,FIXED-OBJECT,36.2041884,-95.1299424,2017,2017-12-17,4.39,1,0,N,       ,N,N,0,Rain,Dark / Unlighted,2.0,20,0,Roadway Departure Right,0,N,0.0,D,2.0,25.0,M,Y,1.0,Apparently Normal,4.0,0,0,0,Inattention,Other Distraction Inside Vehicle,0,0,0,0,0,0,0,0,0,0,0,0,0,0,0,0,0,0,0,0,0,0,0,0,1,0,0,0,0,0,0,0,0,0,1,1,0
300341318,Delaware,northern,,County Road,0,0.0,0.0,non_incapacitating_injury,1.0,0,0.0,1.0,0.0,F-O CULVERT,FIXED-OBJECT,36.5105,-94.8628,2017,2017-12-20,18.52,1,0,N,       ,N,N,0,Fog/Smoke,Dark / Unlighted,2.0,20,0,Roadway Departure Right,0,N,0.0,D,20.0,40.0,M,Y,1.0,Apparently Normal,4.0,0,0,0,Unsafe Speed,View Obstruction,0,0,0,0,0,0,0,0,0,0,0,0,0,0,0,0,0,0,0,0,0,0,0,0,0,0,0,0,0,0,0,1,0,0,1,1,0
300341342,Muskogee,southern,,County Road,0,0.0,0.0,non_incapacitating_injury,4.0,0,0.0,4.0,0.0,F-O TREE,FIXED-OBJECT,35.5539,-95.1775,2017,2017-12-17,5.29,1,0,N,       ,Y,N,1,Rain,Dark / Unlighted,2.0,19,0,Roadway Departure Left,0,N,0.0,D,2.0,28.0,M,Y,3.0,Odor of Alcohol Beverage,1.0,0,0,0,Unsafe Speed,On Curve/Turn,0,0,0,0,0,0,0,0,0,0,0,0,0,0,0,0,0,0,0,0,0,0,0,0,0,0,0,0,0,0,0,1,0,0,1,1,0
300341441,Delaware,northern,US-59,US Route,0,0.0,0.0,property_damage,0.0,0,0.0,0.0,0.0,ANIMAL,ANIMAL,36.2052072,-94.7768022,2017,2017-12-15,17.53,1,0,N,       ,N,N,0,Clear,Dark / Unlighted,0.0,34,0,No Roadway Departure,0,N,0.0,A,0.0,0.0,,N,0.0,,0.0,0,0,0,Animal in Roadway,Animal in Roadway,0,0,1,0,0,0,0,0,0,0,0,0,0,0,0,0,0,0,0,0,0,0,0,0,0,0,0,0,0,0,0,0,0,0,0,1,0
300341444,Mayes,northern,SH-20,State Highway,0,0.0,0.0,property_damage,0.0,0,0.0,0.0,0.0,F-O TREE,FIXED-OBJECT,36.4121927,-95.0145022,2017,2017-12-18,3.17,1,0,N,       ,Y,N,1,Cloudy,Dark / Unlighted,1.0,19,0,Roadway Departure Left,0,N,0.0,D,4.0,18.0,M,Y,1.0,Drinking - Ability Impaired,4.0,0,1,0,Alcohol-DUI/DWI,Alcohol-DUI/DWI,0,1,0,0,0,0,0,0,0,0,0,0,0,0,0,0,0,0,0,0,0,0,0,0,0,0,0,0,0,0,0,0,0,0,0,1,0
300341447,Delaware,northern,SH-10,State Highway,1,0.0,0.0,property_damage,0.0,0,0.0,0.0,0.0,ANGLE-TURNING,ANGLE-TURNING,36.5979367,-94.7114207,2017,2017-12-21,17.51,2,0,N,       ,Y,N,1,Clear,Dark / Unlighted,1.0,7,0,No Roadway Departure,0,N,0.0,D,2.0,63.0,M,Y,1.0,Odor of Alcohol Beverage,4.0,0,0,0,Failed to Yield,Other,0,0,0,0,0,0,0,0,0,0,0,0,0,0,0,1,0,0,0,0,0,0,0,0,0,0,0,0,0,0,0,0,0,0,0,1,0
300341494,Washington,northern,US-75,US Route,0,0.0,0.0,possible_injury,0.0,0,0.0,0.0,1.0,F-O TREE,FIXED-OBJECT,36.4794301,-95.9204123,2017,2017-12-23,3.0,1,0,N,       ,N,N,0,Cloudy,Dark / Unlighted,3.0,20,0,Roadway Departure Right,0,N,0.0,D,20.0,33.0,M,Y,2.0,Apparently Normal,4.0,0,0,0,Unsafe Speed,For Ice or Snow on Roadway,0,0,0,0,0,0,0,0,0,0,0,0,0,0,0,0,0,0,0,0,0,0,0,0,0,0,0,0,0,0,0,1,0,0,0,1,1
300341495,Craig,northern,US-59,US Route,0,0.0,0.0,possible_injury,0.0,0,0.0,0.0,1.0,F-O DITCH,FIXED-OBJECT,36.8738224,-95.058701,2017,2017-12-22,22.26,1,0,N,       ,N,N,0,Sleet/Hail/Freezing Rain,Dark / Unlighted,3.0,19,0,Roadway Departure Right,0,N,0.0,D,4.0,67.0,M,Y,2.0,Apparently Normal,4.0,1,0,0,Unsafe Speed,For Ice or Snow on Roadway,0,0,0,0,0,0,0,0,0,0,0,0,0,0,0,0,0,0,0,0,0,0,0,0,0,0,0,0,0,0,0,1,0,0,1,1,1
300341509,Delaware,northern,SH-20,State Highway,0,0.0,0.0,possible_injury,0.0,0,0.0,0.0,1.0,F-O TREE,FIXED-OBJECT,36.4210777,-94.683181,2017,2017-12-22,17.56,1,0,N,       ,N,N,0,Rain,Dark / Unlighted,2.0,20,0,Roadway Departure Right,0,N,0.0,D,2.0,44.0,M,Y,2.0,Apparently Normal,4.0,0,0,0,Unsafe Speed,Rain or Wet Roadway,0,0,0,0,0,0,0,0,0,0,0,0,0,0,0,0,0,0,0,0,0,0,0,0,0,0,0,0,0,0,0,1,0,0,1,1,0
300341560,Delaware,northern,,County Road,0,0.0,0.0,non_incapacitating_injury,1.0,0,0.0,1.0,0.0,F-O FENCE,FIXED-OBJECT,36.6175,-94.7656,2017,2017-12-24,6.37,1,0,N,       ,N,N,0,Cloudy,Dark / Unlighted,2.0,20,0,Roadway Departure Right,0,N,0.0,D,2.0,64.0,M,Y,3.0,Apparently Normal,4.0,0,0,0,Object/Debris in Roadway,Object/Debris in Roadway,0,0,0,0,0,0,0,0,0,0,0,0,0,0,0,0,0,0,0,0,0,0,0,0,0,0,0,1,0,0,0,0,0,0,0,1,0
300341596,Delaware,northern,US-60,US Route,1,0.0,0.0,property_damage,0.0,0,0.0,0.0,0.0,ANGLE-TURNING,ANGLE-TURNING,36.6291483,-94.9815591,2017,2017-12-20,21.03,2,0,N,       ,N,N,0,Rain,Dark / Unlighted,2.0,6,0,Roadway Departure Right,0,N,0.0,D,20.0,29.0,F,Y,1.0,Apparently Normal,1.0,0,0,0,Failed to Yield,From Stop Sign,0,0,0,0,0,0,0,0,0,0,0,0,0,0,0,1,0,0,0,0,0,0,0,0,0,0,0,0,0,0,0,0,0,0,1,1,0
300341599,Rogers,northern,,County Road,0,0.0,0.0,non_incapacitating_injury,2.0,0,0.0,2.0,0.0,F-O DITCH,FIXED-OBJECT,36.2324,-95.7624,2017,2017-12-08,17.02,1,0,N,       ,N,N,0,Clear,Dusk,1.0,20,0,Roadway Departure Right,0,N,0.0,D,2.0,73.0,F,Y,3.0,Apparently Normal,4.0,1,0,0,Unsafe Speed,On Curve/Turn,0,0,0,0,0,0,0,0,0,0,0,0,0,0,0,0,0,0,0,0,0,0,0,0,0,0,0,0,0,0,0,1,0,0,0,1,0
300341602,Rogers,northern,,County Road,0,1.0,0.0,property_damage,0.0,0,0.0,0.0,0.0,ANGLE-TURNING,ANGLE-TURNING,36.2238,-95.7445,2017,2017-12-06,0.0,2,1,N,       ,N,N,0,Cloudy,Dark / Unlighted,1.0,11,0,No Roadway Departure,0,N,0.0,D,2.0,19.0,F,Y,1.0,Apparently Normal,4.0,0,1,0,Unsafe Speed,For Traffic Conditions,0,0,0,0,0,0,0,0,0,0,0,0,0,0,0,0,0,0,0,0,0,0,0,0,0,0,0,0,0,0,0,1,0,0,0,1,0
300341608,Rogers,northern,,County Road,0,0.0,0.0,property_damage,0.0,0,0.0,0.0,0.0,F-O DITCH,FIXED-OBJECT,36.306,-95.5788,2017,2017-12-17,3.5,1,0,N,       ,N,N,0,Rain,Dark / Unlighted,2.0,20,0,Roadway Departure Right,0,N,0.0,D,2.0,19.0,M,Y,1.0,Sleepy,4.0,0,1,1,Apparently Sleepy,Apparently Sleepy,0,0,0,1,0,0,0,0,0,0,0,0,0,0,0,0,0,0,0,0,0,0,0,0,0,0,0,0,0,0,0,0,0,0,1,1,0
300341611,Rogers,northern,,County Road,0,0.0,0.0,possible_injury,0.0,0,0.0,0.0,1.0,OTHER,OTHER,36.293,-95.6819,2017,2017-12-17,21.27,2,0,N,       ,N,N,0,Cloudy,Dark / Unlighted,2.0,20,0,Roadway Departure Right,0,N,0.0,D,4.0,20.0,F,Y,2.0,Apparently Normal,4.0,0,0,0,Unsafe Speed,Rain or Wet Roadway,0,0,0,0,0,0,0,0,0,0,0,0,0,0,0,0,0,0,0,0,0,0,0,0,0,0,0,0,0,0,0,1,0,0,0,1,0
300341614,Rogers,northern,,County Road,0,0.0,0.0,possible_injury,0.0,0,0.0,0.0,1.0,F-O TREE,FIXED-OBJECT,36.1909,-95.6905,2017,2017-12-22,6.3,1,0,N,       ,N,N,0,Cloudy,Dark / Unlighted,1.0,20,0,Roadway Departure Right,0,N,0.0,D,20.0,38.0,F,Y,2.0,Sleepy,4.0,0,0,1,Apparently Sleepy,Apparently Sleepy,0,0,0,1,0,0,0,0,0,0,0,0,0,0,0,0,0,0,0,0,0,0,0,0,0,0,0,0,0,0,0,0,0,0,0,1,0
300341617,Rogers,northern,SH-20,State Highway,1,0.0,0.0,property_damage,0.0,0,0.0,0.0,0.0,F-O GUARDRL-FACE,FIXED-OBJECT,36.3072291,-95.5784172,2017,2017-12-18,21.48,1,0,N,       ,N,N,0,Cloudy,Dark / Unlighted,1.0,20,0,Roadway Departure Right,0,N,0.0,D,4.0,19.0,M,Y,1.0,Apparently Normal,4.0,0,1,0,Unsafe Speed,Vehicle Condition,0,0,0,0,0,0,0,0,0,0,0,0,0,0,0,0,0,0,0,0,0,0,0,0,0,0,0,0,0,0,0,1,0,0,0,1,0
300341622,Wagoner,southern,SH-51,State Highway,0,1.0,0.0,property_damage,0.0,0,0.0,0.0,0.0,ANGLE-TURNING,ANGLE-TURNING,35.9384179,-95.2819068,2017,2017-12-23,19.51,2,0,N,       ,N,N,0,Cloudy,Dark / Unlighted,1.0,7,0,Roadway Departure Right,0,N,0.0,D,23.0,25.0,M,Y,1.0,Apparently Normal,4.0,0,0,0,Failed to Yield,Private Drive,0,0,0,0,0,0,0,0,0,0,0,0,0,0,0,1,0,0,0,0,0,0,0,0,0,0,0,0,0,0,0,0,0,0,0,1,0
300341628,Sequoyah,southern,,County Road,0,0.0,0.0,property_damage,0.0,0,0.0,0.0,0.0,F-O TREE,FIXED-OBJECT,35.5336,-94.7788,2017,2017-06-27,3.03,1,0,N,       ,Y,N,1,Clear,Dark / Unlighted,1.0,19,0,Roadway Departure Left,1,N,0.0,D,2.0,51.0,M,Y,1.0,Drinking - Ability Impaired,4.0,0,0,0,Alcohol-DUI/DWI,Alcohol-DUI/DWI,0,1,0,0,0,0,0,0,0,0,0,0,0,0,0,0,0,0,0,0,0,0,0,0,0,0,0,0,0,0,0,0,0,0,0,1,0
300341629,Sequoyah,southern,US-64,US Route,0,0.0,0.0,non_incapacitating_injury,1.0,0,0.0,1.0,0.0,ROLLOVER,ROLLOVER,35.5100244,-95.0773534,2017,2017-06-27,2.1,1,0,N,       ,Y,N,1,Clear,Dark / Unlighted,1.0,37,0,No Roadway Departure,0,N,0.0,D,15.0,18.0,M,Y,3.0,Drinking - Ability Impaired,1.0,0,1,0,Alcohol-DUI/DWI,Alcohol-DUI/DWI,0,1,0,0,0,0,0,0,0,0,0,0,0,0,0,0,0,0,0,0,0,0,0,0,0,0,0,0,0,0,0,0,0,0,0,1,0
300341674,Sequoyah,southern,,County Road,0,0.0,0.0,non_incapacitating_injury,1.0,0,0.0,1.0,0.0,F-O DELINEATOR,FIXED-OBJECT,35.605,-95.0283,2017,2017-09-11,21.12,1,0,N,       ,Y,N,1,Cloudy,Dark / Unlighted,1.0,20,0,Roadway Departure Right,0,N,0.0,D,19.0,72.0,M,Y,3.0,Drinking - Ability Impaired,1.0,1,0,0,Alcohol-DUI/DWI,Alcohol-DUI/DWI,0,1,0,0,0,0,0,0,0,0,0,0,0,0,0,0,0,0,0,0,0,0,0,0,0,0,0,0,0,0,0,0,0,0,0,1,0
300341699,Cherokee,southern,,County Road,0,0.0,0.0,property_damage,0.0,0,0.0,0.0,0.0,ANIMAL,ANIMAL,35.9557,-95.1362,2017,2017-12-22,17.43,1,0,N,       ,N,N,0,Rain,Dark / Unlighted,2.0,34,0,No Roadway Departure,0,N,0.0,D,4.0,35.0,M,Y,1.0,Apparently Normal,4.0,0,0,0,No Improper Action by Driver,No Improper Action by Driver,0,0,0,0,0,0,0,0,0,0,0,0,0,0,0,0,0,0,0,0,0,0,0,0,0,0,1,0,0,0,0,0,0,0,1,1,0
300341779,Cherokee,southern,,County Road,0,0.0,0.0,property_damage,0.0,0,0.0,0.0,0.0,F-O TREE,FIXED-OBJECT,35.959,-94.8985,2017,2017-02-19,1.29,1,0,N,       ,Y,N,1,Clear,Dark / Unlighted,1.0,19,0,Roadway Departure Right,0,N,0.0,D,20.0,32.0,M,Y,1.0,Drinking - Ability Impaired,4.0,0,0,0,Alcohol-DUI/DWI,Alcohol-DUI/DWI,0,1,0,0,0,0,0,0,0,0,0,0,0,0,0,0,0,0,0,0,0,0,0,0,0,0,0,0,0,0,0,0,0,0,0,1,0
300341790,Cherokee,southern,SH-51,State Highway,0,0.0,0.0,non_incapacitating_injury,1.0,0,0.0,1.0,1.0,ROLLOVER,ROLLOVER,35.9272137,-94.8398009,2017,2017-06-06,21.03,1,0,N,       ,Y,N,1,Clear,Dark / Unlighted,1.0,19,0,Roadway Departure Left,1,N,0.0,D,2.0,38.0,F,Y,3.0,Drinking - Ability Impaired,1.0,0,0,0,Alcohol-DUI/DWI,Alcohol-DUI/DWI,0,1,0,0,0,0,0,0,0,0,0,0,0,0,0,0,0,0,0,0,0,0,0,0,0,0,0,0,0,0,0,0,0,0,0,1,0
300341863,Cherokee,southern,SH-82,State Highway,0,0.0,0.0,non_incapacitating_injury,1.0,0,0.0,1.0,0.0,F-O TREE,FIXED-OBJECT,35.9959515,-95.0172924,2017,2017-02-17,19.15,1,0,N,       ,Y,N,1,Clear,Dark / Unlighted,1.0,20,0,Roadway Departure Right,0,N,0.0,D,1.0,40.0,F,Y,3.0,Drinking - Ability Impaired,1.0,0,0,0,Alcohol-DUI/DWI,Alcohol-DUI/DWI,0,1,0,0,0,0,0,0,0,0,0,0,0,0,0,0,0,0,0,0,0,0,0,0,0,0,0,0,0,0,0,0,0,0,0,1,0
300341877,Cherokee,southern,,County Road,0,0.0,0.0,property_damage,0.0,0,0.0,0.0,0.0,ROLLOVER,ROLLOVER,36.0344,-95.1225,2017,2017-12-23,19.43,1,0,N,       ,Y,N,1,Clear,Dark / Unlighted,2.0,19,0,Roadway Departure Left,1,N,0.0,D,21.0,32.0,M,Y,1.0,Drinking - Ability Impaired,4.0,0,0,0,Alcohol-DUI/DWI,Alcohol-DUI/DWI,0,1,0,0,0,0,0,0,0,0,0,0,0,0,0,0,0,0,0,0,0,0,0,0,0,0,0,0,0,0,0,0,0,0,0,1,0
300341880,Tulsa,northern,US-169,US Route,0,0.0,0.0,property_damage,0.0,0,0.0,0.0,0.0,F-O BARR-CONCRETE,FIXED-OBJECT,36.2419289,-95.8479952,2017,2017-12-22,22.59,2,0,N,       ,N,N,0,Sleet/Hail/Freezing Rain,Dark / Unlighted,6.0,19,0,Roadway Departure Left,0,N,0.0,D,1.0,17.0,M,Y,1.0,Apparently Normal,4.0,0,1,0,Unsafe Speed,For Ice or Snow on Roadway,0,0,0,0,0,0,0,0,0,0,0,0,0,0,0,0,0,0,0,0,0,0,0,0,0,0,0,0,0,0,0,1,0,0,1,1,1
300341883,Tulsa,tulsa,,County Road,0,10.0,0.0,incapacitating_injury,1.0,0,1.0,0.0,0.0,F-O BR-RAIL,FIXED-OBJECT,36.2495,-95.9476,2017,2017-12-07,23.19,1,0,N,       ,N,N,0,Clear,Dark / Unlighted,1.0,19,0,Roadway Departure Left,0,N,0.0,D,4.0,52.0,M,Y,4.0,Apparently Normal,4.0,0,0,0,Object/Debris in Roadway,Object/Debris in Roadway,0,0,0,0,0,0,0,0,0,0,0,0,0,0,0,0,0,0,0,0,0,0,0,0,0,0,0,1,0,0,0,0,0,0,0,1,0
300341887,Delaware,northern,SH-10,State Highway,1,0.0,0.0,possible_injury,0.0,0,0.0,0.0,1.0,ANGLE-TURNING,ANGLE-TURNING,36.5979367,-94.7114207,2017,2017-12-20,17.02,2,0,N,       ,Y,N,1,Fog/Smoke,Dark / Unlighted,2.0,6,0,Roadway Departure Right,0,N,0.0,D,2.0,45.0,F,Y,2.0,Drinking - Ability Impaired,4.0,0,0,0,Alcohol-DUI/DWI,Alcohol-DUI/DWI,0,1,0,0,0,0,0,0,0,0,0,0,0,0,0,0,0,0,0,0,0,0,0,0,0,0,0,0,0,0,0,0,0,0,1,1,0
300341890,Delaware,northern,,County Road,0,0.0,0.0,property_damage,0.0,0,0.0,0.0,0.0,F-O TRAFF-SIGN,FIXED-OBJECT,36.5416,-94.9627,2017,2017-12-26,17.05,1,0,N,       ,N,N,0,Cloudy,Dark / Unlighted,1.0,20,0,Roadway Departure Right,0,N,0.0,D,2.0,33.0,M,Y,1.0,Apparently Normal,4.0,0,0,0,Inattention,Distraction from Outside Vehicle,0,0,0,0,0,0,0,0,0,0,0,0,0,0,0,0,0,0,0,0,0,0,0,0,1,0,0,0,0,0,0,0,0,0,0,1,0
300341899,Tulsa,tulsa,US-169,US Route,1,20.0,0.0,non_incapacitating_injury,1.0,0,0.0,1.0,0.0,ANGLE-TURNING,ANGLE-TURNING,36.2205108,-95.8516327,2017,2017-12-26,16.5,2,0,N,       ,N,N,0,Clear,Dusk,1.0,10,0,Roadway Departure Left,0,N,0.0,D,23.0,60.0,M,Y,1.0,Apparently Normal,4.0,0,0,0,Improper Turn,From Wrong Lane,0,0,0,0,0,0,0,0,0,0,0,0,0,0,0,0,0,0,0,0,0,0,1,0,0,0,0,0,0,0,0,0,0,0,0,1,0
300341946,Rogers,northern,I-44,Interstate,0,0.0,0.0,property_damage,0.0,0,0.0,0.0,0.0,F-O BARR-CONCRETE,FIXED-OBJECT,36.1624219,-95.7953134,2017,2017-12-19,5.15,1,0,N,       ,N,N,0,Clear,Dark / Unlighted,1.0,19,0,Roadway Departure Left,1,N,0.0,D,2.0,32.0,M,Y,1.0,Apparently Normal,4.0,0,0,0,No Improper Action by Driver,No Improper Action by Driver,0,0,0,0,0,0,0,0,0,0,0,0,0,0,0,0,0,0,0,0,0,0,0,0,0,0,1,0,0,0,0,0,0,0,0,1,0
300342190,Muskogee,southern,I-40,Interstate,0,31.0,0.0,fatal,0.0,1,0.0,0.0,1.0,SIDESWIPE-SAME,SIDESWIPE-SAME,35.4844216,-95.1587796,2017,2017-09-25,20.16,2,1,N,       ,N,N,0,Clear,Dark / Unlighted,1.0,38,0,Roadway Departure Right,0,N,0.0,D,2.0,37.0,M,Y,2.0,Apparently Normal,4.0,0,0,0,Unsafe Speed,On Curve/Turn,0,0,0,0,0,0,0,0,0,0,0,0,0,0,0,0,0,0,0,0,0,0,0,0,0,0,0,0,0,0,0,1,0,0,0,1,0
300342233,Cherokee,southern,US-62,US Route,0,0.0,0.0,property_damage,0.0,0,0.0,0.0,0.0,ANIMAL,ANIMAL,35.8459537,-95.0274286,2017,2017-12-28,22.09,1,0,N,       ,N,N,0,Clear,Dark / Unlighted,0.0,34,0,No Roadway Departure,0,N,0.0,A,0.0,0.0,,N,0.0,,0.0,0,0,0,Deer in Roadway,Deer in Roadway,0,0,0,0,0,0,0,1,0,0,0,0,0,0,0,0,0,0,0,0,0,0,0,0,0,0,0,0,0,0,0,0,0,0,0,1,0
300342238,Tulsa,northern,,County Road,0,0.0,0.0,property_damage,0.0,0,0.0,0.0,0.0,F-O TRAFF-SIGN,FIXED-OBJECT,36.3074,-95.8319,2017,2017-12-22,17.49,1,0,N,       ,N,N,0,Rain,Dusk,2.0,20,0,Roadway Departure Right,0,N,0.0,D,2.0,34.0,F,Y,1.0,Apparently Normal,4.0,0,0,0,Inattention,Distracted by Passenger in Vehicle,0,0,0,0,0,0,0,0,0,0,0,0,0,0,0,0,0,0,0,0,0,0,0,0,1,0,0,0,0,0,0,0,0,0,1,1,0
300342241,Tulsa,northern,US-169,US Route,0,72.0,0.0,property_damage,0.0,0,0.0,0.0,0.0,REAR-END,REAR-END,36.2358392,-95.8481237,2017,2017-12-21,17.06,3,0,N,       ,N,N,0,Clear,Dark / Unlighted,1.0,2,0,No Roadway Departure,0,N,0.0,D,20.0,32.0,F,Y,1.0,Apparently Normal,4.0,0,0,0,No Improper Action by Driver,No Improper Action by Driver,0,0,0,0,0,0,0,0,0,0,0,0,0,0,0,0,0,0,0,0,0,0,0,0,0,0,1,0,0,0,0,0,0,0,0,1,0
300342242,Craig,northern,US-59,US Route,0,0.0,0.0,property_damage,0.0,0,0.0,0.0,0.0,F-O FENCE,FIXED-OBJECT,36.9949411,-95.0853882,2017,2017-12-22,22.02,1,0,N,       ,N,N,0,Sleet/Hail/Freezing Rain,Dark / Unlighted,3.0,19,0,Roadway Departure Left,0,N,0.0,D,2.0,35.0,M,Y,1.0,Apparently Normal,4.0,0,0,0,Unsafe Speed,For Ice or Snow on Roadway,0,0,0,0,0,0,0,0,0,0,0,0,0,0,0,0,0,0,0,0,0,0,0,0,0,0,0,0,0,0,0,1,0,0,1,1,1
300342249,Craig,northern,SH-2,State Highway,0,0.0,0.0,property_damage,0.0,0,0.0,0.0,0.0,F-O FENCE,FIXED-OBJECT,36.7416135,-95.1435549,2017,2017-12-23,2.35,1,0,N,       ,N,N,0,Snow,Dark / Unlighted,4.0,19,0,Roadway Departure Left,0,N,0.0,D,2.0,27.0,M,Y,1.0,Apparently Normal,4.0,0,0,0,Unsafe Speed,For Ice or Snow on Roadway,0,0,0,0,0,0,0,0,0,0,0,0,0,0,0,0,0,0,0,0,0,0,0,0,0,0,0,0,0,0,0,1,0,0,1,1,1
300342268,Craig,northern,US-59,US Route,0,0.0,0.0,non_incapacitating_injury,2.0,0,0.0,2.0,1.0,ROLLOVER,ROLLOVER,36.8738224,-95.058701,2017,2017-12-27,21.48,1,0,N,       ,N,N,0,Clear,Dark / Unlighted,1.0,19,0,Roadway Departure Right,0,N,0.0,D,2.0,18.0,F,Y,3.0,Apparently Normal,1.0,0,1,0,Inattention,Other Distraction Inside Vehicle,0,0,0,0,0,0,0,0,0,0,0,0,0,0,0,0,0,0,0,0,0,0,0,0,1,0,0,0,0,0,0,0,0,0,0,1,0
300342294,Sequoyah,southern,I-40,Interstate,0,0.0,0.0,property_damage,0.0,0,0.0,0.0,0.0,ANIMAL,ANIMAL,35.4027014,-94.5300353,2017,2017-12-29,21.35,1,0,N,       ,N,N,0,Clear,Dark / Unlighted,1.0,34,0,No Roadway Departure,0,N,0.0,D,2.0,43.0,F,Y,1.0,Apparently Normal,1.0,0,0,0,No Improper Action by Driver,No Improper Action by Driver,0,0,0,0,0,0,0,0,0,0,0,0,0,0,0,0,0,0,0,0,0,0,0,0,0,0,1,0,0,0,0,0,0,0,0,1,0
300342344,Delaware,northern,US-59,US Route,0,0.0,0.0,non_incapacitating_injury,1.0,0,0.0,1.0,0.0,F-O EMBANKMENT,FIXED-OBJECT,36.6589393,-94.8296609,2017,2017-12-28,5.01,1,0,N,       ,N,N,0,Clear,Dark / Unlighted,1.0,20,0,Roadway Departure Right,0,N,0.0,D,2.0,39.0,F,Y,3.0,Apparently Normal,4.0,0,0,0,No Improper Action by Driver,No Improper Action by Driver,0,0,0,0,0,0,0,0,0,0,0,0,0,0,0,0,0,0,0,0,0,0,0,0,0,0,1,0,0,0,0,0,0,0,0,1,0
300342347,Washington,northern,,County Road,0,0.0,0.0,possible_injury,0.0,0,0.0,0.0,1.0,F-O CULVERT,FIXED-OBJECT,36.6264,-95.8257,2017,2017-12-26,6.21,1,0,N,       ,N,N,0,Clear,Dark / Unlighted,1.0,20,0,Roadway Departure Right,0,N,0.0,D,20.0,18.0,M,Y,2.0,Apparently Normal,4.0,0,1,0,Other Improper Act/Movement,Other,0,0,0,0,0,0,0,0,0,0,0,0,0,0,0,0,0,0,0,0,0,0,0,0,0,0,0,0,1,0,0,0,0,0,0,1,0
300342363,Sequoyah,southern,,County Road,0,0.0,0.0,property_damage,0.0,0,0.0,0.0,0.0,ANIMAL,ANIMAL,35.4786,-94.9733,2017,2017-12-30,19.15,1,0,N,       ,Y,N,1,Clear,Dark / Unlighted,1.0,34,0,No Roadway Departure,0,N,0.0,D,2.0,55.0,M,Y,1.0,Odor of Alcohol Beverage,4.0,0,0,0,No Improper Action by Driver,No Improper Action by Driver,0,0,0,0,0,0,0,0,0,0,0,0,0,0,0,0,0,0,0,0,0,0,0,0,0,0,1,0,0,0,0,0,0,0,0,1,0
300342439,Mayes,northern,US412A,US Route,0,76.0,0.0,non_incapacitating_injury,1.0,0,0.0,1.0,0.0,F-O DITCH,FIXED-OBJECT,36.1770318,-95.2591761,2017,2017-12-25,17.35,1,0,N,       ,N,N,0,Clear,Dark / Unlighted,1.0,19,0,Roadway Departure Left,1,N,0.0,D,2.0,34.0,F,Y,3.0,Apparently Normal,4.0,0,0,0,Inattention,Other Distraction Inside Vehicle,0,0,0,0,0,0,0,0,0,0,0,0,0,0,0,0,0,0,0,0,0,0,0,0,1,0,0,0,0,0,0,0,0,0,0,1,0
300342441,Ottawa,northern,,County Road,1,0.0,0.0,non_incapacitating_injury,2.0,0,0.0,2.0,0.0,ANGLE-TURNING,ANGLE-TURNING,36.6915,-94.9453,2017,2017-12-28,17.38,2,0,N,       ,N,N,0,Clear,Dark / Unlighted,1.0,7,0,Roadway Departure Right,0,N,0.0,D,2.0,41.0,F,Y,3.0,Apparently Normal,4.0,0,0,0,Failed to Yield,From Yield Sign,0,0,0,0,0,0,0,0,0,0,0,0,0,0,0,1,0,0,0,0,0,0,0,0,0,0,0,0,0,0,0,0,0,0,0,1,0
300342497,Mayes,northern,US-412,US Route,0,76.0,0.0,non_incapacitating_injury,1.0,0,0.0,1.0,0.0,ROLLOVER,ROLLOVER,36.1692795,-95.4096688,2017,2017-12-24,23.58,1,0,N,       ,N,N,0,Cloudy,Dark / Unlighted,1.0,19,0,Roadway Departure Right,1,N,0.0,D,20.0,60.0,M,Y,3.0,Sleepy,4.0,0,0,1,Apparently Sleepy,Apparently Sleepy,0,0,0,1,0,0,0,0,0,0,0,0,0,0,0,0,0,0,0,0,0,0,0,0,0,0,0,0,0,0,0,0,0,0,0,1,0