crash_id,county,region,highway_name,highway_class,intersection_rel,special_feature_1,special_feature_2,severity_level,visual_injured_num,fatal_num,suspected_serious_injured_num,non_incapacitated_injured_num,possibly_injured_num,crash_type,main_crash_type,latitude,longitude,year,date,time,number_of_vehicles,number_of_commercial_vehicles,work_zone,railroad_crossing,alcohol,drug,Alcohol or Drug,weather_condition,lighting_condition,road_condition,manner_of_collision,pedestrians_num,roadway_departure,cross_centerline,hit_and_run,emergency_vehicle_use,unit_type,vehicle_type,age,sex,driver_of_vehicle,injury_severity,person_condition,restraint_use,older_driver,teen_driver,Sleepy/Ill/Dizzy Driver,unsafe_unlaw_category,unsafe_unlaw_desc,Abnormal Traffic Control,Alcohol-DUI/DWI,Animal in Roadway,Apparently Sleepy,Avoiding Other Vehicle,Avoiding Pedestrian,Changed Lanes Unsafely,Deer in Roadway,Defect in Roadway,Disregarded Warning Signal,Domestic Animal in Roadway,Drug-DUI,Failed to Secure Load,Failed to Signal,Failed to Stop,Failed to Yield,Followed too Closely,Improper Backing,Improper Bicyclist Action,Improper Overtaking,Improper Parking,Improper Start From,Improper Turn,Improper Use of Lane,Distraction,Left of Center,No Improper Action by Driver,Object/Debris in Roadway,Other Improper Act/Movement,Pedestrian Action,Stopped in Traffic Lane,Speeding,Unsafe Vehicle,Wrong Way,Bad Weather,Bad Lighting,Bad Road Condition
300348169,Tulsa,tulsa,I-244,Interstate,0,47.0,0.0,property_damage,0.0,0,0.0,0.0,0.0,REAR-END,REAR-END,36.165791,-95.8538079,2018,2018-02-05,6.16,2,0,N,       ,N,N,0,Clear,Dark / Unlighted,1.0,2,0,No Roadway Departure,0,N,0.0,D,20.0,54.0,M,Y,1.0,Apparently Normal,4.0,0,0,0,Inattention,Distraction from Outside Vehicle,0,0,0,0,0,0,0,0,0,0,0,0,0,0,0,0,0,0,0,0,0,0,0,0,1,0,0,0,0,0,0,0,0,0,0,1,0
300348176,Mayes,northern,,County Road,0,0.0,0.0,non_incapacitating_injury,1.0,0,0.0,1.0,0.0,F-O OTHER,FIXED-OBJECT,36.2636,-95.3136,2018,2018-02-11,19.03,1,0,N,       ,N,N,0,Clear,Dark / Unlighted,1.0,19,0,Roadway Departure Left,0,N,0.0,D,20.0,32.0,F,Y,3.0,Apparently Normal,4.0,0,0,0,Unsafe Speed,Other,0,0,0,0,0,0,0,0,0,0,0,0,0,0,0,0,0,0,0,0,0,0,0,0,0,0,0,0,0,0,0,1,0,0,0,1,0
300348212,Mayes,northern,SH-82,State Highway,0,0.0,0.0,non_incapacitating_injury,1.0,0,0.0,1.0,0.0,PEDESTRIAN,PEDESTRIAN,36.2240216,-95.1536375,2018,2018-02-14,18.29,1,0,N,       ,N,N,0,Clear,Dark / Unlighted,1.0,21,1,No Roadway Departure,0,N,0.0,P,0.0,78.0,F,N,3.0,Other,0.0,0,0,0,Pedestrian Action,Pedestrian Action,0,0,0,0,0,0,0,0,0,0,0,0,0,0,0,0,0,0,0,0,0,0,0,0,0,0,0,0,0,1,0,0,0,0,0,1,0
300348271,Muskogee,southern,I-40,Interstate,0,0.0,0.0,property_damage,0.0,0,0.0,0.0,0.0,ROLLOVER,ROLLOVER,35.4818673,-95.1410076,2018,2018-02-10,21.52,1,1,N,       ,N,N,0,Sleet/Hail/Freezing Rain,Dark / Unlighted,3.0,20,0,Roadway Departure Right,0,N,0.0,D,8.0,35.0,M,Y,1.0,Apparently Normal,1.0,0,0,0,Unsafe Speed,For Ice or Snow on Roadway,0,0,0,0,0,0,0,0,0,0,0,0,0,0,0,0,0,0,0,0,0,0,0,0,0,0,0,0,0,0,0,1,0,0,1,1,1
300348344,Rogers,northern,SH-66,State Highway,1,0.0,0.0,non_incapacitating_injury,1.0,0,0.0,1.0,0.0,ANGLE-TURNING,ANGLE-TURNING,36.204533,-95.7265347,2018,2018-02-10,18.45,2,1,N,       ,N,N,0,Sleet/Hail/Freezing Rain,Dark / Unlighted,3.0,12,0,Roadway Departure Right,0,N,0.0,D,5.0,48.0,M,Y,1.0,Apparently Normal,4.0,0,0,0,Failed to Yield,To Vehicle on Right,0,0,0,0,0,0,0,0,0,0,0,0,0,0,0,1,0,0,0,0,0,0,0,0,0,0,0,0,0,0,0,0,0,0,1,1,1
300348351,Tulsa,tulsa,I-244,Interstate,0,0.0,0.0,property_damage,0.0,0,0.0,0.0,0.0,REAR-END,REAR-END,36.1615137,-95.9889627,2018,2018-01-24,21.02,2,0,N,       ,N,N,0,Clear,Dark / Unlighted,1.0,3,0,No Roadway Departure,0,Y,0.0,D,4.0,0.0,M,Y,1.0,Unknown,99.0,0,0,0,Followed too Closely,Human Element,0,0,0,0,0,0,0,0,0,0,0,0,0,0,0,0,1,0,0,0,0,0,0,0,0,0,0,0,0,0,0,0,0,0,0,1,0
300348408,Rogers,northern,US-412,US Route,0,0.0,0.0,property_damage,0.0,0,0.0,0.0,0.0,F-O TRAFF-SIGN,FIXED-OBJECT,36.1697683,-95.5611327,2018,2018-02-10,6.57,1,0,N,       ,N,N,0,Sleet/Hail/Freezing Rain,Dark / Unlighted,3.0,20,0,Roadway Departure Right,0,N,0.0,D,4.0,51.0,F,Y,1.0,Apparently Normal,4.0,0,0,0,Unsafe Speed,For Ice or Snow on Roadway,0,0,0,0,0,0,0,0,0,0,0,0,0,0,0,0,0,0,0,0,0,0,0,0,0,0,0,0,0,0,0,1,0,0,1,1,1
300348434,Rogers,northern,US-169,US Route,0,76.0,0.0,non_incapacitating_injury,1.0,0,0.0,1.0,0.0,ROLLOVER,ROLLOVER,36.4176832,-95.7317445,2018,2018-02-10,19.26,1,0,N,       ,N,N,0,Sleet/Hail/Freezing Rain,Dark / Unlighted,3.0,19,0,Roadway Departure Left,0,N,0.0,D,4.0,23.0,M,Y,3.0,Apparently Normal,4.0,0,0,0,Unsafe Speed,For Ice or Snow on Roadway,0,0,0,0,0,0,0,0,0,0,0,0,0,0,0,0,0,0,0,0,0,0,0,0,0,0,0,0,0,0,0,1,0,0,1,1,1
300348499,Delaware,northern,,County Road,0,0.0,0.0,property_damage,0.0,0,0.0,0.0,0.0,F-O TREE,FIXED-OBJECT,36.3507,-94.8225,2018,2018-02-16,2.52,1,0,N,       ,N,N,0,Rain,Dark / Unlighted,2.0,19,0,Roadway Departure Left,0,N,0.0,D,2.0,24.0,M,Y,1.0,Apparently Normal,4.0,0,0,0,Unsafe Speed,Rain or Wet Roadway,0,0,0,0,0,0,0,0,0,0,0,0,0,0,0,0,0,0,0,0,0,0,0,0,0,0,0,0,0,0,0,1,0,0,1,1,0
300348501,Mayes,northern,SH-82,State Highway,0,0.0,0.0,property_damage,0.0,0,0.0,0.0,0.0,REAR-END,REAR-END,36.1010559,-95.1195409,2018,2018-02-10,22.15,2,0,N,       ,N,N,0,Sleet/Hail/Freezing Rain,Dark / Unlighted,3.0,3,0,No Roadway Departure,0,N,0.0,D,20.0,46.0,M,Y,1.0,Apparently Normal,4.0,0,0,0,Unsafe Speed,For Ice or Snow on Roadway,0,0,0,0,0,0,0,0,0,0,0,0,0,0,0,0,0,0,0,0,0,0,0,0,0,0,0,0,0,0,0,1,0,0,1,1,1
300348513,Rogers,northern,,County Road,0,0.0,0.0,non_incapacitating_injury,1.0,0,0.0,1.0,0.0,ROLLOVER,ROLLOVER,36.4236,-95.8118,2018,2018-02-07,22.41,1,0,N,       ,N,N,0,Clear,Dark / Unlighted,1.0,19,0,Roadway Departure Left,0,N,0.0,D,2.0,37.0,M,Y,3.0,Apparently Normal,4.0,0,0,0,Improper Use of Lane,Improper Use of Lane,0,0,0,0,0,0,0,0,0,0,0,0,0,0,0,0,0,0,0,0,0,0,0,1,0,0,0,0,0,0,0,0,0,0,0,1,0
300348517,Muskogee,southern,I-40,Interstate,0,11.0,0.0,property_damage,0.0,0,0.0,0.0,0.0,OTHER,OTHER,35.4767139,-95.3064501,2018,2018-02-06,22.0,2,0,N,       ,N,N,0,Sleet/Hail/Freezing Rain,Dark / Unlighted,3.0,33,0,No Roadway Departure,0,N,0.0,C,20.0,44.0,M,N,0.0,,0.0,0,0,0,No Improper Action by Driver,No Improper Action by Driver,0,0,0,0,0,0,0,0,0,0,0,0,0,0,0,0,0,0,0,0,0,0,0,0,0,0,1,0,0,0,0,0,0,0,1,1,1
300348551,Mayes,northern,SH-82,State Highway,0,0.0,0.0,non_incapacitating_injury,1.0,0,0.0,1.0,0.0,ROLLOVER,ROLLOVER,36.1385091,-95.1505372,2018,2018-02-16,3.02,1,0,N,       ,N,N,0,Cloudy,Dark / Unlighted,2.0,20,0,Roadway Departure Right,0,Y,0.0,D,2.0,0.0,9,Y,1.0,Unknown,99.0,0,0,0,Unsafe Speed,On Curve/Turn,0,0,0,0,0,0,0,0,0,0,0,0,0,0,0,0,0,0,0,0,0,0,0,0,0,0,0,0,0,0,0,1,0,0,0,1,0
300348592,Nowata,northern,US-169,US Route,0,0.0,0.0,property_damage,0.0,0,0.0,0.0,0.0,ROLLOVER,ROLLOVER,36.6616321,-95.6473235,2018,2018-02-10,16.53,1,0,N,       ,N,N,0,Sleet/Hail/Freezing Rain,Dusk,3.0,19,0,Roadway Departure Left,0,N,0.0,D,20.0,38.0,M,Y,1.0,Apparently Normal,1.0,0,0,0,Unsafe Speed,For Ice or Snow on Roadway,0,0,0,0,0,0,0,0,0,0,0,0,0,0,0,0,0,0,0,0,0,0,0,0,0,0,0,0,0,0,0,1,0,0,1,1,1
300348595,Delaware,northern,US-59,US Route,0,0.0,0.0,non_incapacitating_injury,1.0,0,0.0,1.0,0.0,F-O TREE,FIXED-OBJECT,36.3433625,-94.7991403,2018,2018-02-17,4.52,1,0,N,       ,N,N,0,Rain,Dark / Unlighted,2.0,19,0,Roadway Departure Left,1,N,0.0,D,21.0,48.0,M,Y,3.0,Sleepy,4.0,0,0,1,Apparently Sleepy,Apparently Sleepy,0,0,0,1,0,0,0,0,0,0,0,0,0,0,0,0,0,0,0,0,0,0,0,0,0,0,0,0,0,0,0,0,0,0,1,1,0
300348600,Tulsa,northern,US-169,US Route,1,0.0,0.0,property_damage,0.0,0,0.0,0.0,0.0,RIGHT-ANGLE,RIGHT-ANGLE,36.3956098,-95.7946479,2018,2018-02-09,19.15,2,0,N,       ,N,N,0,Cloudy,Dark / Unlighted,1.0,1,0,No Roadway Departure,0,N,0.0,D,20.0,82.0,M,Y,1.0,Apparently Normal,4.0,1,0,0,Failed to Yield,From Stop Sign,0,0,0,0,0,0,0,0,0,0,0,0,0,0,0,1,0,0,0,0,0,0,0,0,0,0,0,0,0,0,0,0,0,0,0,1,0
300348602,Rogers,northern,,County Road,0,0.0,0.0,property_damage,0.0,0,0.0,0.0,0.0,F-O DITCH,FIXED-OBJECT,36.4623,-95.5607,2018,2018-02-10,21.0,1,0,N,       ,Y,N,1,Sleet/Hail/Freezing Rain,Dark / Unlighted,3.0,20,0,Roadway Departure Right,0,N,0.0,D,1.0,35.0,F,Y,1.0,Drinking - Ability Impaired,4.0,0,0,0,Alcohol-DUI/DWI,Alcohol-DUI/DWI,0,1,0,0,0,0,0,0,0,0,0,0,0,0,0,0,0,0,0,0,0,0,0,0,0,0,0,0,0,0,0,0,0,0,1,1,1
300348626,Delaware,northern,,County Road,1,0.0,0.0,property_damage,0.0,0,0.0,0.0,0.0,F-O EMBANKMENT,FIXED-OBJECT,36.5394,-94.7627,2018,2018-02-16,21.37,1,0,N,       ,N,N,0,Clear,Dark / Unlighted,1.0,20,0,Roadway Departure Left,0,N,0.0,D,2.0,17.0,F,Y,1.0,Apparently Normal,4.0,0,1,0,Unsafe Speed,On Curve/Turn,0,0,0,0,0,0,0,0,0,0,0,0,0,0,0,0,0,0,0,0,0,0,0,0,0,0,0,0,0,0,0,1,0,0,0,1,0
300348630,Mayes,northern,US-412,US Route,0,0.0,0.0,property_damage,0.0,0,0.0,0.0,0.0,OTHER,OTHER,36.1684526,-95.3615718,2018,2018-02-10,18.17,2,0,N,       ,N,N,0,Sleet/Hail/Freezing Rain,Dark / Unlighted,3.0,20,0,Roadway Departure Right,0,Y,0.0,D,99.0,0.0,9,Y,1.0,Unknown,99.0,0,0,0,Unsafe Speed,For Ice or Snow on Roadway,0,0,0,0,0,0,0,0,0,0,0,0,0,0,0,0,0,0,0,0,0,0,0,0,0,0,0,0,0,0,0,1,0,0,1,1,1
300348763,Cherokee,southern,,County Road,0,0.0,0.0,property_damage,0.0,0,0.0,0.0,0.0,F-O DITCH,FIXED-OBJECT,35.9361,-95.0113,2018,2018-02-17,21.3,1,0,N,       ,Y,N,1,Clear,Dark / Unlighted,1.0,20,0,Roadway Departure Right,0,N,0.0,D,20.0,42.0,F,Y,1.0,Drinking - Ability Impaired,4.0,0,0,0,Alcohol-DUI/DWI,Alcohol-DUI/DWI,0,1,0,0,0,0,0,0,0,0,0,0,0,0,0,0,0,0,0,0,0,0,0,0,0,0,0,0,0,0,0,0,0,0,0,1,0
300348767,Tulsa,tulsa,US-75,US Route,0,0.0,0.0,fatal,0.0,1,0.0,0.0,0.0,F-O BARR-CONCRETE,FIXED-OBJECT,36.2171929,-95.9442175,2018,2018-02-12,6.5,1,0,N,       ,N,N,0,Clear,Dawn,1.0,19,0,Roadway Departure Left,1,N,0.0,D,2.0,36.0,M,Y,5.0,Unknown,4.0,0,0,0,Other Improper Act/Movement,Other,0,0,0,0,0,0,0,0,0,0,0,0,0,0,0,0,0,0,0,0,0,0,0,0,0,0,0,0,1,0,0,0,0,0,0,1,0
300348807,Tulsa,northern,,County Road,0,0.0,0.0,property_damage,0.0,0,0.0,0.0,0.0,F-O UTIL-POLE,FIXED-OBJECT,36.2784,-95.9125,2018,2018-02-10,18.06,1,0,N,       ,N,N,0,Sleet/Hail/Freezing Rain,Dark / Unlighted,3.0,19,0,Roadway Departure Left,0,N,0.0,D,4.0,35.0,M,Y,1.0,Apparently Normal,4.0,0,0,0,Unsafe Speed,For Ice or Snow on Roadway,0,0,0,0,0,0,0,0,0,0,0,0,0,0,0,0,0,0,0,0,0,0,0,0,0,0,0,0,0,0,0,1,0,0,1,1,1
300348871,Tulsa,tulsa,,City Street,7,0.0,0.0,property_damage,0.0,0,0.0,0.0,0.0,OTHER,OTHER,36.16414219,-95.9514977,2018,2018-02-18,17.59,2,0,N,       ,Y,N,1,Cloudy,Dark / Unlighted,1.0,35,0,No Roadway Departure,0,N,0.0,D,20.0,29.0,F,Y,1.0,Drinking - Ability Impaired,99.0,0,0,0,Alcohol-DUI/DWI,Alcohol-DUI/DWI,0,1,0,0,0,0,0,0,0,0,0,0,0,0,0,0,0,0,0,0,0,0,0,0,0,0,0,0,0,0,0,0,0,0,0,1,0
300348895,Sequoyah,southern,I-40,Interstate,0,0.0,0.0,property_damage,0.0,0,0.0,0.0,0.0,ROLLOVER,ROLLOVER,35.4473236,-94.7830282,2018,2018-02-10,22.27,1,0,N,       ,N,N,0,Sleet/Hail/Freezing Rain,Dark / Unlighted,3.0,20,0,Roadway Departure Right,0,N,0.0,D,4.0,55.0,M,Y,1.0,Apparently Normal,4.0,0,0,0,Unsafe Speed,For Ice or Snow on Roadway,0,0,0,0,0,0,0,0,0,0,0,0,0,0,0,0,0,0,0,0,0,0,0,0,0,0,0,0,0,0,0,1,0,0,1,1,1
300348907,Mayes,northern,,County Road,0,76.0,0.0,possible_injury,0.0,0,0.0,0.0,1.0,F-O CULVERT,FIXED-OBJECT,36.1353,-95.1721,2018,2018-02-14,23.38,1,0,N,       ,N,N,0,Cloudy,Dark / Unlighted,2.0,19,0,Roadway Departure Left,1,Y,0.0,D,20.0,25.0,F,Y,2.0,Sleepy,1.0,0,0,1,Apparently Sleepy,Apparently Sleepy,0,0,0,1,0,0,0,0,0,0,0,0,0,0,0,0,0,0,0,0,0,0,0,0,0,0,0,0,0,0,0,0,0,0,0,1,0
300349019,Mayes,northern,,County Road,0,76.0,0.0,fatal,1.0,1,1.0,0.0,0.0,F-O FENCE,FIXED-OBJECT,36.2116,-95.047,2017,2017-10-16,2.18,1,0,N,       ,Y,N,1,Cloudy,Dark / Unlighted,1.0,19,0,Roadway Departure Left,1,N,0.0,D,4.0,41.0,M,Y,4.0,Drinking - Ability Impaired,1.0,0,0,0,Alcohol-DUI/DWI,Alcohol-DUI/DWI,0,1,0,0,0,0,0,0,0,0,0,0,0,0,0,0,0,0,0,0,0,0,0,0,0,0,0,0,0,0,0,0,0,0,0,1,0
300349020,Mayes,northern,SH-28,State Highway,0,0.0,0.0,property_damage,0.0,0,0.0,0.0,0.0,F-O DITCH,FIXED-OBJECT,36.449024,-95.1823672,2018,2018-02-19,20.05,1,0,N,       ,Y,N,1,Rain,Dark / Unlighted,2.0,19,0,Roadway Departure Left,1,N,0.0,D,2.0,47.0,M,Y,1.0,Drinking - Ability Impaired,4.0,0,0,0,Alcohol-DUI/DWI,Alcohol-DUI/DWI,0,1,0,0,0,0,0,0,0,0,0,0,0,0,0,0,0,0,0,0,0,0,0,0,0,0,0,0,0,0,0,0,0,0,1,1,0
300349107,Rogers,northern,I-44,Turnpike Interstate,0,0.0,0.0,property_damage,0.0,0,0.0,0.0,0.0,F-O BARR-CONCRETE,FIXED-OBJECT,36.2051084,-95.7054484,2018,2018-02-10,20.4,1,0,N,       ,N,N,0,Sleet/Hail/Freezing Rain,Dark / Unlighted,3.0,19,0,Roadway Departure Right,0,N,0.0,D,4.0,18.0,F,Y,1.0,Apparently Normal,4.0,0,1,0,Unsafe Speed,For Ice or Snow on Roadway,0,0,0,0,0,0,0,0,0,0,0,0,0,0,0,0,0,0,0,0,0,0,0,0,0,0,0,0,0,0,0,1,0,0,1,1,1
300349126,Craig,northern,US-60,US Route,0,0.0,0.0,property_damage,0.0,0,0.0,0.0,0.0,OTH-BACKING,OTH-BACKING,36.6269553,-95.0949928,2018,2018-02-19,22.06,2,1,N,       ,N,N,0,Rain,Dark / Unlighted,2.0,27,0,Roadway Departure Right,0,N,0.0,D,8.0,61.0,M,Y,1.0,Apparently Normal,4.0,0,0,0,Stopped in Traffic Lane,Stopped in Traffic Lane,0,0,0,0,0,0,0,0,0,0,0,0,0,0,0,0,0,0,0,0,0,0,0,0,0,0,0,0,0,0,1,0,0,0,1,1,0
300349208,Rogers,northern,,County Road,0,0.0,0.0,property_damage,0.0,0,0.0,0.0,0.0,F-O MAILBOX,FIXED-OBJECT,36.3899,-95.6149,2018,2018-02-17,4.29,1,0,N,       ,N,N,0,Rain,Dark / Unlighted,2.0,19,0,Roadway Departure Left,0,N,0.0,D,4.0,19.0,M,Y,1.0,Apparently Normal,4.0,0,1,0,Unsafe Speed,Rain or Wet Roadway,0,0,0,0,0,0,0,0,0,0,0,0,0,0,0,0,0,0,0,0,0,0,0,0,0,0,0,0,0,0,0,1,0,0,1,1,0
300349211,Tulsa,tulsa,,City Street,6,0.0,0.0,property_damage,0.0,0,0.0,0.0,0.0,HEAD-ON,HEAD-ON,36.1905962,-95.91041177,2018,2018-02-18,19.15,2,0,N,       ,N,N,0,Cloudy,Dark / Unlighted,2.0,18,0,No Roadway Departure,0,Y,0.0,D,4.0,0.0,9,Y,1.0,Unknown,99.0,0,0,0,Left of Center,In Meeting,0,0,0,0,0,0,0,0,0,0,0,0,0,0,0,0,0,0,0,0,0,0,0,0,0,1,0,0,0,0,0,0,0,0,0,1,0
300349216,Tulsa,tulsa,SH-11,State Highway,1,20.0,0.0,property_damage,0.0,0,0.0,0.0,0.0,F-O TRAFF-SIGNAL,FIXED-OBJECT,36.1748748,-95.884972,2018,2018-02-12,20.43,1,0,N,       ,N,N,0,Clear,Dark / Unlighted,1.0,20,0,Roadway Departure Right,0,N,0.0,D,4.0,16.0,M,Y,1.0,Apparently Normal,4.0,0,1,0,Inattention,Distraction from Outside Vehicle,0,0,0,0,0,0,0,0,0,0,0,0,0,0,0,0,0,0,0,0,0,0,0,0,1,0,0,0,0,0,0,0,0,0,0,1,0
300349276,Tulsa,tulsa,I-244,Interstate,0,0.0,0.0,incapacitating_injury,1.0,0,1.0,0.0,0.0,PEDESTRIAN,PEDESTRIAN,36.1663972,-95.8445413,2018,2018-01-12,20.03,1,0,N,       ,N,N,0,Clear,Dark / Unlighted,1.0,21,1,Roadway Departure Right,0,Y,9.0,D,99.0,0.0,9,Y,1.0,Unknown,99.0,0,0,0,Other Improper Act/Movement,Other,0,0,0,0,0,0,0,0,0,0,0,0,0,0,0,0,0,0,0,0,0,0,0,0,0,0,0,0,1,0,0,0,0,0,0,1,0
300349282,Tulsa,northern,US-75,US Route,0,0.0,0.0,incapacitating_injury,1.0,0,1.0,0.0,0.0,F-O BARR-CABLE,FIXED-OBJECT,36.2381518,-95.9446115,2018,2018-02-21,17.53,1,0,N,       ,N,N,0,Sleet/Hail/Freezing Rain,Dusk,3.0,19,0,Roadway Departure Left,0,N,0.0,D,20.0,62.0,F,Y,4.0,Apparently Normal,4.0,0,0,0,Unsafe Speed,For Ice or Snow on Roadway,0,0,0,0,0,0,0,0,0,0,0,0,0,0,0,0,0,0,0,0,0,0,0,0,0,0,0,0,0,0,0,1,0,0,1,1,1
300349340,Delaware,northern,,County Road,0,0.0,0.0,property_damage,0.0,0,0.0,0.0,0.0,F-O TREE,FIXED-OBJECT,36.4523,-94.7501,2018,2018-02-20,22.15,1,0,N,       ,N,N,0,Rain,Dark / Unlighted,2.0,20,0,Roadway Departure Right,0,N,0.0,D,4.0,49.0,M,Y,1.0,Apparently Normal,4.0,0,0,0,Unsafe Speed,Rain or Wet Roadway,0,0,0,0,0,0,0,0,0,0,0,0,0,0,0,0,0,0,0,0,0,0,0,0,0,0,0,0,0,0,0,1,0,0,1,1,0
300349383,Cherokee,southern,US-62,US Route,0,0.0,0.0,property_damage,0.0,0,0.0,0.0,0.0,ANIMAL,ANIMAL,35.8001559,-95.0994482,2018,2018-01-09,21.31,1,0,N,       ,N,N,0,Clear,Dark / Unlighted,0.0,34,0,No Roadway Departure,0,N,0.0,A,0.0,0.0,,N,0.0,,0.0,0,0,0,Deer in Roadway,Deer in Roadway,0,0,0,0,0,0,0,1,0,0,0,0,0,0,0,0,0,0,0,0,0,0,0,0,0,0,0,0,0,0,0,0,0,0,0,1,0
300349384,Adair,southern,US-59,US Route,0,0.0,0.0,property_damage,0.0,0,0.0,0.0,0.0,F-O CULVERT,FIXED-OBJECT,35.9081368,-94.6231408,2018,2018-02-21,19.57,1,0,N,       ,Y,N,1,Clear,Dark / Unlighted,2.0,20,0,Roadway Departure Right,0,N,0.0,D,2.0,81.0,M,Y,1.0,Odor of Alcohol Beverage,4.0,1,0,0,Unsafe Speed,Rain or Wet Roadway,0,0,0,0,0,0,0,0,0,0,0,0,0,0,0,0,0,0,0,0,0,0,0,0,0,0,0,0,0,0,0,1,0,0,0,1,0
300349399,Rogers,northern,I-44,Turnpike Interstate,0,0.0,0.0,non_incapacitating_injury,1.0,0,0.0,1.0,0.0,F-O BARR-CONCRETE,FIXED-OBJECT,36.2876036,-95.6151155,2018,2018-02-18,20.24,1,0,N,       ,N,Y,1,Rain,Dark / Unlighted,2.0,19,0,Roadway Departure Right,0,N,0.0,D,2.0,41.0,M,Y,3.0,Illigal Drugs,4.0,0,0,0,Drug-DUI,Drug-DUI,0,0,0,0,0,0,0,0,0,0,0,1,0,0,0,0,0,0,0,0,0,0,0,0,0,0,0,0,0,0,0,0,0,0,1,1,0
300349497,Ottawa,northern,SH-125,State Highway,0,10.0,0.0,property_damage,0.0,0,0.0,0.0,0.0,F-O GUARDRL-FACE,FIXED-OBJECT,36.80296,-94.8554191,2018,2018-02-21,18.15,1,0,N,       ,N,N,0,Sleet/Hail/Freezing Rain,Dark / Unlighted,3.0,20,0,Roadway Departure Right,0,N,0.0,D,20.0,35.0,F,Y,1.0,Apparently Normal,4.0,0,0,0,Unsafe Speed,For Ice or Snow on Roadway,0,0,0,0,0,0,0,0,0,0,0,0,0,0,0,0,0,0,0,0,0,0,0,0,0,0,0,0,0,0,0,1,0,0,1,1,1
300349502,Mayes,northern,SH412B,State Highway,0,76.0,0.0,possible_injury,0.0,0,0.0,0.0,1.0,HEAD-ON,HEAD-ON,36.1782496,-95.2792827,2018,2018-02-23,6.46,2,0,N,       ,N,N,0,Cloudy,Dawn,2.0,18,0,Roadway Departure Right,1,N,0.0,D,4.0,48.0,M,Y,1.0,Apparently Normal,4.0,0,0,0,Left of Center,In Meeting,0,0,0,0,0,0,0,0,0,0,0,0,0,0,0,0,0,0,0,0,0,0,0,0,0,1,0,0,0,0,0,0,0,0,0,1,0
300349505,Delaware,northern,US-59,US Route,0,0.0,0.0,property_damage,0.0,0,0.0,0.0,0.0,SIDESWIPE-SAME,SIDESWIPE-SAME,36.1790834,-94.6796852,2018,2018-02-22,17.31,2,1,N,       ,N,N,0,Rain,Dark / Unlighted,2.0,16,0,No Roadway Departure,0,N,0.0,D,2.0,83.0,M,Y,1.0,Apparently Normal,4.0,1,0,0,Unsafe Speed,Rain or Wet Roadway,0,0,0,0,0,0,0,0,0,0,0,0,0,0,0,0,0,0,0,0,0,0,0,0,0,0,0,0,0,0,0,1,0,0,1,1,0
300349523,Sequoyah,southern,,County Road,0,0.0,0.0,property_damage,0.0,0,0.0,0.0,0.0,F-O TREE,FIXED-OBJECT,35.5948,-94.9364,2018,2018-02-22,23.24,1,0,N,       ,N,N,0,Rain,Dark / Unlighted,2.0,19,0,Roadway Departure Left,0,N,0.0,D,4.0,42.0,F,Y,1.0,Unknown,99.0,0,0,0,Unsafe Speed,For Type of Roadway (Pavement Surface),0,0,0,0,0,0,0,0,0,0,0,0,0,0,0,0,0,0,0,0,0,0,0,0,0,0,0,0,0,0,0,1,0,0,1,1,0
300349524,Sequoyah,southern,US-59,US Route,0,0.0,0.0,property_damage,0.0,0,0.0,0.0,0.0,F-O EMBANKMENT,FIXED-OBJECT,35.4218856,-94.8056059,2018,2018-02-24,1.54,1,0,N,       ,Y,N,1,Rain,Dark / Unlighted,2.0,20,0,Roadway Departure Right,0,Y,0.0,D,4.0,24.0,M,Y,1.0,Odor of Alcohol Beverage,1.0,0,0,0,Wrong Way,On One Way,0,0,0,0,0,0,0,0,0,0,0,0,0,0,0,0,0,0,0,0,0,0,0,0,0,0,0,0,0,0,0,0,0,1,1,1,0
300349529,McIntosh,southern,,County Road,0,0.0,0.0,property_damage,0.0,0,0.0,0.0,0.0,ROLLOVER,ROLLOVER,35.4207,-95.4377,2018,2018-02-23,19.38,1,0,N,       ,N,N,0,Rain,Dark / Unlighted,7.0,20,0,Roadway Departure Right,0,N,0.0,D,2.0,26.0,F,Y,1.0,Apparently Normal,99.0,0,0,0,Unsafe Speed,Rain or Wet Roadway,0,0,0,0,0,0,0,0,0,0,0,0,0,0,0,0,0,0,0,0,0,0,0,0,0,0,0,0,0,0,0,1,0,0,1,1,1
300349594,Tulsa,tulsa,,City Street,5,9.0,0.0,non_incapacitating_injury,1.0,0,0.0,1.0,1.0,OTH-SINGLE-VEH,OTH-SINGLE-VEH,36.17375381,-95.9402887,2018,2018-02-23,20.39,1,0,N,663779N,N,N,0,Rain,Dark / Unlighted,2.0,33,0,No Roadway Departure,0,N,0.0,D,2.0,65.0,M,Y,2.0,Apparently Normal,4.0,1,0,0,Failed to Stop,For Railroad Gates/Signal,0,0,0,0,0,0,0,0,0,0,0,0,0,0,1,0,0,0,0,0,0,0,0,0,0,0,0,0,0,0,0,0,0,0,1,1,0
300349784,Delaware,northern,US-59,US Route,0,0.0,0.0,property_damage,0.0,0,0.0,0.0,0.0,F-O GUARDRL-FACE,FIXED-OBJECT,36.3974851,-94.8198424,2018,2018-02-17,1.04,1,0,N,       ,Y,N,1,Rain,Dark / Unlighted,2.0,19,0,Roadway Departure Right,0,N,0.0,D,4.0,64.0,M,Y,1.0,Odor of Alcohol Beverage,4.0,0,0,0,Unsafe Speed,Rain or Wet Roadway,0,0,0,0,0,0,0,0,0,0,0,0,0,0,0,0,0,0,0,0,0,0,0,0,0,0,0,0,0,0,0,1,0,0,1,1,0