crash_id,county,region,highway_name,highway_class,intersection_rel,special_feature_1,special_feature_2,severity_level,visual_injured_num,fatal_num,suspected_serious_injured_num,non_incapacitated_injured_num,possibly_injured_num,crash_type,main_crash_type,latitude,longitude,year,date,time,number_of_vehicles,number_of_commercial_vehicles,work_zone,railroad_crossing,alcohol,drug,Alcohol or Drug,weather_condition,lighting_condition,road_condition,manner_of_collision,pedestrians_num,roadway_departure,cross_centerline,hit_and_run,emergency_vehicle_use,unit_type,vehicle_type,age,sex,driver_of_vehicle,injury_severity,person_condition,restraint_use,older_driver,teen_driver,Sleepy/Ill/Dizzy Driver,unsafe_unlaw_category,unsafe_unlaw_desc,Abnormal Traffic Control,Alcohol-DUI/DWI,Animal in Roadway,Apparently Sleepy,Avoiding Other Vehicle,Avoiding Pedestrian,Changed Lanes Unsafely,Deer in Roadway,Defect in Roadway,Disregarded Warning Signal,Domestic Animal in Roadway,Drug-DUI,Failed to Secure Load,Failed to Signal,Failed to Stop,Failed to Yield,Followed too Closely,Improper Backing,Improper Bicyclist Action,Improper Overtaking,Improper Parking,Improper Start From,Improper Turn,Improper Use of Lane,Distraction,Left of Center,No Improper Action by Driver,Object/Debris in Roadway,Other Improper Act/Movement,Pedestrian Action,Stopped in Traffic Lane,Speeding,Unsafe Vehicle,Wrong Way,Bad Weather,Bad Lighting,Bad Road Condition
300383199,Sequoyah,southern,SH-82,State Highway,0,0.0,0.0,property_damage,0.0,0,0.0,0.0,0.0,ROLLOVER,ROLLOVER,35.6225611,-94.9604438,2018,2018-10-12,21.58,1,0,N,       ,Y,N,1,Cloudy,Dark / Unlighted,2.0,19.0,0,Roadway Departure Left,0,N,0.0,D,2.0,32.0,M,Y,1.0,Odor of Alcohol Beverage,4.0,0,0,0,Unsafe Speed,On Curve/Turn,0,0,0,0,0,0,0,0,0,0,0,0,0,0,0,0,0,0,0,0,0,0,0,0,0,0,0,0,0,0,0,1,0,0,0,1,0
300383268,Muskogee,southern,,County Road,0,0.0,0.0,possible_injury,0.0,0,0.0,0.0,1.0,F-O TREE,FIXED-OBJECT,35.4498,-95.2601,2018,2018-10-13,17.42,1,0,N,       ,Y,N,1,Rain,Dusk,5.0,19.0,0,Roadway Departure Left,0,N,0.0,D,4.0,20.0,M,Y,1.0,Odor of Alcohol Beverage,4.0,0,0,0,Unsafe Speed,Rain or Wet Roadway,0,0,0,0,0,0,0,0,0,0,0,0,0,0,0,0,0,0,0,0,0,0,0,0,0,0,0,0,0,0,0,1,0,0,1,1,1
300383378,Craig,northern,I-44,Turnpike Interstate,0,5.0,0.0,possible_injury,0.0,0,0.0,0.0,1.0,ROLLOVER,ROLLOVER,36.5397933,-95.2369504,2018,2018-10-04,5.48,1,0,Y,       ,N,N,0,Rain,Dark / Unlighted,2.0,20.0,0,Roadway Departure Right,0,N,0.0,D,4.0,27.0,F,Y,2.0,Apparently Normal,4.0,0,0,0,Unsafe Speed,Rain or Wet Roadway,0,0,0,0,0,0,0,0,0,0,0,0,0,0,0,0,0,0,0,0,0,0,0,0,0,0,0,0,0,0,0,1,0,0,1,1,0
300383433,Tulsa,northern,US-75,US Route,0,0.0,0.0,property_damage,0.0,0,0.0,0.0,0.0,F-O BARR-CABLE,FIXED-OBJECT,36.3049554,-95.9237701,2018,2018-09-29,2.59,1,0,N,       ,Y,N,1,Clear,Dark / Unlighted,1.0,19.0,0,Roadway Departure Right,0,N,0.0,D,4.0,38.0,M,Y,1.0,Drinking - Ability Impaired,4.0,0,0,0,Alcohol-DUI/DWI,Alcohol-DUI/DWI,0,1,0,0,0,0,0,0,0,0,0,0,0,0,0,0,0,0,0,0,0,0,0,0,0,0,0,0,0,0,0,0,0,0,0,1,0
300383440,Tulsa,tulsa,I-244,Interstate,0,0.0,0.0,possible_injury,0.0,0,0.0,0.0,1.0,F-O IMPACT-ATTEN,FIXED-OBJECT,36.1617664,-95.8269584,2018,2018-10-09,23.02,1,0,N,       ,N,N,0,Clear,Dark / Unlighted,1.0,19.0,0,Roadway Departure Left,0,N,0.0,D,2.0,34.0,F,Y,2.0,Apparently Normal,4.0,0,0,0,Improper Use of Lane,Improper Use of Lane,0,0,0,0,0,0,0,0,0,0,0,0,0,0,0,0,0,0,0,0,0,0,0,1,0,0,0,0,0,0,0,0,0,0,0,1,0
300383441,Tulsa,northern,,County Road,0,1.0,0.0,non_incapacitating_injury,1.0,0,0.0,1.0,0.0,ANGLE-TURNING,ANGLE-TURNING,36.264,-95.9182,2018,2018-10-03,5.19,2,0,N,       ,N,N,0,Clear,Dark / Unlighted,1.0,7.0,0,No Roadway Departure,0,N,0.0,D,20.0,31.0,M,Y,1.0,Apparently Normal,4.0,0,0,0,Improper Turn,In Front of Oncoming Traffic,0,0,0,0,0,0,0,0,0,0,0,0,0,0,0,0,0,0,0,0,0,0,1,0,0,0,0,0,0,0,0,0,0,0,0,1,0
300383448,Tulsa,northern,US-75,US Route,0,0.0,0.0,possible_injury,0.0,0,0.0,0.0,1.0,F-O BARR-CABLE,FIXED-OBJECT,36.3370094,-95.9239712,2018,2018-10-04,0.55,1,0,N,       ,Y,N,1,Clear,Dark / Unlighted,1.0,19.0,0,Roadway Departure Left,1,N,0.0,D,20.0,46.0,M,Y,2.0,Drinking - Ability Impaired,11.0,0,0,0,Alcohol-DUI/DWI,Alcohol-DUI/DWI,0,1,0,0,0,0,0,0,0,0,0,0,0,0,0,0,0,0,0,0,0,0,0,0,0,0,0,0,0,0,0,0,0,0,0,1,0
300383500,Craig,northern,I-44,Turnpike Interstate,0,0.0,0.0,property_damage,0.0,0,0.0,0.0,0.0,ANGLE-OTHER,ANGLE-OTHER,36.6372637,-95.1267141,2018,2018-10-12,23.57,2,1,N,       ,N,N,0,Cloudy,Dark / Unlighted,1.0,22.0,0,Roadway Departure Right,0,N,0.0,D,4.0,76.0,F,Y,1.0,Other,4.0,1,0,0,Improper Turn,Turn About/U-Turn,0,0,0,0,0,0,0,0,0,0,0,0,0,0,0,0,0,0,0,0,0,0,1,0,0,0,0,0,0,0,0,0,0,0,0,1,0
300383501,Rogers,northern,US-169,US Route,1,0.0,0.0,possible_injury,0.0,0,0.0,0.0,1.0,RIGHT-ANGLE,RIGHT-ANGLE,36.408132,-95.7540912,2018,2018-10-08,19.45,2,0,N,       ,N,N,0,Cloudy,Dark / Unlighted,1.0,1.0,0,Roadway Departure Left,0,N,0.0,D,2.0,66.0,M,Y,1.0,Apparently Normal,4.0,1,0,0,Failed to Yield,From Stop Sign,0,0,0,0,0,0,0,0,0,0,0,0,0,0,0,1,0,0,0,0,0,0,0,0,0,0,0,0,0,0,0,0,0,0,0,1,0
300383511,Muskogee,southern,,County Road,0,99.0,80.0,property_damage,0.0,0,0.0,0.0,0.0,F-O TREE,FIXED-OBJECT,35.5796,-95.1906,2018,2018-10-16,6.28,1,0,N,       ,N,N,0,Clear,Dark / Unlighted,1.0,20.0,0,Roadway Departure Right,0,N,0.0,D,2.0,29.0,M,Y,1.0,Sleepy,4.0,0,0,1,Inattention,Other,0,0,0,0,0,0,0,0,0,0,0,0,0,0,0,0,0,0,0,0,0,0,0,0,1,0,0,0,0,0,0,0,0,0,0,1,0
300383512,Muskogee,southern,US-64,US Route,0,76.0,0.0,property_damage,0.0,0,0.0,0.0,0.0,SIDESWIPE-OPP,SIDESWIPE-OPP,35.4934178,-95.2670247,2018,2018-10-15,6.24,2,0,N,       ,N,N,0,Cloudy,Dark / Unlighted,1.0,17.0,0,Roadway Departure Right,1,N,0.0,D,1.0,32.0,M,Y,1.0,Sleepy,4.0,0,0,1,Inattention,Other,0,0,0,0,0,0,0,0,0,0,0,0,0,0,0,0,0,0,0,0,0,0,0,0,1,0,0,0,0,0,0,0,0,0,0,1,0
300383543,Adair,southern,US-62,US Route,0,0.0,0.0,non_incapacitating_injury,1.0,0,0.0,1.0,0.0,OTHER,OTHER,35.9903154,-94.6334096,2018,2018-10-14,7.4,2,0,N,       ,N,N,0,Cloudy,Dusk,2.0,20.0,0,Roadway Departure Right,0,N,0.0,D,4.0,18.0,F,Y,3.0,Apparently Normal,4.0,0,1,0,Unsafe Speed,Rain or Wet Roadway,0,0,0,0,0,0,0,0,0,0,0,0,0,0,0,0,0,0,0,0,0,0,0,0,0,0,0,0,0,0,0,1,0,0,0,1,0
300383544,Cherokee,southern,,County Road,0,0.0,0.0,non_incapacitating_injury,1.0,0,0.0,1.0,2.0,F-O TREE,FIXED-OBJECT,35.9168,-94.9137,2018,2018-10-12,21.17,1,0,N,       ,N,N,0,Cloudy,Dark / Unlighted,2.0,19.0,0,Roadway Departure Left,0,N,0.0,D,1.0,18.0,M,Y,2.0,Apparently Normal,1.0,0,1,0,Unsafe Speed,Rain or Wet Roadway,0,0,0,0,0,0,0,0,0,0,0,0,0,0,0,0,0,0,0,0,0,0,0,0,0,0,0,0,0,0,0,1,0,0,0,1,0
300383545,Adair,southern,,County Road,0,99.0,80.0,property_damage,0.0,0,0.0,0.0,0.0,F-O TREE,FIXED-OBJECT,36.1078,-94.5903,2018,2018-10-14,5.22,1,0,N,       ,Y,N,1,Rain,Dark / Unlighted,2.0,19.0,0,Roadway Departure Right,0,N,0.0,D,2.0,28.0,M,Y,1.0,Odor of Alcohol Beverage,4.0,0,0,0,Unsafe Speed,Rain or Wet Roadway,0,0,0,0,0,0,0,0,0,0,0,0,0,0,0,0,0,0,0,0,0,0,0,0,0,0,0,0,0,0,0,1,0,0,1,1,0
300383548,Sequoyah,southern,I-40,Interstate,0,0.0,0.0,possible_injury,0.0,0,0.0,0.0,1.0,F-O GUARDRL-END,FIXED-OBJECT,35.4916074,-95.0151896,2018,2018-10-16,0.32,1,0,N,       ,N,N,0,Clear,Dark / Unlighted,1.0,19.0,0,Roadway Departure Left,0,N,0.0,D,20.0,70.0,F,Y,2.0,Apparently Normal,4.0,1,0,0,Improper Turn,From Direct Course,0,0,0,0,0,0,0,0,0,0,0,0,0,0,0,0,0,0,0,0,0,0,1,0,0,0,0,0,0,0,0,0,0,0,0,1,0
300383561,Sequoyah,southern,I-40,Interstate,0,0.0,0.0,property_damage,0.0,0,0.0,0.0,0.0,F-O TRAFF-SIGN,FIXED-OBJECT,35.4488917,-94.7764108,2018,2018-10-14,7.24,1,0,N,       ,N,N,0,Cloudy,Dark / Unlighted,2.0,20.0,0,Roadway Departure Right,0,Y,0.0,D,21.0,0.0,9,Y,1.0,Unknown,99.0,0,0,0,Unsafe Speed,Rain or Wet Roadway,0,0,0,0,0,0,0,0,0,0,0,0,0,0,0,0,0,0,0,0,0,0,0,0,0,0,0,0,0,0,0,1,0,0,0,1,0
300383566,Rogers,northern,I-44,Turnpike Interstate,0,0.0,0.0,property_damage,0.0,0,0.0,0.0,0.0,OTHER,OTHER,36.3208125,-95.5465843,2018,2018-10-13,22.46,2,2,N,       ,N,N,0,Cloudy,Dark / Unlighted,2.0,20.0,0,Roadway Departure Right,0,N,0.0,D,10.0,26.0,M,Y,1.0,Apparently Normal,4.0,0,0,0,Inattention,Other Distraction Inside Vehicle,0,0,0,0,0,0,0,0,0,0,0,0,0,0,0,0,0,0,0,0,0,0,0,0,1,0,0,0,0,0,0,0,0,0,0,1,0
300383569,Tulsa,tulsa,I-244,Interstate,1,21.0,0.0,property_damage,0.0,0,0.0,0.0,0.0,ANGLE-TURNING,ANGLE-TURNING,36.1627863,-95.9000138,2018,2018-10-16,6.3,2,0,N,       ,N,N,0,Cloudy,Dawn,1.0,8.0,0,No Roadway Departure,0,N,0.0,D,2.0,30.0,M,Y,1.0,Apparently Normal,4.0,0,0,0,Improper Turn,Right,0,0,0,0,0,0,0,0,0,0,0,0,0,0,0,0,0,0,0,0,0,0,1,0,0,0,0,0,0,0,0,0,0,0,0,1,0
300383708,Mayes,northern,US-412,US Route,0,0.0,0.0,non_incapacitating_injury,2.0,0,0.0,2.0,0.0,F-O DITCH,FIXED-OBJECT,36.199413,-95.1202854,2018,2018-10-13,0.5,1,0,N,       ,N,N,0,Cloudy,Dark / Unlighted,1.0,19.0,0,Roadway Departure Left,1,N,0.0,D,2.0,24.0,M,Y,3.0,Sleepy,4.0,0,0,1,Inattention,Other,0,0,0,0,0,0,0,0,0,0,0,0,0,0,0,0,0,0,0,0,0,0,0,0,1,0,0,0,0,0,0,0,0,0,0,1,0
300383726,Washington,northern,US-75,US Route,0,1.0,0.0,non_incapacitating_injury,2.0,0,0.0,2.0,0.0,ANGLE-TURNING,ANGLE-TURNING,36.6005838,-95.9352265,2018,2018-10-15,1.32,2,1,N,       ,N,N,0,Cloudy,Dark / Unlighted,2.0,6.0,0,No Roadway Departure,0,N,0.0,D,10.0,53.0,M,Y,1.0,Apparently Normal,4.0,0,0,0,Failed to Yield,Private Drive,0,0,0,0,0,0,0,0,0,0,0,0,0,0,0,1,0,0,0,0,0,0,0,0,0,0,0,0,0,0,0,0,0,0,0,1,0
300383734,Delaware,northern,US-59,US Route,0,0.0,0.0,property_damage,0.0,0,0.0,0.0,0.0,SIDESWIPE-OPP,SIDESWIPE-OPP,36.3393427,-94.8095832,2018,2018-10-13,21.17,2,0,N,       ,Y,N,1,Rain,Dark / Unlighted,2.0,17.0,0,Roadway Departure Right,0,N,0.0,D,2.0,43.0,M,Y,1.0,Odor of Alcohol Beverage,4.0,0,0,0,Unsafe Speed,Rain or Wet Roadway,0,0,0,0,0,0,0,0,0,0,0,0,0,0,0,0,0,0,0,0,0,0,0,0,0,0,0,0,0,0,0,1,0,0,1,1,0
300383739,Delaware,northern,SH-10,State Highway,0,76.0,0.0,property_damage,0.0,0,0.0,0.0,0.0,HEAD-ON,HEAD-ON,36.617486,-94.7114345,2018,2018-10-14,0.55,2,0,N,       ,N,N,0,Cloudy,Dark / Unlighted,2.0,18.0,0,Roadway Departure Right,1,N,0.0,D,2.0,29.0,M,Y,1.0,Sleepy,4.0,0,0,1,Apparently Sleepy,Apparently Sleepy,0,0,0,1,0,0,0,0,0,0,0,0,0,0,0,0,0,0,0,0,0,0,0,0,0,0,0,0,0,0,0,0,0,0,0,1,0
300383858,Ottawa,northern,SH-125,State Highway,0,0.0,0.0,possible_injury,0.0,0,0.0,0.0,1.0,F-O POLE-OTHER,FIXED-OBJECT,36.8442168,-94.8557357,2018,2018-10-10,6.43,1,0,N,       ,N,N,0,Cloudy,Dark / Unlighted,2.0,20.0,0,Roadway Departure Right,0,N,0.0,D,2.0,22.0,M,Y,2.0,Sleepy,4.0,0,0,1,Apparently Sleepy,Apparently Sleepy,0,0,0,1,0,0,0,0,0,0,0,0,0,0,0,0,0,0,0,0,0,0,0,0,0,0,0,0,0,0,0,0,0,0,0,1,0
300383973,Sequoyah,southern,SH-64B,State Highway,0,0.0,0.0,property_damage,0.0,0,0.0,0.0,0.0,ANIMAL,ANIMAL,35.4681895,-94.6021623,2018,2018-10-04,6.5,1,0,N,       ,N,N,0,Cloudy,Dawn,0.0,34.0,0,No Roadway Departure,0,N,0.0,A,0.0,0.0,,N,0.0,,0.0,0,0,0,Domestic Animal in Roadway,Domestic Animal in Roadway,0,0,0,0,0,0,0,0,0,0,1,0,0,0,0,0,0,0,0,0,0,0,0,0,0,0,0,0,0,0,0,0,0,0,0,1,0
300383977,Sequoyah,southern,US-59,US Route,0,0.0,0.0,property_damage,0.0,0,0.0,0.0,0.0,ANIMAL,ANIMAL,35.5554717,-94.7272231,2018,2018-10-03,5.35,1,0,N,       ,N,N,0,Cloudy,Dark / Unlighted,0.0,34.0,0,No Roadway Departure,0,N,0.0,A,0.0,0.0,,N,0.0,,0.0,0,0,0,Domestic Animal in Roadway,Domestic Animal in Roadway,0,0,0,0,0,0,0,0,0,0,1,0,0,0,0,0,0,0,0,0,0,0,0,0,0,0,0,0,0,0,0,0,0,0,0,1,0
300383979,Sequoyah,southern,US-59,US Route,0,0.0,0.0,property_damage,0.0,0,0.0,0.0,0.0,ANIMAL,ANIMAL,35.5554717,-94.7272231,2018,2018-10-03,5.35,1,0,N,       ,N,N,0,Cloudy,Dark / Unlighted,0.0,34.0,0,No Roadway Departure,0,N,0.0,A,0.0,0.0,,N,0.0,,0.0,0,0,0,Domestic Animal in Roadway,Domestic Animal in Roadway,0,0,0,0,0,0,0,0,0,0,1,0,0,0,0,0,0,0,0,0,0,0,0,0,0,0,0,0,0,0,0,0,0,0,0,1,0
300383980,Sequoyah,southern,I-40,Interstate,0,0.0,0.0,property_damage,0.0,0,0.0,0.0,0.0,F-O BARR-CABLE,FIXED-OBJECT,35.4497928,-94.7495686,2018,2018-10-18,0.49,1,0,N,       ,N,N,0,Clear,Dark / Unlighted,1.0,19.0,0,Roadway Departure Left,0,N,0.0,D,2.0,19.0,M,Y,1.0,Apparently Normal,4.0,0,1,0,Improper Use of Lane,Improper Use of Lane,0,0,0,0,0,0,0,0,0,0,0,0,0,0,0,0,0,0,0,0,0,0,0,1,0,0,0,0,0,0,0,0,0,0,0,1,0
300383982,Delaware,northern,US-59,US Route,1,0.0,0.0,non_incapacitating_injury,2.0,0,0.0,2.0,3.0,ANGLE-TURNING,ANGLE-TURNING,36.1862787,-94.7070522,2018,2018-10-18,18.24,2,0,N,       ,N,N,0,Cloudy,Dusk,1.0,6.0,0,Roadway Departure Left,0,N,0.0,D,4.0,25.0,F,Y,2.0,Apparently Normal,4.0,0,0,0,Unsafe Speed,Exceeding Legal Limit,0,0,0,0,0,0,0,0,0,0,0,0,0,0,0,0,0,0,0,0,0,0,0,0,0,0,0,0,0,0,0,1,0,0,0,1,0
300384151,Craig,northern,SH-82,State Highway,0,0.0,0.0,incapacitating_injury,1.0,0,1.0,0.0,0.0,F-O TREE,FIXED-OBJECT,36.5819549,-95.0596889,2018,2018-10-19,6.47,1,0,N,       ,N,N,0,Rain,Dark / Unlighted,2.0,19.0,0,Roadway Departure Left,0,N,0.0,D,2.0,70.0,F,Y,4.0,Apparently Normal,4.0,1,0,0,Unsafe Speed,Rain or Wet Roadway,0,0,0,0,0,0,0,0,0,0,0,0,0,0,0,0,0,0,0,0,0,0,0,0,0,0,0,0,0,0,0,1,0,0,1,1,0
300384164,Nowata,northern,US169A,US Route,1,0.0,0.0,property_damage,0.0,0,0.0,0.0,0.0,F-O UTIL-POLE,FIXED-OBJECT,36.6737744,-95.6439545,2018,2018-10-13,23.55,1,0,N,       ,N,N,0,Cloudy,Dark / Unlighted,2.0,20.0,0,Roadway Departure Right,0,N,0.0,D,2.0,19.0,F,Y,1.0,Apparently Normal,4.0,0,1,0,Unsafe Speed,On Curve/Turn,0,0,0,0,0,0,0,0,0,0,0,0,0,0,0,0,0,0,0,0,0,0,0,0,0,0,0,0,0,0,0,1,0,0,0,1,0
300384170,Nowata,northern,,County Road,0,0.0,0.0,incapacitating_injury,1.0,0,1.0,0.0,0.0,F-O TREE,FIXED-OBJECT,36.7135,-95.6441,2018,2018-10-19,2.38,1,0,N,       ,N,N,0,Cloudy,Dark / Unlighted,2.0,20.0,0,Roadway Departure Right,0,N,0.0,D,1.0,32.0,F,Y,4.0,Apparently Normal,4.0,0,0,0,Inattention,Other Distraction Inside Vehicle,0,0,0,0,0,0,0,0,0,0,0,0,0,0,0,0,0,0,0,0,0,0,0,0,1,0,0,0,0,0,0,0,0,0,0,1,0
300384210,Sequoyah,southern,SH-82,State Highway,0,0.0,0.0,property_damage,0.0,0,0.0,0.0,0.0,ROLLOVER,ROLLOVER,35.6339219,-94.9630405,2018,2018-10-20,3.42,1,0,N,       ,N,N,0,Clear,Dark / Unlighted,2.0,20.0,0,Roadway Departure Right,0,N,0.0,D,2.0,24.0,F,Y,1.0,Apparently Normal,4.0,0,0,0,Unsafe Speed,Inexperienced Driver - Young,0,0,0,0,0,0,0,0,0,0,0,0,0,0,0,0,0,0,0,0,0,0,0,0,0,0,0,0,0,0,0,1,0,0,0,1,0
300384324,Tulsa,tulsa,,City Street,1,0.0,0.0,possible_injury,0.0,0,0.0,0.0,1.0,RIGHT-ANGLE,RIGHT-ANGLE,36.2061321,-95.8496718,2018,2018-10-22,7.3,2,1,N,       ,N,N,0,Clear,Dawn,1.0,1.0,0,No Roadway Departure,0,N,0.0,D,1.0,21.0,M,Y,2.0,Apparently Normal,4.0,0,0,0,Failed to Yield,From Stop Sign,0,0,0,0,0,0,0,0,0,0,0,0,0,0,0,1,0,0,0,0,0,0,0,0,0,0,0,0,0,0,0,0,0,0,0,1,0
300384399,Tulsa,northern,,County Road,0,80.0,99.0,property_damage,0.0,0,0.0,0.0,0.0,REAR-END,REAR-END,36.3367,-95.882,2018,2018-10-10,19.14,2,0,N,       ,N,N,0,Clear,Dark / Unlighted,1.0,4.0,0,No Roadway Departure,0,N,0.0,D,4.0,15.0,M,Y,1.0,Apparently Normal,4.0,0,1,0,Followed too Closely,Human Element,0,0,0,0,0,0,0,0,0,0,0,0,0,0,0,0,1,0,0,0,0,0,0,0,0,0,0,0,0,0,0,0,0,0,0,1,0
300384430,Muskogee,southern,,County Road,0,0.0,0.0,possible_injury,0.0,0,0.0,0.0,1.0,F-O TREE,FIXED-OBJECT,35.7272,-95.2813,2018,2018-10-20,3.56,1,0,N,       ,Y,N,1,Rain,Dark / Unlighted,2.0,19.0,0,Roadway Departure Left,1,N,0.0,D,2.0,23.0,F,Y,2.0,Drinking - Ability Impaired,4.0,0,0,0,Alcohol-DUI/DWI,Alcohol-DUI/DWI,0,1,0,0,0,0,0,0,0,0,0,0,0,0,0,0,0,0,0,0,0,0,0,0,0,0,0,0,0,0,0,0,0,0,1,1,0
300384463,Tulsa,tulsa,,City Street,6,99.0,80.0,property_damage,0.0,0,0.0,0.0,0.0,OTHER,OTHER,36.1697033,-95.90802787,2018,2018-10-22,0.0,2,0,N,       ,N,N,0,Clear,Dark / Unlighted,1.0,35.0,0,No Roadway Departure,0,Y,0.0,D,99.0,0.0,9,Y,1.0,Unknown,99.0,0,0,0,Inattention,Other,0,0,0,0,0,0,0,0,0,0,0,0,0,0,0,0,0,0,0,0,0,0,0,0,1,0,0,0,0,0,0,0,0,0,0,1,0
300384499,Washington,northern,US-75,US Route,0,0.0,0.0,property_damage,0.0,0,0.0,0.0,0.0,ANIMAL,ANIMAL,36.8222203,-95.9354038,2018,2018-10-22,4.07,1,0,N,       ,N,N,0,Clear,Dark / Unlighted,0.0,34.0,0,No Roadway Departure,0,N,0.0,A,0.0,0.0,,N,0.0,,0.0,0,0,0,Domestic Animal in Roadway,Domestic Animal in Roadway,0,0,0,0,0,0,0,0,0,0,1,0,0,0,0,0,0,0,0,0,0,0,0,0,0,0,0,0,0,0,0,0,0,0,0,1,0
300384560,Tulsa,tulsa,US-75,US Route,0,0.0,0.0,non_incapacitating_injury,1.0,0,0.0,1.0,0.0,REAR-END,REAR-END,36.2097661,-95.9457271,2018,2018-10-23,7.2,2,0,N,       ,N,N,0,Clear,Dawn,1.0,3.0,0,No Roadway Departure,0,N,0.0,D,20.0,24.0,F,Y,1.0,Apparently Normal,4.0,0,0,0,Unsafe Speed,For Traffic Conditions,0,0,0,0,0,0,0,0,0,0,0,0,0,0,0,0,0,0,0,0,0,0,0,0,0,0,0,0,0,0,0,1,0,0,0,1,0
300384847,Adair,southern,US-59,US Route,0,0.0,0.0,non_incapacitating_injury,1.0,0,0.0,1.0,0.0,F-O CULVERT,FIXED-OBJECT,35.7287446,-94.6515376,2018,2018-10-23,2.21,1,0,N,       ,N,N,0,Clear,Dark / Unlighted,1.0,20.0,0,Roadway Departure Right,0,N,0.0,D,2.0,24.0,M,Y,3.0,Apparently Normal,4.0,0,0,0,Improper Use of Lane,Improper Use of Lane,0,0,0,0,0,0,0,0,0,0,0,0,0,0,0,0,0,0,0,0,0,0,0,1,0,0,0,0,0,0,0,0,0,0,0,1,0
300385205,Sequoyah,southern,I-40,Interstate,0,0.0,0.0,property_damage,0.0,0,0.0,0.0,0.0,F-O FENCE,FIXED-OBJECT,35.4540868,-94.8905787,2018,2018-10-17,20.3,1,0,N,       ,N,N,0,Cloudy,Dark / Unlighted,1.0,20.0,0,Roadway Departure Right,0,N,0.0,D,2.0,28.0,M,Y,1.0,Sleepy,4.0,0,0,1,Apparently Sleepy,Apparently Sleepy,0,0,0,1,0,0,0,0,0,0,0,0,0,0,0,0,0,0,0,0,0,0,0,0,0,0,0,0,0,0,0,0,0,0,0,1,0
300385269,Mayes,northern,SH-82,State Highway,0,0.0,0.0,property_damage,0.0,0,0.0,0.0,0.0,F-O TREE,FIXED-OBJECT,36.1593697,-95.1579762,2018,2018-10-27,3.58,1,0,N,       ,N,N,0,Clear,Dark / Unlighted,1.0,19.0,0,Roadway Departure Left,1,N,0.0,D,20.0,22.0,M,Y,1.0,Sleepy,4.0,0,0,1,Inattention,Other,0,0,0,0,0,0,0,0,0,0,0,0,0,0,0,0,0,0,0,0,0,0,0,0,1,0,0,0,0,0,0,0,0,0,0,1,0
300385271,Mayes,northern,,County Road,0,99.0,80.0,property_damage,0.0,0,0.0,0.0,0.0,F-O FENCE-POLE,FIXED-OBJECT,36.2206,-95.3507,2018,2018-10-21,5.26,1,0,N,       ,N,N,0,Clear,Dark / Unlighted,5.0,19.0,0,Roadway Departure Right,0,N,0.0,D,4.0,43.0,M,Y,1.0,Apparently Normal,4.0,0,0,0,Unsafe Speed,Other,0,0,0,0,0,0,0,0,0,0,0,0,0,0,0,0,0,0,0,0,0,0,0,0,0,0,0,0,0,0,0,1,0,0,0,1,1
300385276,Delaware,northern,SH-20,State Highway,0,1.0,0.0,property_damage,0.0,0,0.0,0.0,0.0,REAR-END,REAR-END,36.4561478,-94.6109174,2018,2018-10-21,20.18,2,0,N,       ,N,N,0,Clear,Dark / Unlighted,1.0,5.0,0,Fixed Object,0,N,0.0,D,4.0,46.0,M,Y,1.0,Apparently Normal,1.0,0,0,0,Inattention,Other Distraction Inside Vehicle,0,0,0,0,0,0,0,0,0,0,0,0,0,0,0,0,0,0,0,0,0,0,0,0,1,0,0,0,0,0,0,0,0,0,0,1,0
300385277,Mayes,northern,,County Road,1,0.0,0.0,possible_injury,0.0,0,0.0,0.0,2.0,RIGHT-ANGLE,RIGHT-ANGLE,36.4086,-95.2562,2018,2018-10-26,19.17,2,0,N,       ,N,N,0,Clear,Dark / Unlighted,1.0,1.0,0,Roadway Departure Right,0,N,0.0,D,2.0,15.0,F,Y,2.0,Apparently Normal,4.0,0,1,0,Failed to Yield,From Stop Sign,0,0,0,0,0,0,0,0,0,0,0,0,0,0,0,1,0,0,0,0,0,0,0,0,0,0,0,0,0,0,0,0,0,0,0,1,0
300385307,Tulsa,northern,SH-11,State Highway,0,1.0,0.0,possible_injury,0.0,0,0.0,0.0,3.0,RIGHT-ANGLE,RIGHT-ANGLE,36.2503673,-95.974193,2018,2018-10-28,19.27,2,0,N,       ,N,N,0,Clear,Dark / Unlighted,1.0,1.0,0,No Roadway Departure,0,Y,0.0,D,20.0,0.0,9,Y,1.0,Unknown,99.0,0,0,0,Failed to Yield,From Stop Sign,0,0,0,0,0,0,0,0,0,0,0,0,0,0,0,1,0,0,0,0,0,0,0,0,0,0,0,0,0,0,0,0,0,0,0,1,0
300385380,Sequoyah,southern,I-40,Interstate,0,0.0,0.0,property_damage,0.0,0,0.0,0.0,0.0,F-O BARR-CABLE,FIXED-OBJECT,35.447481,-94.7450926,2018,2018-10-28,7.36,1,0,N,       ,N,N,0,Clear,Dawn,1.0,19.0,0,Roadway Departure Left,0,N,0.0,D,2.0,38.0,M,Y,1.0,Sleepy,4.0,0,0,1,Inattention,Other Distraction Inside Vehicle,0,0,0,0,0,0,0,0,0,0,0,0,0,0,0,0,0,0,0,0,0,0,0,0,1,0,0,0,0,0,0,0,0,0,0,1,0
300385462,Sequoyah,southern,I-40,Interstate,0,0.0,0.0,property_damage,0.0,0,0.0,0.0,0.0,ANIMAL,ANIMAL,35.4488917,-94.7764108,2018,2018-10-29,6.12,1,0,N,       ,N,N,0,Clear,Dark / Unlighted,0.0,34.0,0,Roadway Departure Right,0,N,0.0,A,0.0,0.0,,N,0.0,,0.0,0,0,0,Deer in Roadway,Deer in Roadway,0,0,0,0,0,0,0,1,0,0,0,0,0,0,0,0,0,0,0,0,0,0,0,0,0,0,0,0,0,0,0,0,0,0,0,1,0