crash_id,county,region,highway_name,highway_class,intersection_rel,special_feature_1,special_feature_2,severity_level,visual_injured_num,fatal_num,suspected_serious_injured_num,non_incapacitated_injured_num,possibly_injured_num,crash_type,main_crash_type,latitude,longitude,year,date,time,number_of_vehicles,number_of_commercial_vehicles,work_zone,railroad_crossing,alcohol,drug,Alcohol or Drug,weather_condition,lighting_condition,road_condition,manner_of_collision,pedestrians_num,roadway_departure,cross_centerline,hit_and_run,emergency_vehicle_use,unit_type,vehicle_type,age,sex,driver_of_vehicle,injury_severity,person_condition,restraint_use,older_driver,teen_driver,Sleepy/Ill/Dizzy Driver,unsafe_unlaw_category,unsafe_unlaw_desc,Abnormal Traffic Control,Alcohol-DUI/DWI,Animal in Roadway,Apparently Sleepy,Avoiding Other Vehicle,Avoiding Pedestrian,Changed Lanes Unsafely,Deer in Roadway,Defect in Roadway,Disregarded Warning Signal,Domestic Animal in Roadway,Drug-DUI,Failed to Secure Load,Failed to Signal,Failed to Stop,Failed to Yield,Followed too Closely,Improper Backing,Improper Bicyclist Action,Improper Overtaking,Improper Parking,Improper Start From,Improper Turn,Improper Use of Lane,Distraction,Left of Center,No Improper Action by Driver,Object/Debris in Roadway,Other Improper Act/Movement,Pedestrian Action,Stopped in Traffic Lane,Speeding,Unsafe Vehicle,Wrong Way,Bad Weather,Bad Lighting,Bad Road Condition
300386776,Rogers,northern,US-169,US Route,0,0.0,0.0,fatal,2.0,1,1.0,1.0,0.0,REAR-END,REAR-END,36.3895256,-95.8038941,2018,2018-08-06,1.35,2,0,N,       ,N,Y,1,Clear,Dark / Unlighted,1.0,3.0,0,Roadway Departure Right,0,N,0.0,D,21.0,30.0,M,Y,5.0,Under the Influence of Medication,1.0,0,0,0,Drug-DUI,Drug-DUI,0,0,0,0,0,0,0,0,0,0,0,1,0,0,0,0,0,0,0,0,0,0,0,0,0,0,0,0,0,0,0,0,0,0,0,1,0
300386838,Tulsa,tulsa,I-244,Interstate,0,30.0,0.0,possible_injury,0.0,0,0.0,0.0,2.0,F-O GUARDRL-FACE,FIXED-OBJECT,36.16378,-95.872206,2018,2018-11-03,19.56,1,0,N,       ,N,N,0,Rain,Dark / Unlighted,2.0,20.0,0,Roadway Departure Right,0,N,0.0,D,20.0,25.0,M,Y,2.0,Apparently Normal,4.0,0,0,0,Unsafe Speed,For Traffic Conditions,0,0,0,0,0,0,0,0,0,0,0,0,0,0,0,0,0,0,0,0,0,0,0,0,0,0,0,0,0,0,0,1,0,0,1,1,0
300386934,Craig,northern,SH-2,State Highway,0,0.0,0.0,property_damage,0.0,0,0.0,0.0,0.0,F-O EMBANKMENT,FIXED-OBJECT,36.6603912,-95.1436187,2018,2018-11-06,5.09,1,0,N,       ,N,N,0,Clear,Dark / Unlighted,1.0,19.0,0,Roadway Departure Left,1,N,0.0,D,20.0,35.0,M,Y,1.0,Sleepy,4.0,0,0,1,Apparently Sleepy,Apparently Sleepy,0,0,0,1,0,0,0,0,0,0,0,0,0,0,0,0,0,0,0,0,0,0,0,0,0,0,0,0,0,0,0,0,0,0,0,1,0
300386962,Tulsa,tulsa,,County Road,1,0.0,0.0,non_incapacitating_injury,2.0,0,0.0,2.0,0.0,ANGLE-TURNING,ANGLE-TURNING,36.2495,-95.9721,2018,2018-10-28,18.46,2,0,N,       ,N,N,0,Clear,Dusk,1.0,7.0,0,Roadway Departure Right,0,N,0.0,D,4.0,61.0,F,Y,3.0,Apparently Normal,4.0,0,0,0,Failed to Yield,Other,0,0,0,0,0,0,0,0,0,0,0,0,0,0,0,1,0,0,0,0,0,0,0,0,0,0,0,0,0,0,0,0,0,0,0,1,0
300386967,Tulsa,northern,SH-20,State Highway,0,0.0,0.0,property_damage,0.0,0,0.0,0.0,0.0,OTHER,OTHER,36.3656456,-95.9076804,2018,2018-10-27,20.31,2,0,N,       ,N,N,0,Clear,Dark / Unlighted,1.0,33.0,0,No Roadway Departure,0,Y,0.0,D,4.0,0.0,9,Y,1.0,Unknown,99.0,0,0,0,Unsafe Vehicle,Wheel,0,0,0,0,0,0,0,0,0,0,0,0,0,0,0,0,0,0,0,0,0,0,0,0,0,0,0,0,0,0,0,0,1,0,0,1,0
300386968,Tulsa,northern,SH-20,State Highway,0,0.0,0.0,incapacitating_injury,1.0,0,1.0,0.0,0.0,F-O CULVERT,FIXED-OBJECT,36.365931,-95.9832846,2018,2018-10-24,22.32,1,0,N,       ,N,N,0,Rain,Dark / Unlighted,2.0,20.0,0,Roadway Departure Right,0,N,0.0,D,4.0,21.0,M,Y,4.0,Apparently Normal,1.0,0,0,0,Unsafe Speed,Rain or Wet Roadway,0,0,0,0,0,0,0,0,0,0,0,0,0,0,0,0,0,0,0,0,0,0,0,0,0,0,0,0,0,0,0,1,0,0,1,1,0
300386969,Tulsa,northern,SH-20,State Highway,1,0.0,0.0,possible_injury,0.0,0,0.0,0.0,1.0,ANGLE-TURNING,ANGLE-TURNING,36.3656074,-95.9725702,2018,2018-10-10,20.37,2,0,N,       ,N,N,0,Clear,Dark / Unlighted,1.0,7.0,0,No Roadway Departure,0,N,0.0,D,4.0,83.0,M,Y,1.0,Apparently Normal,4.0,1,0,0,Failed to Yield,Other,0,0,0,0,0,0,0,0,0,0,0,0,0,0,0,1,0,0,0,0,0,0,0,0,0,0,0,0,0,0,0,0,0,0,0,1,0
300386980,Delaware,northern,SH-85A,State Highway,0,76.0,0.0,possible_injury,0.0,0,0.0,0.0,1.0,F-O FENCE,FIXED-OBJECT,36.6112407,-94.9276355,2018,2018-11-05,0.19,1,0,N,       ,N,N,0,Clear,Dark / Unlighted,1.0,20.0,0,Roadway Departure Right,0,N,0.0,D,1.0,21.0,F,Y,2.0,Apparently Normal,4.0,0,0,0,Unsafe Speed,On Curve/Turn,0,0,0,0,0,0,0,0,0,0,0,0,0,0,0,0,0,0,0,0,0,0,0,0,0,0,0,0,0,0,0,1,0,0,0,1,0
300387067,Sequoyah,southern,,County Road,0,99.0,80.0,property_damage,0.0,0,0.0,0.0,0.0,F-O POLE-OTHER,FIXED-OBJECT,35.4383,-94.6954,2018,2018-11-02,21.56,1,0,N,       ,Y,N,1,Clear,Dark / Unlighted,1.0,20.0,0,Roadway Departure Right,0,N,0.0,D,20.0,51.0,M,Y,1.0,Drinking - Ability Impaired,99.0,0,0,0,Improper Turn,From Direct Course,0,0,0,0,0,0,0,0,0,0,0,0,0,0,0,0,0,0,0,0,0,0,1,0,0,0,0,0,0,0,0,0,0,0,0,1,0
300387169,Sequoyah,southern,I-40,Interstate,0,0.0,0.0,property_damage,0.0,0,0.0,0.0,0.0,ANIMAL,ANIMAL,35.4887609,-95.0915575,2018,2018-11-09,22.13,1,0,N,       ,N,N,0,Clear,Dark / Unlighted,1.0,34.0,0,No Roadway Departure,0,N,0.0,D,20.0,23.0,F,Y,1.0,Apparently Normal,4.0,0,0,0,No Improper Action by Driver,No Improper Action by Driver,0,0,0,0,0,0,0,0,0,0,0,0,0,0,0,0,0,0,0,0,0,0,0,0,0,0,1,0,0,0,0,0,0,0,0,1,0
300387232,Tulsa,tulsa,,City Street,5,76.0,0.0,incapacitating_injury,1.0,0,1.0,0.0,1.0,HEAD-ON,HEAD-ON,36.16882161,-95.9224855,2018,2018-11-09,6.54,2,0,N,       ,N,N,0,Cloudy,Dawn,1.0,18.0,0,No Roadway Departure,1,N,0.0,D,2.0,38.0,M,Y,4.0,Apparently Normal,4.0,0,0,0,Left of Center,Marked Zone,0,0,0,0,0,0,0,0,0,0,0,0,0,0,0,0,0,0,0,0,0,0,0,0,0,1,0,0,0,0,0,0,0,0,0,1,0
300387243,Tulsa,tulsa,I-244,Interstate,0,10.0,5.0,property_damage,0.0,0,0.0,0.0,0.0,F-O BR-OVERHEAD,FIXED-OBJECT,36.1644116,-95.8633157,2018,2018-11-10,4.0,1,0,N,       ,N,N,0,Clear,Dark / Unlighted,1.0,33.0,0,Fixed Object,0,N,0.0,D,2.0,41.0,F,Y,1.0,Apparently Normal,4.0,0,0,0,No Improper Action by Driver,No Improper Action by Driver,0,0,0,0,0,0,0,0,0,0,0,0,0,0,0,0,0,0,0,0,0,0,0,0,0,0,1,0,0,0,0,0,0,0,0,1,0
300387253,Tulsa,tulsa,I-244,Interstate,0,10.0,5.0,property_damage,0.0,0,0.0,0.0,0.0,F-O BR-OVERHEAD,FIXED-OBJECT,36.1644116,-95.8633157,2018,2018-11-10,3.57,1,1,N,       ,N,N,0,Clear,Dark / Unlighted,1.0,33.0,0,Fixed Object,0,N,0.0,D,10.0,34.0,M,Y,1.0,Apparently Normal,4.0,0,0,0,No Improper Action by Driver,No Improper Action by Driver,0,0,0,0,0,0,0,0,0,0,0,0,0,0,0,0,0,0,0,0,0,0,0,0,0,0,1,0,0,0,0,0,0,0,0,1,0
300387280,Mayes,northern,SH-82,State Highway,0,1.0,0.0,non_incapacitating_injury,1.0,0,0.0,1.0,0.0,REAR-END,REAR-END,36.4117141,-95.0534054,2018,2018-11-06,6.32,2,0,N,       ,N,N,0,Cloudy,Dawn,1.0,5.0,0,Roadway Departure Right,0,N,0.0,D,4.0,42.0,M,Y,1.0,Apparently Normal,4.0,0,0,0,Inattention,Distraction from Outside Vehicle,0,0,0,0,0,0,0,0,0,0,0,0,0,0,0,0,0,0,0,0,0,0,0,0,1,0,0,0,0,0,0,0,0,0,0,1,0
300387285,Tulsa,tulsa,,City Street,1,0.0,0.0,non_incapacitating_injury,5.0,0,0.0,5.0,2.0,ANGLE-TURNING,ANGLE-TURNING,36.1668969,-95.9224777,2018,2018-11-08,17.3,2,0,N,       ,N,N,0,Rain,Dark / Unlighted,2.0,7.0,0,No Roadway Departure,0,N,0.0,D,2.0,32.0,M,Y,2.0,Apparently Normal,1.0,0,0,0,Unsafe Vehicle,Headlights,0,0,0,0,0,0,0,0,0,0,0,0,0,0,0,0,0,0,0,0,0,0,0,0,0,0,0,0,0,0,0,0,1,0,1,1,0
300387288,Ottawa,northern,I-44,Turnpike Interstate,0,0.0,0.0,property_damage,0.0,0,0.0,0.0,0.0,F-O CULVERT,FIXED-OBJECT,36.7470901,-94.9053673,2018,2018-11-07,20.52,1,0,N,       ,N,N,0,Cloudy,Dark / Unlighted,1.0,20.0,0,Roadway Departure Right,0,N,0.0,D,20.0,41.0,F,Y,1.0,Sleepy,4.0,0,0,1,Apparently Sleepy,Apparently Sleepy,0,0,0,1,0,0,0,0,0,0,0,0,0,0,0,0,0,0,0,0,0,0,0,0,0,0,0,0,0,0,0,0,0,0,0,1,0
300387441,Mayes,northern,US412A,US Route,0,0.0,0.0,property_damage,0.0,0,0.0,0.0,0.0,F-O FENCE-POLE,FIXED-OBJECT,36.2196196,-95.060014,2018,2018-11-01,3.47,1,0,N,       ,N,N,0,Rain,Dark / Unlighted,2.0,20.0,0,Roadway Departure Right,0,Y,0.0,D,2.0,22.0,M,Y,1.0,Apparently Normal,4.0,0,0,0,Unsafe Speed,Rain or Wet Roadway,0,0,0,0,0,0,0,0,0,0,0,0,0,0,0,0,0,0,0,0,0,0,0,0,0,0,0,0,0,0,0,1,0,0,1,1,0
300387598,Mayes,northern,,County Road,0,0.0,0.0,non_incapacitating_injury,1.0,0,0.0,1.0,0.0,OTH-BACKING,OTH-BACKING,36.3153,-95.3608,2018,2018-11-09,19.58,2,0,N,       ,N,N,0,Clear,Dark / Unlighted,1.0,27.0,0,No Roadway Departure,0,N,0.0,D,20.0,37.0,F,Y,1.0,Apparently Normal,4.0,0,0,0,Inattention,Other Distraction Inside Vehicle,0,0,0,0,0,0,0,0,0,0,0,0,0,0,0,0,0,0,0,0,0,0,0,0,1,0,0,0,0,0,0,0,0,0,0,1,0
300387599,Mayes,northern,SH-69A,State Highway,1,0.0,0.0,incapacitating_injury,2.0,0,1.0,1.0,0.0,RIGHT-ANGLE,RIGHT-ANGLE,36.2486812,-95.315042,2018,2018-11-10,6.01,2,0,N,       ,N,N,0,Clear,Dawn,1.0,1.0,0,Roadway Departure Right,0,N,0.0,D,1.0,23.0,M,Y,4.0,Apparently Normal,4.0,0,0,0,Failed to Yield,From Stop Sign,0,0,0,0,0,0,0,0,0,0,0,0,0,0,0,1,0,0,0,0,0,0,0,0,0,0,0,0,0,0,0,0,0,0,0,1,0
300387610,Craig,northern,US-60,US Route,0,0.0,0.0,property_damage,0.0,0,0.0,0.0,0.0,ANIMAL,ANIMAL,36.6967409,-95.3809836,2018,2018-11-10,18.44,1,0,N,       ,N,N,0,Clear,Dark / Unlighted,1.0,34.0,0,No Roadway Departure,0,N,0.0,D,2.0,65.0,F,Y,1.0,Apparently Normal,4.0,1,0,0,No Improper Action by Driver,No Improper Action by Driver,0,0,0,0,0,0,0,0,0,0,0,0,0,0,0,0,0,0,0,0,0,0,0,0,0,0,1,0,0,0,0,0,0,0,0,1,0
300387647,Mayes,northern,,County Road,0,80.0,99.0,property_damage,0.0,0,0.0,0.0,0.0,F-O FENCE,FIXED-OBJECT,36.2493,-95.4172,2018,2018-11-10,0.0,1,0,N,       ,N,N,0,Clear,Dark / Unlighted,1.0,20.0,0,Roadway Departure Right,0,N,0.0,D,4.0,25.0,M,Y,1.0,Apparently Normal,4.0,0,0,0,Unsafe Speed,On Curve/Turn,0,0,0,0,0,0,0,0,0,0,0,0,0,0,0,0,0,0,0,0,0,0,0,0,0,0,0,0,0,0,0,1,0,0,0,1,0
300387712,Rogers,northern,I-44,Turnpike Interstate,0,0.0,0.0,property_damage,0.0,0,0.0,0.0,0.0,HEAD-ON,HEAD-ON,36.167341,-95.7319849,2018,2018-11-06,20.11,2,0,N,       ,N,N,0,Clear,Dark / Unlighted,1.0,18.0,0,Roadway Departure Right,0,N,0.0,D,2.0,56.0,F,Y,1.0,Apparently Normal,4.0,0,0,0,Wrong Way,On One Way,0,0,0,0,0,0,0,0,0,0,0,0,0,0,0,0,0,0,0,0,0,0,0,0,0,0,0,0,0,0,0,0,0,1,0,1,0
300387731,Cherokee,southern,,County Road,0,99.0,80.0,property_damage,0.0,0,0.0,0.0,0.0,F-O DITCH,FIXED-OBJECT,36.0269,-95.1301,2018,2018-10-27,3.11,1,0,N,       ,N,N,0,Clear,Dark / Unlighted,1.0,20.0,0,Roadway Departure Right,0,N,0.0,D,4.0,28.0,M,Y,1.0,Apparently Normal,4.0,0,0,0,Unsafe Speed,Exceeding Legal Limit,0,0,0,0,0,0,0,0,0,0,0,0,0,0,0,0,0,0,0,0,0,0,0,0,0,0,0,0,0,0,0,1,0,0,0,1,0
300387732,Cherokee,southern,SH-10,State Highway,0,0.0,0.0,property_damage,0.0,0,0.0,0.0,0.0,REAR-END,REAR-END,36.1229426,-94.8179248,2018,2018-11-08,19.27,2,0,N,       ,N,N,0,Rain,Dark / Unlighted,2.0,2.0,0,No Roadway Departure,0,N,0.0,D,23.0,22.0,F,Y,1.0,Apparently Normal,4.0,0,0,0,Followed too Closely,Weather Condition,0,0,0,0,0,0,0,0,0,0,0,0,0,0,0,0,1,0,0,0,0,0,0,0,0,0,0,0,0,0,0,0,0,0,1,1,0
300387740,Adair,southern,US-62,US Route,0,0.0,0.0,property_damage,0.0,0,0.0,0.0,0.0,F-O FENCE,FIXED-OBJECT,35.9903154,-94.6334096,2018,2018-10-31,20.17,1,0,N,       ,N,N,0,Rain,Dark / Unlighted,2.0,20.0,0,Roadway Departure Right,0,N,0.0,D,2.0,27.0,F,Y,1.0,Apparently Normal,4.0,0,0,0,Unsafe Speed,Exceeding Legal Limit,0,0,0,0,0,0,0,0,0,0,0,0,0,0,0,0,0,0,0,0,0,0,0,0,0,0,0,0,0,0,0,1,0,0,1,1,0
300387744,Cherokee,southern,SH-51,State Highway,0,0.0,0.0,incapacitating_injury,1.0,0,1.0,0.0,0.0,ANIMAL,ANIMAL,35.9369159,-95.2048449,2018,2018-11-11,20.51,1,0,N,       ,N,N,0,Clear,Dark / Unlighted,1.0,34.0,0,Fixed Object,0,N,0.0,D,15.0,42.0,M,Y,4.0,Apparently Normal,7.0,0,0,0,Unsafe Speed,For Traffic Conditions,0,0,0,0,0,0,0,0,0,0,0,0,0,0,0,0,0,0,0,0,0,0,0,0,0,0,0,0,0,0,0,1,0,0,0,1,0
300387750,Cherokee,southern,SH-80,State Highway,0,0.0,0.0,possible_injury,0.0,0,0.0,0.0,1.0,F-O TREE,FIXED-OBJECT,35.8637797,-95.2204052,2018,2018-11-08,18.46,1,0,N,       ,N,N,0,Rain,Dark / Unlighted,2.0,20.0,0,Roadway Departure Right,0,N,0.0,D,1.0,17.0,M,Y,2.0,Apparently Normal,4.0,0,1,0,Unsafe Speed,Rain or Wet Roadway,0,0,0,0,0,0,0,0,0,0,0,0,0,0,0,0,0,0,0,0,0,0,0,0,0,0,0,0,0,0,0,1,0,0,1,1,0
300387752,Cherokee,southern,SH-82,State Highway,0,0.0,0.0,incapacitating_injury,1.0,0,1.0,0.0,0.0,F-O GUARDRL-FACE,FIXED-OBJECT,35.7772871,-94.9163702,2018,2018-11-10,5.33,1,0,N,       ,Y,N,1,Clear,Dark / Unlighted,1.0,20.0,0,Roadway Departure Right,0,N,0.0,D,20.0,28.0,F,Y,4.0,Odor of Alcohol Beverage,4.0,0,0,0,Unsafe Speed,Exceeding Legal Limit,0,0,0,0,0,0,0,0,0,0,0,0,0,0,0,0,0,0,0,0,0,0,0,0,0,0,0,0,0,0,0,1,0,0,0,1,0
300387753,Wagoner,southern,,County Road,0,0.0,0.0,non_incapacitating_injury,1.0,0,0.0,1.0,0.0,F-O TREE,FIXED-OBJECT,35.8568,-95.3207,2018,2018-11-13,6.01,1,0,N,       ,N,N,0,Cloudy,Dawn,1.0,20.0,0,Roadway Departure Right,0,N,0.0,D,2.0,19.0,M,Y,3.0,Apparently Normal,1.0,0,1,0,Inattention,Other Distraction Inside Vehicle,0,0,0,0,0,0,0,0,0,0,0,0,0,0,0,0,0,0,0,0,0,0,0,0,1,0,0,0,0,0,0,0,0,0,0,1,0
300387964,Mayes,northern,,County Road,0,0.0,0.0,possible_injury,0.0,0,0.0,0.0,4.0,REAR-END,REAR-END,36.1498,-95.1759,2018,2018-11-13,16.42,2,0,N,       ,N,N,0,Clear,Dusk,1.0,2.0,0,No Roadway Departure,0,N,0.0,D,1.0,29.0,M,Y,1.0,Apparently Normal,4.0,0,0,0,Failed to Yield,Other,0,0,0,0,0,0,0,0,0,0,0,0,0,0,0,1,0,0,0,0,0,0,0,0,0,0,0,0,0,0,0,0,0,0,0,1,0
300387971,Tulsa,tulsa,,City Street,6,0.0,0.0,non_incapacitating_injury,1.0,0,0.0,1.0,0.0,PEDESTRIAN,PEDESTRIAN,36.173156,-95.91145027,2018,2018-11-14,6.56,1,0,N,       ,N,N,0,Clear,Dawn,1.0,21.0,1,No Roadway Departure,0,Y,0.0,D,2.0,0.0,M,Y,1.0,Unknown,99.0,0,0,0,Other Improper Act/Movement,Other,0,0,0,0,0,0,0,0,0,0,0,0,0,0,0,0,0,0,0,0,0,0,0,0,0,0,0,0,1,0,0,0,0,0,0,1,0
300387990,Tulsa,tulsa,,City Street,1,0.0,0.0,possible_injury,0.0,0,0.0,0.0,1.0,ANGLE-TURNING,ANGLE-TURNING,36.1771324,-95.9464871,2018,2018-11-13,16.51,2,0,N,       ,N,N,0,Clear,Dusk,1.0,7.0,0,No Roadway Departure,0,N,0.0,D,2.0,25.0,F,Y,2.0,Apparently Normal,4.0,0,0,0,Failed to Yield,Other,0,0,0,0,0,0,0,0,0,0,0,0,0,0,0,1,0,0,0,0,0,0,0,0,0,0,0,0,0,0,0,0,0,0,0,1,0
300388091,Muskogee,southern,,County Road,0,0.0,0.0,incapacitating_injury,1.0,0,1.0,0.0,0.0,PEDESTRIAN,PEDESTRIAN,35.7134,-95.3226,2018,2018-11-10,19.01,1,0,N,       ,N,Y,1,Clear,Dark / Unlighted,2.0,21.0,1,No Roadway Departure,0,N,0.0,D,20.0,28.0,M,Y,1.0,Apparently Normal,4.0,0,0,0,No Improper Action by Driver,No Improper Action by Driver,0,0,0,0,0,0,0,0,0,0,0,0,0,0,0,0,0,0,0,0,0,0,0,0,0,0,1,0,0,0,0,0,0,0,0,1,0
300388176,Delaware,northern,,County Road,0,99.0,80.0,property_damage,0.0,0,0.0,0.0,0.0,ROLLOVER,ROLLOVER,36.3793,-94.6479,2018,2018-11-08,22.55,1,0,N,       ,N,N,0,Cloudy,Dark / Unlighted,2.0,19.0,0,Roadway Departure Left,0,N,0.0,D,2.0,0.0,9,Y,1.0,Unknown,99.0,0,0,0,Inattention,Other,0,0,0,0,0,0,0,0,0,0,0,0,0,0,0,0,0,0,0,0,0,0,0,0,1,0,0,0,0,0,0,0,0,0,0,1,0
300388264,Ottawa,northern,US-59,US Route,1,0.0,0.0,property_damage,0.0,0,0.0,0.0,0.0,ANGLE-TURNING,ANGLE-TURNING,36.6847838,-94.865651,2018,2018-11-06,18.18,3,0,N,       ,N,N,0,Clear,Dark / Unlighted,1.0,7.0,0,Roadway Departure Left,0,N,0.0,D,2.0,77.0,M,Y,1.0,Apparently Normal,4.0,1,0,0,Failed to Yield,To Vehicle in Intersection,0,0,0,0,0,0,0,0,0,0,0,0,0,0,0,1,0,0,0,0,0,0,0,0,0,0,0,0,0,0,0,0,0,0,0,1,0
300388283,Tulsa,northern,US-75,US Route,1,21.0,35.0,possible_injury,0.0,0,0.0,0.0,1.0,REAR-END,REAR-END,36.2787113,-95.9237514,2018,2018-11-08,16.59,2,0,N,       ,N,N,0,Rain,Dusk,2.0,5.0,0,No Roadway Departure,0,N,0.0,D,2.0,58.0,M,Y,1.0,Apparently Normal,4.0,0,0,0,Followed too Closely,Traffic Condition,0,0,0,0,0,0,0,0,0,0,0,0,0,0,0,0,1,0,0,0,0,0,0,0,0,0,0,0,0,0,0,0,0,0,1,1,0
300388302,Tulsa,northern,SH-11,State Highway,1,0.0,0.0,property_damage,0.0,0,0.0,0.0,0.0,REAR-END,REAR-END,36.2772664,-95.9737233,2018,2018-11-14,17.22,2,0,N,       ,N,N,0,Clear,Dusk,1.0,2.0,0,No Roadway Departure,0,N,0.0,D,4.0,24.0,M,Y,1.0,Apparently Normal,4.0,0,0,0,Inattention,Distraction from Outside Vehicle,0,0,0,0,0,0,0,0,0,0,0,0,0,0,0,0,0,0,0,0,0,0,0,0,1,0,0,0,0,0,0,0,0,0,0,1,0
300388425,Mayes,northern,,County Road,0,0.0,0.0,non_incapacitating_injury,1.0,0,0.0,1.0,0.0,F-O UTIL-POLE,FIXED-OBJECT,36.2493,-95.3391,2018,2018-10-18,5.32,1,0,N,       ,Y,N,1,Clear,Dark / Unlighted,1.0,19.0,0,Roadway Departure Left,0,N,0.0,D,2.0,24.0,F,Y,3.0,Drinking - Ability Impaired,4.0,0,0,0,Alcohol-DUI/DWI,Alcohol-DUI/DWI,0,1,0,0,0,0,0,0,0,0,0,0,0,0,0,0,0,0,0,0,0,0,0,0,0,0,0,0,0,0,0,0,0,0,0,1,0
300388439,Delaware,northern,US-412,Turnpike,0,0.0,0.0,possible_injury,0.0,0,0.0,0.0,2.0,OTHER,OTHER,36.2135297,-94.9011468,2018,2018-10-31,6.37,2,2,N,       ,N,N,0,Clear,Dark / Unlighted,1.0,20.0,0,Roadway Departure Right,0,N,0.0,D,5.0,52.0,M,Y,2.0,Sleepy,4.0,0,0,1,Apparently Sleepy,Apparently Sleepy,0,0,0,1,0,0,0,0,0,0,0,0,0,0,0,0,0,0,0,0,0,0,0,0,0,0,0,0,0,0,0,0,0,0,0,1,0
300388447,Sequoyah,southern,US-64,US Route,0,0.0,0.0,property_damage,0.0,0,0.0,0.0,0.0,REAR-END,REAR-END,35.4049303,-94.4630692,2018,2018-11-16,20.32,2,0,N,       ,N,Y,1,Clear,Dark / Unlighted,1.0,3.0,0,No Roadway Departure,0,N,0.0,D,20.0,41.0,M,Y,1.0,Under the Influence of Medication,4.0,0,0,0,Drug-DUI,Drug-DUI,0,0,0,0,0,0,0,0,0,0,0,1,0,0,0,0,0,0,0,0,0,0,0,0,0,0,0,0,0,0,0,0,0,0,0,1,0
300388454,Washington,northern,US-75,US Route,0,0.0,0.0,possible_injury,0.0,0,0.0,0.0,2.0,ANIMAL,ANIMAL,36.4359293,-95.9203396,2018,2018-11-13,20.05,1,0,N,       ,N,N,0,Clear,Dark / Unlighted,1.0,34.0,0,Roadway Departure Right,0,N,0.0,D,23.0,32.0,F,Y,2.0,Apparently Normal,4.0,0,0,0,No Improper Action by Driver,No Improper Action by Driver,0,0,0,0,0,0,0,0,0,0,0,0,0,0,0,0,0,0,0,0,0,0,0,0,0,0,1,0,0,0,0,0,0,0,0,1,0
300388667,Nowata,northern,SH-28,State Highway,0,0.0,0.0,property_damage,0.0,0,0.0,0.0,0.0,ANIMAL,ANIMAL,36.6480155,-95.4856539,2018,2018-11-14,20.12,1,0,N,       ,N,N,0,Clear,Dark / Unlighted,0.0,34.0,0,No Roadway Departure,0,N,0.0,A,0.0,0.0,,N,0.0,,0.0,0,0,0,Animal in Roadway,Animal in Roadway,0,0,1,0,0,0,0,0,0,0,0,0,0,0,0,0,0,0,0,0,0,0,0,0,0,0,0,0,0,0,0,0,0,0,0,1,0
300388670,Nowata,northern,SH-10,State Highway,0,0.0,0.0,property_damage,0.0,0,0.0,0.0,0.0,F-O TREE,FIXED-OBJECT,36.9166036,-95.6970186,2018,2018-11-17,7.58,1,0,N,       ,N,N,0,Clear,Dark / Unlighted,1.0,20.0,0,Roadway Departure Right,0,N,0.0,D,2.0,18.0,M,Y,1.0,Apparently Normal,4.0,0,1,0,Unsafe Speed,Other,0,0,0,0,0,0,0,0,0,0,0,0,0,0,0,0,0,0,0,0,0,0,0,0,0,0,0,0,0,0,0,1,0,0,0,1,0
300388875,Mayes,northern,SH-69A,State Highway,1,0.0,0.0,property_damage,0.0,0,0.0,0.0,0.0,ANGLE-TURNING,ANGLE-TURNING,36.248158,-95.3328412,2018,2018-11-19,18.34,2,1,N,       ,N,N,0,Clear,Dark / Unlighted,1.0,12.0,0,No Roadway Departure,0,N,0.0,D,21.0,75.0,M,Y,1.0,Apparently Normal,4.0,1,0,0,Improper Turn,Left,0,0,0,0,0,0,0,0,0,0,0,0,0,0,0,0,0,0,0,0,0,0,1,0,0,0,0,0,0,0,0,0,0,0,0,1,0
300388877,Delaware,northern,SH-10,State Highway,0,0.0,0.0,property_damage,0.0,0,0.0,0.0,0.0,F-O FENCE,FIXED-OBJECT,36.1774373,-94.7762538,2018,2018-11-13,17.35,1,0,N,       ,N,N,0,Clear,Dusk,1.0,19.0,0,Roadway Departure Left,0,Y,0.0,D,2.0,0.0,9,Y,1.0,Unknown,99.0,0,0,0,Other Improper Act/Movement,Other,0,0,0,0,0,0,0,0,0,0,0,0,0,0,0,0,0,0,0,0,0,0,0,0,0,0,0,0,1,0,0,0,0,0,0,1,0
300388883,Muskogee,southern,US-64,US Route,0,0.0,0.0,property_damage,0.0,0,0.0,0.0,0.0,ANIMAL,ANIMAL,35.4934386,-95.2794484,2018,2018-11-17,23.39,1,0,N,       ,N,N,0,Clear,Dark / Unlighted,1.0,34.0,0,No Roadway Departure,0,N,2.0,D,20.0,46.0,M,Y,1.0,Apparently Normal,4.0,0,0,0,No Improper Action by Driver,No Improper Action by Driver,0,0,0,0,0,0,0,0,0,0,0,0,0,0,0,0,0,0,0,0,0,0,0,0,0,0,1,0,0,0,0,0,0,0,0,1,0
300388934,Tulsa,tulsa,,City Street,5,80.0,99.0,property_damage,0.0,0,0.0,0.0,0.0,OTH-BACKING,OTH-BACKING,36.20958171,-95.9484935,2018,2018-10-26,20.37,2,0,N,       ,N,N,0,Clear,Dark / Unlighted,1.0,27.0,0,No Roadway Departure,0,Y,9.0,D,99.0,0.0,9,Y,1.0,Unknown,99.0,0,0,0,Inattention,Other,0,0,0,0,0,0,0,0,0,0,0,0,0,0,0,0,0,0,0,0,0,0,0,0,1,0,0,0,0,0,0,0,0,0,0,1,0