crash_id,county,region,highway_name,highway_class,intersection_rel,special_feature_1,special_feature_2,severity_level,visual_injured_num,fatal_num,suspected_serious_injured_num,non_incapacitated_injured_num,possibly_injured_num,crash_type,main_crash_type,latitude,longitude,year,date,time,number_of_vehicles,number_of_commercial_vehicles,work_zone,railroad_crossing,alcohol,drug,Alcohol or Drug,weather_condition,lighting_condition,road_condition,manner_of_collision,pedestrians_num,roadway_departure,cross_centerline,hit_and_run,emergency_vehicle_use,unit_type,vehicle_type,age,sex,driver_of_vehicle,injury_severity,person_condition,restraint_use,older_driver,teen_driver,Sleepy/Ill/Dizzy Driver,unsafe_unlaw_category,unsafe_unlaw_desc,Abnormal Traffic Control,Alcohol-DUI/DWI,Animal in Roadway,Apparently Sleepy,Avoiding Other Vehicle,Avoiding Pedestrian,Changed Lanes Unsafely,Deer in Roadway,Defect in Roadway,Disregarded Warning Signal,Domestic Animal in Roadway,Drug-DUI,Failed to Secure Load,Failed to Signal,Failed to Stop,Failed to Yield,Followed too Closely,Improper Backing,Improper Bicyclist Action,Improper Overtaking,Improper Parking,Improper Start From,Improper Turn,Improper Use of Lane,Distraction,Left of Center,No Improper Action by Driver,Object/Debris in Roadway,Other Improper Act/Movement,Pedestrian Action,Stopped in Traffic Lane,Speeding,Unsafe Vehicle,Wrong Way,Bad Weather,Bad Lighting,Bad Road Condition
300398192,Mayes,northern,,County Road,0,0.0,0.0,non_incapacitating_injury,1.0,0,0.0,1.0,0.0,ROLLOVER,ROLLOVER,36.2494,-95.345,2019,2019-01-25,3.29,1,0,N,       ,N,N,0,Cloudy,Dark / Unlighted,1.0,19.0,0,Roadway Departure Left,1,N,0.0,D,20.0,21.0,M,Y,1.0,Sleepy,4.0,0,0,1,Inattention,Other,0,0,0,0,0,0,0,0,0,0,0,0,0,0,0,0,0,0,0,0,0,0,0,0,1,0,0,0,0,0,0,0,0,0,0,1,0
300398307,Craig,northern,,County Road,0,99.0,80.0,property_damage,0.0,0,0.0,0.0,0.0,F-O BARR-CONCRETE,FIXED-OBJECT,36.5178,-95.1576,2019,2019-01-20,18.48,1,0,N,       ,N,N,0,Clear,Dark / Unlighted,1.0,20.0,0,Roadway Departure Right,0,N,0.0,D,20.0,27.0,M,Y,1.0,Apparently Normal,4.0,0,0,0,Object/Debris in Roadway,Object/Debris in Roadway,0,0,0,0,0,0,0,0,0,0,0,0,0,0,0,0,0,0,0,0,0,0,0,0,0,0,0,1,0,0,0,0,0,0,0,1,0
300398311,Tulsa,tulsa,,City Street,1,0.0,0.0,non_incapacitating_injury,1.0,0,0.0,1.0,0.0,PEDESTRIAN,PEDESTRIAN,36.1648773,-95.9224627,2018,2018-09-30,6.25,1,0,N,       ,N,N,0,Cloudy,Dark / Unlighted,1.0,21.0,1,No Roadway Departure,0,Y,0.0,D,2.0,0.0,M,Y,1.0,Unknown,99.0,0,0,0,Failed to Yield,From Stop Sign,0,0,0,0,0,0,0,0,0,0,0,0,0,0,0,1,0,0,0,0,0,0,0,0,0,0,0,0,0,0,0,0,0,0,0,1,0
300398411,Rogers,northern,I-44,Turnpike Interstate,0,0.0,0.0,property_damage,0.0,0,0.0,0.0,0.0,F-O GUARDRL-END,FIXED-OBJECT,36.3368713,-95.5098494,2019,2019-01-26,18.02,1,0,N,       ,N,N,0,Cloudy,Dark / Unlighted,1.0,20.0,0,Roadway Departure Right,0,N,0.0,D,4.0,27.0,M,Y,1.0,Apparently Normal,4.0,0,0,0,Unsafe Speed,Other,0,0,0,0,0,0,0,0,0,0,0,0,0,0,0,0,0,0,0,0,0,0,0,0,0,0,0,0,0,0,0,1,0,0,0,1,0
300398466,Rogers,northern,I-44,Interstate,0,0.0,0.0,possible_injury,0.0,0,0.0,0.0,2.0,REAR-END,REAR-END,36.1624196,-95.7942407,2019,2019-01-09,6.13,2,0,N,       ,N,N,0,Cloudy,Dark / Unlighted,1.0,3.0,0,No Roadway Departure,0,N,0.0,D,1.0,20.0,M,Y,2.0,Apparently Normal,4.0,0,0,0,Apparently Sleepy,Apparently Sleepy,0,0,0,1,0,0,0,0,0,0,0,0,0,0,0,0,0,0,0,0,0,0,0,0,0,0,0,0,0,0,0,0,0,0,0,1,0
300398490,Tulsa,tulsa,,City Street,5,0.0,0.0,incapacitating_injury,1.0,0,1.0,0.0,0.0,PEDESTRIAN,PEDESTRIAN,36.18233671,-95.9046017,2019,2019-01-27,0.0,1,0,N,       ,N,N,0,Clear,Dark / Unlighted,1.0,21.0,1,No Roadway Departure,0,N,0.0,D,4.0,56.0,M,Y,1.0,Apparently Normal,4.0,0,0,0,No Improper Action by Driver,No Improper Action by Driver,0,0,0,0,0,0,0,0,0,0,0,0,0,0,0,0,0,0,0,0,0,0,0,0,0,0,1,0,0,0,0,0,0,0,0,1,0
300398493,Adair,southern,US-59,US Route,0,0.0,0.0,non_incapacitating_injury,1.0,0,0.0,1.0,0.0,F-O UTIL-POLE,FIXED-OBJECT,35.7575748,-94.6328418,2019,2019-01-19,8.03,1,0,N,       ,N,N,0,Snow,Dusk,4.0,20.0,0,Roadway Departure Right,0,N,0.0,D,4.0,79.0,F,Y,3.0,Apparently Normal,4.0,1,0,0,Unsafe Speed,For Traffic Conditions,0,0,0,0,0,0,0,0,0,0,0,0,0,0,0,0,0,0,0,0,0,0,0,0,0,0,0,0,0,0,0,1,0,0,1,1,1
300398494,Cherokee,southern,,County Road,0,99.0,80.0,property_damage,0.0,0,0.0,0.0,0.0,SIDESWIPE-OPP,SIDESWIPE-OPP,36.0602,-95.0599,2019,2019-01-14,6.42,2,0,N,       ,N,N,0,Cloudy,Dark / Unlighted,1.0,17.0,0,No Roadway Departure,0,N,0.0,D,7.0,64.0,M,Y,1.0,Apparently Normal,4.0,0,0,0,No Improper Action by Driver,No Improper Action by Driver,0,0,0,0,0,0,0,0,0,0,0,0,0,0,0,0,0,0,0,0,0,0,0,0,0,0,1,0,0,0,0,0,0,0,0,1,0
300398498,Adair,southern,,County Road,0,0.0,0.0,possible_injury,0.0,0,0.0,0.0,1.0,F-O UTIL-POLE,FIXED-OBJECT,36.1075,-94.5904,2019,2019-01-07,0.44,1,0,N,       ,N,N,0,Clear,Dark / Unlighted,1.0,19.0,0,Roadway Departure Left,0,N,0.0,D,2.0,35.0,F,Y,2.0,Apparently Normal,4.0,0,0,0,Unsafe Speed,Exceeding Legal Limit,0,0,0,0,0,0,0,0,0,0,0,0,0,0,0,0,0,0,0,0,0,0,0,0,0,0,0,0,0,0,0,1,0,0,0,1,0
300398503,Cherokee,southern,,County Road,0,99.0,80.0,property_damage,0.0,0,0.0,0.0,0.0,F-O TREE,FIXED-OBJECT,35.9839,-94.8912,2019,2019-01-18,20.06,1,0,N,       ,Y,N,1,Rain,Dark / Unlighted,2.0,20.0,0,Roadway Departure Right,0,Y,0.0,D,20.0,43.0,M,Y,1.0,Drinking - Ability Impaired,4.0,0,0,0,Alcohol-DUI/DWI,Alcohol-DUI/DWI,0,1,0,0,0,0,0,0,0,0,0,0,0,0,0,0,0,0,0,0,0,0,0,0,0,0,0,0,0,0,0,0,0,0,1,1,0
300398505,Cherokee,southern,,County Road,0,99.0,80.0,property_damage,0.0,0,0.0,0.0,0.0,OTH-SINGLE-VEH,OTH-SINGLE-VEH,35.8754,-95.0829,2019,2019-01-15,19.17,1,0,N,       ,N,Y,1,Clear,Dark / Unlighted,1.0,0.0,0,Roadway Departure Right,0,N,0.0,D,2.0,39.0,F,Y,1.0,Under the Influence of Medication,4.0,0,0,0,Drug-DUI,Drug-DUI,0,0,0,0,0,0,0,0,0,0,0,1,0,0,0,0,0,0,0,0,0,0,0,0,0,0,0,0,0,0,0,0,0,0,0,1,0
300398702,Delaware,northern,SH-127,State Highway,0,0.0,0.0,property_damage,0.0,0,0.0,0.0,0.0,F-O TREE,FIXED-OBJECT,36.4995442,-94.8317206,2019,2019-01-27,17.43,1,0,N,       ,N,N,0,Clear,Dark / Unlighted,1.0,33.0,0,Fixed Object,0,N,0.0,D,20.0,60.0,F,Y,1.0,Apparently Normal,4.0,0,0,0,No Improper Action by Driver,No Improper Action by Driver,0,0,0,0,0,0,0,0,0,0,0,0,0,0,0,0,0,0,0,0,0,0,0,0,0,0,1,0,0,0,0,0,0,0,0,1,0
300398711,Craig,northern,I-44,Turnpike Interstate,0,0.0,0.0,possible_injury,0.0,0,0.0,0.0,1.0,F-O BARR-CONCRETE,FIXED-OBJECT,36.6656691,-95.0790517,2019,2019-01-15,19.35,2,1,N,       ,N,N,0,Clear,Dark / Unlighted,1.0,33.0,0,Roadway Departure Left,0,N,0.0,D,10.0,44.0,M,Y,1.0,Apparently Normal,4.0,0,0,0,Unsafe Vehicle,Wheel,0,0,0,0,0,0,0,0,0,0,0,0,0,0,0,0,0,0,0,0,0,0,0,0,0,0,0,0,0,0,0,0,1,0,0,1,0
300398755,Sequoyah,southern,SH-101,State Highway,0,0.0,0.0,property_damage,0.0,0,0.0,0.0,0.0,F-O FENCE,FIXED-OBJECT,35.5667134,-94.5604929,2019,2019-01-06,21.03,1,0,N,       ,N,N,0,Clear,Dark / Unlighted,1.0,19.0,0,Roadway Departure Left,0,N,0.0,D,20.0,39.0,F,Y,1.0,Apparently Normal,4.0,0,0,0,Improper Turn,From Direct Course,0,0,0,0,0,0,0,0,0,0,0,0,0,0,0,0,0,0,0,0,0,0,1,0,0,0,0,0,0,0,0,0,0,0,0,1,0
300398756,Sequoyah,southern,I-40,Interstate,0,31.0,0.0,property_damage,0.0,0,0.0,0.0,0.0,REAR-END,REAR-END,35.4499671,-94.7628315,2019,2019-01-29,20.05,2,0,N,       ,N,N,0,Clear,Dark / Unlighted,1.0,3.0,0,Roadway Departure Right,0,N,0.0,D,4.0,65.0,M,Y,1.0,Apparently Normal,4.0,1,0,0,No Improper Action by Driver,No Improper Action by Driver,0,0,0,0,0,0,0,0,0,0,0,0,0,0,0,0,0,0,0,0,0,0,0,0,0,0,1,0,0,0,0,0,0,0,0,1,0
300398825,Rogers,northern,I-44,Turnpike Interstate,0,0.0,0.0,property_damage,0.0,0,0.0,0.0,0.0,F-O TRAFF-SIGN,FIXED-OBJECT,36.1642957,-95.7320176,2019,2019-01-02,20.3,1,0,N,       ,N,N,0,Sleet/Hail/Freezing Rain,Dark / Unlighted,3.0,20.0,0,Roadway Departure Right,0,N,0.0,D,1.0,47.0,F,Y,1.0,Apparently Normal,4.0,0,0,0,Unsafe Speed,For Ice or Snow on Roadway,0,0,0,0,0,0,0,0,0,0,0,0,0,0,0,0,0,0,0,0,0,0,0,0,0,0,0,0,0,0,0,1,0,0,1,1,1
300398907,Sequoyah,southern,,County Road,0,0.0,0.0,non_incapacitating_injury,1.0,0,0.0,1.0,0.0,F-O TREE,FIXED-OBJECT,35.334,-94.5843,2019,2019-01-31,2.15,1,0,N,       ,N,N,0,Clear,Dark / Unlighted,1.0,20.0,0,Roadway Departure Right,0,N,0.0,D,20.0,21.0,M,Y,1.0,Apparently Normal,1.0,0,0,0,Unsafe Speed,On Curve/Turn,0,0,0,0,0,0,0,0,0,0,0,0,0,0,0,0,0,0,0,0,0,0,0,0,0,0,0,0,0,0,0,1,0,0,0,1,0
300398953,Craig,northern,I-44,Turnpike Interstate,0,0.0,0.0,property_damage,0.0,0,0.0,0.0,0.0,OTHER,OTHER,36.6743655,-95.0578844,2019,2019-01-24,3.29,1,1,N,       ,N,N,0,Clear,Dark / Unlighted,1.0,19.0,0,No Roadway Departure,0,N,0.0,D,8.0,39.0,M,Y,1.0,Apparently Normal,4.0,0,0,0,Unsafe Vehicle,Brakes,0,0,0,0,0,0,0,0,0,0,0,0,0,0,0,0,0,0,0,0,0,0,0,0,0,0,0,0,0,0,0,0,1,0,0,1,0
300399054,Tulsa,tulsa,,City Street,7,99.0,80.0,property_damage,0.0,0,0.0,0.0,0.0,OTH-BACKING,OTH-BACKING,36.18053269,-95.9531693,2019,2019-01-26,23.5,2,0,N,       ,N,N,0,Clear,Dark / Unlighted,1.0,27.0,0,No Roadway Departure,0,N,0.0,C,2.0,0.0,,N,0.0,Unknown,99.0,0,0,0,No Improper Action by Driver,No Improper Action by Driver,0,0,0,0,0,0,0,0,0,0,0,0,0,0,0,0,0,0,0,0,0,0,0,0,0,0,1,0,0,0,0,0,0,0,0,1,0
300399099,Delaware,northern,US-59,US Route,0,0.0,0.0,possible_injury,0.0,0,0.0,0.0,1.0,ANIMAL,ANIMAL,36.5320917,-94.7734034,2019,2019-01-31,18.28,2,0,N,       ,N,N,0,Cloudy,Dark / Unlighted,0.0,34.0,0,No Roadway Departure,0,N,0.0,A,0.0,0.0,,N,0.0,,0.0,0,0,0,Deer in Roadway,Deer in Roadway,0,0,0,0,0,0,0,1,0,0,0,0,0,0,0,0,0,0,0,0,0,0,0,0,0,0,0,0,0,0,0,0,0,0,0,1,0
300399102,Delaware,northern,SH-10,State Highway,0,0.0,0.0,possible_injury,0.0,0,0.0,0.0,1.0,F-O TRAFF-SIGN,FIXED-OBJECT,36.1648174,-94.7798909,2019,2019-01-31,20.06,1,0,N,       ,Y,N,1,Cloudy,Dark / Unlighted,2.0,19.0,0,Roadway Departure Left,0,N,0.0,D,4.0,46.0,M,Y,2.0,Drinking - Ability Impaired,4.0,0,0,0,Alcohol-DUI/DWI,Alcohol-DUI/DWI,0,1,0,0,0,0,0,0,0,0,0,0,0,0,0,0,0,0,0,0,0,0,0,0,0,0,0,0,0,0,0,0,0,0,0,1,0
300399178,Delaware,northern,US-59,US Route,0,0.0,0.0,non_incapacitating_injury,1.0,0,0.0,1.0,0.0,ANIMAL,ANIMAL,36.28672,-94.7739575,2019,2019-01-27,18.35,1,0,N,       ,N,N,0,Clear,Dark / Unlighted,0.0,34.0,0,No Roadway Departure,0,N,0.0,A,0.0,0.0,,N,0.0,,0.0,0,0,0,Domestic Animal in Roadway,Domestic Animal in Roadway,0,0,0,0,0,0,0,0,0,0,1,0,0,0,0,0,0,0,0,0,0,0,0,0,0,0,0,0,0,0,0,0,0,0,0,1,0
300399255,Delaware,northern,SH-20,State Highway,0,0.0,0.0,property_damage,0.0,0,0.0,0.0,0.0,ANIMAL,ANIMAL,36.4722587,-94.6134471,2019,2019-02-02,2.01,1,1,N,       ,N,N,0,Clear,Dark / Unlighted,1.0,34.0,0,No Roadway Departure,0,N,0.0,D,10.0,30.0,M,Y,1.0,Apparently Normal,4.0,0,0,0,No Improper Action by Driver,No Improper Action by Driver,0,0,0,0,0,0,0,0,0,0,0,0,0,0,0,0,0,0,0,0,0,0,0,0,0,0,1,0,0,0,0,0,0,0,0,1,0
300399258,Rogers,northern,I-44,Turnpike Interstate,0,30.0,0.0,non_incapacitating_injury,1.0,0,0.0,1.0,0.0,SIDESWIPE-SAME,SIDESWIPE-SAME,36.1708212,-95.7319623,2019,2019-01-02,19.49,2,0,N,       ,N,N,0,Cloudy,Dark / Unlighted,3.0,16.0,0,Roadway Departure Left,0,N,0.0,D,20.0,22.0,M,Y,1.0,Apparently Normal,4.0,0,0,0,Unsafe Speed,For Ice or Snow on Roadway,0,0,0,0,0,0,0,0,0,0,0,0,0,0,0,0,0,0,0,0,0,0,0,0,0,0,0,0,0,0,0,1,0,0,0,1,1
300399424,Craig,northern,I-44,Turnpike Interstate,0,0.0,0.0,property_damage,0.0,0,0.0,0.0,0.0,ANIMAL,ANIMAL,36.6754187,-95.0553179,2019,2019-01-24,3.29,1,1,N,       ,N,N,0,Clear,Dark / Unlighted,0.0,34.0,0,Roadway Departure Right,0,N,0.0,A,0.0,0.0,,N,0.0,,0.0,0,0,0,Animal in Roadway,Animal in Roadway,0,0,1,0,0,0,0,0,0,0,0,0,0,0,0,0,0,0,0,0,0,0,0,0,0,0,0,0,0,0,0,0,0,0,0,1,0
300399439,Muskogee,southern,US-64,US Route,0,0.0,0.0,property_damage,0.0,0,0.0,0.0,0.0,REAR-END,REAR-END,35.5812965,-95.3236778,2019,2019-01-31,5.3,2,0,N,       ,N,N,0,Cloudy,Dark / Unlighted,1.0,3.0,0,No Roadway Departure,0,N,0.0,D,4.0,44.0,F,Y,1.0,Apparently Normal,4.0,0,0,0,Followed too Closely,Traffic Condition,0,0,0,0,0,0,0,0,0,0,0,0,0,0,0,0,1,0,0,0,0,0,0,0,0,0,0,0,0,0,0,0,0,0,0,1,0
300399506,Nowata,northern,,County Road,0,99.0,80.0,property_damage,0.0,0,0.0,0.0,0.0,F-O DITCH,FIXED-OBJECT,36.927,-95.6288,2019,2019-01-07,7.14,1,0,N,       ,N,N,0,Clear,Dawn,2.0,20.0,0,Roadway Departure Right,0,N,0.0,D,2.0,17.0,F,Y,1.0,Apparently Normal,4.0,0,1,0,Unsafe Speed,Rain or Wet Roadway,0,0,0,0,0,0,0,0,0,0,0,0,0,0,0,0,0,0,0,0,0,0,0,0,0,0,0,0,0,0,0,1,0,0,0,1,0
300399573,McIntosh,southern,I-40,Interstate,0,0.0,0.0,property_damage,0.0,0,0.0,0.0,0.0,REAR-END,REAR-END,35.4564359,-95.3914403,2019,2019-02-05,5.56,2,0,N,       ,N,N,0,Cloudy,Dark / Unlighted,1.0,3.0,0,No Roadway Departure,0,N,0.0,D,2.0,46.0,F,Y,1.0,Apparently Normal,4.0,0,0,0,No Improper Action by Driver,No Improper Action by Driver,0,0,0,0,0,0,0,0,0,0,0,0,0,0,0,0,0,0,0,0,0,0,0,0,0,0,1,0,0,0,0,0,0,0,0,1,0
300399592,Mayes,northern,US-412,Turnpike,0,0.0,0.0,property_damage,0.0,0,0.0,0.0,0.0,F-O GUARDRL-END,FIXED-OBJECT,36.1880578,-95.1584956,2018,2018-10-04,7.03,1,0,N,       ,N,N,0,Rain,Dark / Unlighted,2.0,19.0,0,Roadway Departure Left,0,N,0.0,D,4.0,29.0,M,Y,1.0,Apparently Normal,4.0,0,0,0,Unsafe Speed,Rain or Wet Roadway,0,0,0,0,0,0,0,0,0,0,0,0,0,0,0,0,0,0,0,0,0,0,0,0,0,0,0,0,0,0,0,1,0,0,1,1,0
300399619,Tulsa,tulsa,SH-266,State Highway,1,0.0,0.0,non_incapacitating_injury,1.0,0,0.0,1.0,0.0,SIDESWIPE-OPP,SIDESWIPE-OPP,36.22452465,-95.81535092,2019,2019-02-06,6.5,2,1,N,       ,N,N,0,Cloudy,Dark / Unlighted,2.0,17.0,0,No Roadway Departure,0,N,0.0,D,1.0,20.0,M,Y,3.0,Apparently Normal,4.0,0,0,0,Unsafe Vehicle,Tires,0,0,0,0,0,0,0,0,0,0,0,0,0,0,0,0,0,0,0,0,0,0,0,0,0,0,0,0,0,0,0,0,1,0,0,1,0
300399626,Rogers,northern,I-44,Turnpike Interstate,0,71.0,0.0,property_damage,0.0,0,0.0,0.0,0.0,F-O GUARDRL-FACE,FIXED-OBJECT,36.2196392,-95.6876971,2019,2019-01-31,19.47,1,0,N,       ,Y,N,1,Clear,Dark / Unlighted,1.0,20.0,0,Roadway Departure Right,0,N,0.0,D,20.0,61.0,M,Y,1.0,Drinking - Ability Impaired,4.0,0,0,0,Alcohol-DUI/DWI,Alcohol-DUI/DWI,0,1,0,0,0,0,0,0,0,0,0,0,0,0,0,0,0,0,0,0,0,0,0,0,0,0,0,0,0,0,0,0,0,0,0,1,0
300399645,Ottawa,northern,US-59,US Route,1,0.0,0.0,non_incapacitating_injury,3.0,0,0.0,3.0,0.0,ROLLOVER,ROLLOVER,36.8285149,-94.9215874,2019,2019-02-03,21.08,1,0,N,       ,N,N,0,Cloudy,Dark / Unlighted,1.0,20.0,0,Roadway Departure Left,0,N,0.0,D,20.0,39.0,M,Y,3.0,Apparently Normal,4.0,0,0,0,Inattention,Distraction from Outside Vehicle,0,0,0,0,0,0,0,0,0,0,0,0,0,0,0,0,0,0,0,0,0,0,0,0,1,0,0,0,0,0,0,0,0,0,0,1,0
300399651,Mayes,northern,,County Road,0,0.0,0.0,possible_injury,0.0,0,0.0,0.0,5.0,SIDESWIPE-OPP,SIDESWIPE-OPP,36.1916,-95.3556,2019,2019-01-31,20.05,2,0,N,       ,Y,N,1,Clear,Dark / Unlighted,1.0,17.0,0,Roadway Departure Right,0,N,0.0,D,2.0,24.0,F,Y,1.0,Drinking - Ability Impaired,4.0,0,0,0,Alcohol-DUI/DWI,Alcohol-DUI/DWI,0,1,0,0,0,0,0,0,0,0,0,0,0,0,0,0,0,0,0,0,0,0,0,0,0,0,0,0,0,0,0,0,0,0,0,1,0
300399657,Nowata,northern,US-169,US Route,0,10.0,0.0,non_incapacitating_injury,2.0,0,0.0,2.0,0.0,F-O BARR-CONCRETE,FIXED-OBJECT,36.9524241,-95.6290691,2019,2019-02-06,4.43,1,0,N,       ,N,N,0,Sleet/Hail/Freezing Rain,Dark / Unlighted,3.0,20.0,0,Roadway Departure Right,0,N,0.0,D,4.0,41.0,M,Y,3.0,Apparently Normal,4.0,0,0,0,Unsafe Speed,For Ice or Snow on Roadway,0,0,0,0,0,0,0,0,0,0,0,0,0,0,0,0,0,0,0,0,0,0,0,0,0,0,0,0,0,0,0,1,0,0,1,1,1
300399703,Tulsa,northern,US-75,US Route,0,72.0,0.0,property_damage,0.0,0,0.0,0.0,0.0,REAR-END,REAR-END,36.2470563,-95.9351143,2019,2019-01-29,3.26,2,0,N,       ,N,N,0,Clear,Dark / Unlighted,1.0,3.0,0,No Roadway Departure,0,N,0.0,D,20.0,48.0,M,Y,1.0,Apparently Normal,4.0,0,0,0,Followed too Closely,Human Element,0,0,0,0,0,0,0,0,0,0,0,0,0,0,0,0,1,0,0,0,0,0,0,0,0,0,0,0,0,0,0,0,0,0,0,1,0
300399812,Rogers,northern,SH-66,State Highway,0,0.0,0.0,property_damage,0.0,0,0.0,0.0,0.0,ANIMAL,ANIMAL,36.4764787,-95.4772395,2019,2019-02-03,20.45,1,0,N,       ,N,N,0,Cloudy,Dark / Unlighted,0.0,34.0,0,Roadway Departure Right,0,N,0.0,A,0.0,0.0,,N,0.0,,0.0,0,0,0,Deer in Roadway,Deer in Roadway,0,0,0,0,0,0,0,1,0,0,0,0,0,0,0,0,0,0,0,0,0,0,0,0,0,0,0,0,0,0,0,0,0,0,0,1,0
300399814,Rogers,northern,I-44,Interstate,0,0.0,0.0,property_damage,0.0,0,0.0,0.0,0.0,F-O POLE-OTHER,FIXED-OBJECT,36.1624035,-95.7802955,2019,2019-01-26,2.34,1,0,N,       ,N,N,0,Clear,Dark / Unlighted,1.0,20.0,0,Roadway Departure Right,0,Y,0.0,D,2.0,0.0,9,Y,1.0,Unknown,99.0,0,0,0,Other Improper Act/Movement,Other,0,0,0,0,0,0,0,0,0,0,0,0,0,0,0,0,0,0,0,0,0,0,0,0,0,0,0,0,1,0,0,0,0,0,0,1,0
300399868,Rogers,northern,SH-66,State Highway,0,10.0,0.0,property_damage,0.0,0,0.0,0.0,0.0,F-O BR-RAIL,FIXED-OBJECT,36.2139389,-95.7219146,2019,2019-02-07,7.0,1,0,N,       ,N,N,0,Sleet/Hail/Freezing Rain,Dawn,3.0,19.0,0,Roadway Departure Left,0,N,0.0,D,2.0,22.0,M,Y,1.0,Apparently Normal,4.0,0,0,0,Unsafe Speed,For Ice or Snow on Roadway,0,0,0,0,0,0,0,0,0,0,0,0,0,0,0,0,0,0,0,0,0,0,0,0,0,0,0,0,0,0,0,1,0,0,1,1,1
300399889,Tulsa,tulsa,,City Street,1,0.0,0.0,incapacitating_injury,1.0,0,1.0,0.0,0.0,PEDAL-CYCLE,PEDAL-CYCLE,36.161449,-95.895642,2019,2019-02-04,7.35,1,0,N,       ,N,N,0,Clear,Dawn,1.0,21.0,0,No Roadway Departure,0,N,0.0,B,0.0,45.0,M,Y,4.0,Apparently Normal,0.0,0,0,0,Improper Bicyclist Action,Improper Bicyclist Action,0,0,0,0,0,0,0,0,0,0,0,0,0,0,0,0,0,0,1,0,0,0,0,0,0,0,0,0,0,0,0,0,0,0,0,1,0
300399944,Nowata,northern,US-169,US Route,0,10.0,0.0,property_damage,0.0,0,0.0,0.0,0.0,F-O GUARDRL-FACE,FIXED-OBJECT,36.6754414,-95.6408202,2019,2019-02-07,3.02,1,1,N,       ,N,N,0,Sleet/Hail/Freezing Rain,Dark / Unlighted,3.0,19.0,0,Roadway Departure Left,0,N,0.0,D,10.0,44.0,M,Y,1.0,Apparently Normal,4.0,0,0,0,Unsafe Speed,For Ice or Snow on Roadway,0,0,0,0,0,0,0,0,0,0,0,0,0,0,0,0,0,0,0,0,0,0,0,0,0,0,0,0,0,0,0,1,0,0,1,1,1
300399947,Ottawa,northern,SH-125,State Highway,0,1.0,0.0,property_damage,0.0,0,0.0,0.0,0.0,RIGHT-ANGLE,RIGHT-ANGLE,36.7957132,-94.8554144,2019,2019-02-06,20.09,2,0,N,       ,N,N,0,Rain,Dark / Unlighted,2.0,1.0,0,No Roadway Departure,0,N,0.0,D,2.0,31.0,F,Y,1.0,Apparently Normal,4.0,0,0,0,Failed to Yield,Private Drive,0,0,0,0,0,0,0,0,0,0,0,0,0,0,0,1,0,0,0,0,0,0,0,0,0,0,0,0,0,0,0,0,0,0,1,1,0
300400097,Adair,southern,SH-100,State Highway,0,0.0,0.0,property_damage,0.0,0,0.0,0.0,0.0,F-O OTHER,FIXED-OBJECT,35.8018462,-94.6871023,2019,2019-02-06,22.06,1,0,N,       ,N,N,0,Rain,Dark / Unlighted,2.0,19.0,0,Roadway Departure Left,0,N,0.0,D,4.0,27.0,M,Y,1.0,Apparently Normal,4.0,0,0,0,Unsafe Speed,Rain or Wet Roadway,0,0,0,0,0,0,0,0,0,0,0,0,0,0,0,0,0,0,0,0,0,0,0,0,0,0,0,0,0,0,0,1,0,0,1,1,0
300400099,Cherokee,southern,,County Road,0,99.0,80.0,property_damage,0.0,0,0.0,0.0,0.0,F-O TREE,FIXED-OBJECT,35.9137,-94.9116,2019,2019-02-06,0.0,1,0,N,       ,Y,N,1,Rain,Dark / Unlighted,2.0,20.0,0,Roadway Departure Right,0,Y,0.0,D,4.0,34.0,M,Y,1.0,Drinking - Ability Impaired,1.0,0,0,0,Alcohol-DUI/DWI,Alcohol-DUI/DWI,0,1,0,0,0,0,0,0,0,0,0,0,0,0,0,0,0,0,0,0,0,0,0,0,0,0,0,0,0,0,0,0,0,0,1,1,0
300400131,Tulsa,tulsa,,City Street,1,0.0,0.0,possible_injury,0.0,0,0.0,0.0,2.0,ANGLE-TURNING,ANGLE-TURNING,36.22421657,-95.99349931,2019,2019-02-05,17.37,2,0,N,       ,N,N,0,Rain,Dusk,2.0,7.0,0,No Roadway Departure,0,N,0.0,D,2.0,79.0,F,Y,2.0,Apparently Normal,4.0,1,0,0,Failed to Yield,To Vehicle in Intersection,0,0,0,0,0,0,0,0,0,0,0,0,0,0,0,1,0,0,0,0,0,0,0,0,0,0,0,0,0,0,0,0,0,0,1,1,0
300400132,Tulsa,tulsa,US-75,US Route,0,0.0,5.0,possible_injury,0.0,0,0.0,0.0,1.0,REAR-END,REAR-END,36.1674554,-95.9801686,2019,2019-02-08,17.3,2,0,Y,       ,N,N,0,Clear,Dusk,1.0,2.0,0,No Roadway Departure,0,N,0.0,D,2.0,28.0,F,Y,2.0,Apparently Normal,4.0,0,0,0,Unsafe Speed,For Traffic Conditions,0,0,0,0,0,0,0,0,0,0,0,0,0,0,0,0,0,0,0,0,0,0,0,0,0,0,0,0,0,0,0,1,0,0,0,1,0