crash_id,county,region,highway_name,highway_class,intersection_rel,special_feature_1,special_feature_2,severity_level,visual_injured_num,fatal_num,suspected_serious_injured_num,non_incapacitated_injured_num,possibly_injured_num,crash_type,main_crash_type,latitude,longitude,year,date,time,number_of_vehicles,number_of_commercial_vehicles,work_zone,railroad_crossing,alcohol,drug,Alcohol or Drug,weather_condition,lighting_condition,road_condition,manner_of_collision,pedestrians_num,roadway_departure,cross_centerline,hit_and_run,emergency_vehicle_use,unit_type,vehicle_type,age,sex,driver_of_vehicle,injury_severity,person_condition,restraint_use,older_driver,teen_driver,Sleepy/Ill/Dizzy Driver,unsafe_unlaw_category,unsafe_unlaw_desc,Abnormal Traffic Control,Alcohol-DUI/DWI,Animal in Roadway,Apparently Sleepy,Avoiding Other Vehicle,Avoiding Pedestrian,Changed Lanes Unsafely,Deer in Roadway,Defect in Roadway,Disregarded Warning Signal,Domestic Animal in Roadway,Drug-DUI,Failed to Secure Load,Failed to Signal,Failed to Stop,Failed to Yield,Followed too Closely,Improper Backing,Improper Bicyclist Action,Improper Overtaking,Improper Parking,Improper Start From,Improper Turn,Improper Use of Lane,Distraction,Left of Center,No Improper Action by Driver,Object/Debris in Roadway,Other Improper Act/Movement,Pedestrian Action,Stopped in Traffic Lane,Speeding,Unsafe Vehicle,Wrong Way,Bad Weather,Bad Lighting,Bad Road Condition
300472932,Tulsa,northern,,County Road,0,99.0,80.0,property_damage,0.0,0,0.0,0.0,0.0,RIGHT-ANGLE,RIGHT-ANGLE,36.2615,-95.8909,2020,2020-07-16,5.45,2,0,N,       ,N,N,0,Cloudy,Dawn,1.0,1.0,0,No Roadway Departure,0,N,0.0,D,20.0,50.0,M,Y,1.0,Apparently Normal,4.0,0,0,0,Failed to Yield,Private Drive,0,0,0,0,0,0,0,0,0,0,0,0,0,0,0,1,0,0,0,0,0,0,0,0,0,0,0,0,0,0,0,0,0,0,0,1,0
300473056,Craig,northern,US-60,US Route,0,0.0,0.0,property_damage,0.0,0,0.0,0.0,0.0,F-O FENCE,FIXED-OBJECT,36.64270262,-95.27169072,2020,2020-07-30,5.51,1,0,N,       ,N,N,0,Rain,Dark / Unlighted,2.0,19.0,0,Roadway Departure Left,0,N,0.0,D,2.0,33.0,M,Y,1.0,Apparently Normal,4.0,0,0,0,Unsafe Vehicle,Tires,0,0,0,0,0,0,0,0,0,0,0,0,0,0,0,0,0,0,0,0,0,0,0,0,0,0,0,0,0,0,0,0,1,0,1,1,0
300473057,Mayes,northern,,County Road,0,99.0,80.0,property_damage,0.0,0,0.0,0.0,0.0,F-O FENCE,FIXED-OBJECT,36.35,-95.092,2020,2020-07-29,21.13,1,0,N,       ,N,N,0,Rain,Dark / Unlighted,2.0,20.0,0,Roadway Departure Right,0,N,0.0,D,2.0,24.0,F,Y,1.0,Apparently Normal,3.0,0,0,0,Unsafe Speed,Rain or Wet Roadway,0,0,0,0,0,0,0,0,0,0,0,0,0,0,0,0,0,0,0,0,0,0,0,0,0,0,0,0,0,0,0,1,0,0,1,1,0
300473058,Ottawa,northern,SH-25,State Highway,0,0.0,0.0,property_damage,0.0,0,0.0,0.0,0.0,ANIMAL,ANIMAL,36.80124296,-94.96868147,2020,2020-07-31,21.33,1,0,N,       ,N,N,0,Cloudy,Dark / Unlighted,0.0,34.0,0,No Roadway Departure,0,N,0.0,A,0.0,0.0,,N,0.0,,0.0,0,0,0,Animal in Roadway,Animal in Roadway,0,0,1,0,0,0,0,0,0,0,0,0,0,0,0,0,0,0,0,0,0,0,0,0,0,0,0,0,0,0,0,0,0,0,0,1,0
300473059,Delaware,northern,SH-125,State Highway,0,0.0,0.0,property_damage,0.0,0,0.0,0.0,0.0,F-O BARR-OTHER,FIXED-OBJECT,36.59021021,-94.87033993,2020,2020-07-19,1.3,1,0,N,       ,N,N,0,Cloudy,Dark / Unlighted,1.0,20.0,0,Roadway Departure Right,0,Y,0.0,D,2.0,25.0,M,Y,1.0,Apparently Normal,4.0,0,0,0,Unsafe Speed,Other,0,0,0,0,0,0,0,0,0,0,0,0,0,0,0,0,0,0,0,0,0,0,0,0,0,0,0,0,0,0,0,1,0,0,0,1,0
300473062,Adair,southern,US-59,US Route,1,0.0,0.0,incapacitating_injury,1.0,0,1.0,0.0,0.0,F-O DITCH,FIXED-OBJECT,35.78831524,-94.62597671,2020,2020-07-29,3.07,1,0,N,       ,Y,N,1,Clear,Dark / Unlighted,1.0,20.0,0,Roadway Departure Right,0,N,0.0,D,4.0,27.0,M,Y,4.0,Drinking - Ability Impaired,1.0,0,0,0,Alcohol-DUI/DWI,Alcohol-DUI/DWI,0,1,0,0,0,0,0,0,0,0,0,0,0,0,0,0,0,0,0,0,0,0,0,0,0,0,0,0,0,0,0,0,0,0,0,1,0
300473064,Mayes,northern,US-412,US Route,0,0.0,0.0,property_damage,0.0,0,0.0,0.0,0.0,ANIMAL,ANIMAL,36.17665544,-95.27570287,2020,2020-07-25,22.17,1,0,N,       ,N,N,0,Clear,Dark / Unlighted,0.0,34,0,Roadway Departure Right,0,N,0.0,A,0.0,0.0,,N,0.0,,0.0,0,0,0,Domestic Animal in Roadway,Domestic Animal in Roadway,0,0,0,0,0,0,0,0,0,0,1,0,0,0,0,0,0,0,0,0,0,0,0,0,0,0,0,0,0,0,0,0,0,0,0,1,0
300473184,Sequoyah,southern,,County Road,0,99.0,80.0,property_damage,0.0,0,0.0,0.0,0.0,F-O MAILBOX,FIXED-OBJECT,35.6105,-94.9763,2020,2020-08-01,22.49,1,0,N,       ,Y,N,1,Clear,Dark / Unlighted,1.0,20,0,Roadway Departure Right,0,Y,0.0,D,4.0,0.0,9,Y,1.0,Unknown,99.0,0,0,0,Alcohol-DUI/DWI,Alcohol-DUI/DWI,0,1,0,0,0,0,0,0,0,0,0,0,0,0,0,0,0,0,0,0,0,0,0,0,0,0,0,0,0,0,0,0,0,0,0,1,0
300473249,Delaware,northern,SH-25,State Highway,0,0.0,0.0,property_damage,0.0,0,0.0,0.0,0.0,SIDESWIPE-OPP,SIDESWIPE-OPP,36.59789292,-94.68172376,2020,2020-08-01,21.29,2,0,N,       ,N,Y,1,Clear,Dark / Unlighted,1.0,17,0,No Roadway Departure,0,Y,0.0,D,2.0,19.0,F,Y,1.0,Under the Influence of Medication,4.0,0,1,0,Drug-DUI,Drug-DUI,0,0,0,0,0,0,0,0,0,0,0,1,0,0,0,0,0,0,0,0,0,0,0,0,0,0,0,0,0,0,0,0,0,0,0,1,0
300473274,Mayes,northern,SH-28,State Highway,0,0.0,0.0,non_incapacitating_injury,1.0,0,0.0,1.0,0.0,ANIMAL,ANIMAL,36.4469918,-95.18537682,2020,2020-08-02,21.15,1,0,N,       ,N,N,0,Rain,Dark / Unlighted,0.0,34,0,Roadway Departure Left,0,N,0.0,A,0.0,0.0,,N,0.0,,0.0,0,0,0,Domestic Animal in Roadway,Domestic Animal in Roadway,0,0,0,0,0,0,0,0,0,0,1,0,0,0,0,0,0,0,0,0,0,0,0,0,0,0,0,0,0,0,0,0,0,0,1,1,0
300473436,Tulsa,northern,US-75,US Route,0,0.0,0.0,non_incapacitating_injury,1.0,0,0.0,1.0,0.0,F-O BARR-CABLE,FIXED-OBJECT,36.38723317,-95.9202907,2020,2020-07-30,6.47,1,0,N,       ,N,N,0,Rain,Dawn,2.0,19,0,Roadway Departure Left,0,N,0.0,D,2.0,22.0,F,Y,3.0,Apparently Normal,4.0,0,0,0,Unsafe Speed,Rain or Wet Roadway,0,0,0,0,0,0,0,0,0,0,0,0,0,0,0,0,0,0,0,0,0,0,0,0,0,0,0,0,0,0,0,1,0,0,1,1,0
300473469,Rogers,northern,,County Road,0,99.0,80.0,property_damage,0.0,0,0.0,0.0,0.0,F-O BARR-CABLE,FIXED-OBJECT,36.5547,-95.5666,2020,2020-07-22,3.39,1,0,N,       ,N,N,0,Cloudy,Dark / Unlighted,1.0,19,0,Roadway Departure Left,0,N,0.0,D,2.0,58.0,M,Y,1.0,Apparently Normal,4.0,0,0,0,Inattention,Other,0,0,0,0,0,0,0,0,0,0,0,0,0,0,0,0,0,0,0,0,0,0,0,0,1,0,0,0,0,0,0,0,0,0,0,1,0
300473526,Muskogee,southern,I-40,Interstate,0,0.0,0.0,non_incapacitating_injury,1.0,0,0.0,1.0,0.0,REAR-END,REAR-END,35.47686773,-95.30574504,2020,2020-08-02,23.4,3,0,N,       ,N,N,0,Clear,Dark / Unlighted,1.0,3,0,Roadway Departure Left,0,N,0.0,D,2.0,30.0,F,Y,1.0,Sleepy,4.0,0,0,1,Inattention,Other,0,0,0,0,0,0,0,0,0,0,0,0,0,0,0,0,0,0,0,0,0,0,0,0,1,0,0,0,0,0,0,0,0,0,0,1,0
300473527,Muskogee,southern,,County Road,0,0.0,0.0,non_incapacitating_injury,1.0,0,0.0,1.0,0.0,F-O DITCH,FIXED-OBJECT,35.7276,-95.2764,2020,2020-08-03,5.2,1,0,N,       ,N,N,0,Clear,Dark / Unlighted,1.0,20,0,Roadway Departure Right,0,N,0.0,D,2.0,50.0,F,Y,3.0,Apparently Normal,4.0,0,0,0,Inattention,Distraction from Outside Vehicle,0,0,0,0,0,0,0,0,0,0,0,0,0,0,0,0,0,0,0,0,0,0,0,0,1,0,0,0,0,0,0,0,0,0,0,1,0
300473565,Rogers,northern,,County Road,0,0.0,0.0,possible_injury,0.0,0,0.0,0.0,1.0,ROLLOVER,ROLLOVER,36.3101,-95.6148,2020,2020-08-01,20.52,1,0,N,       ,N,N,0,Clear,Dark / Unlighted,1.0,20,0,Roadway Departure Right,0,N,0.0,D,15.0,52.0,M,Y,2.0,Apparently Normal,99.0,0,0,0,Unsafe Speed,Other,0,0,0,0,0,0,0,0,0,0,0,0,0,0,0,0,0,0,0,0,0,0,0,0,0,0,0,0,0,0,0,1,0,0,0,1,0
300473574,Mayes,northern,,County Road,0,99.0,80.0,property_damage,0.0,0,0.0,0.0,0.0,F-O TREE,FIXED-OBJECT,36.2639,-95.2914,2020,2020-08-03,22.59,1,0,N,       ,N,N,0,Clear,Dark / Unlighted,1.0,19,0,Roadway Departure Left,0,Y,0.0,D,20.0,0.0,9,Y,1.0,Unknown,99.0,0,0,0,Unsafe Speed,On Curve/Turn,0,0,0,0,0,0,0,0,0,0,0,0,0,0,0,0,0,0,0,0,0,0,0,0,0,0,0,0,0,0,0,1,0,0,0,1,0
300473576,Mayes,northern,,County Road,0,99.0,80.0,property_damage,0.0,0,0.0,0.0,0.0,ANIMAL,ANIMAL,36.4937,-95.3998,2020,2020-08-03,21.24,1,0,N,       ,N,N,0,Clear,Dark / Unlighted,0.0,34,0,No Roadway Departure,0,N,0.0,A,0.0,0.0,,N,0.0,,0.0,0,0,0,Domestic Animal in Roadway,Domestic Animal in Roadway,0,0,0,0,0,0,0,0,0,0,1,0,0,0,0,0,0,0,0,0,0,0,0,0,0,0,0,0,0,0,0,0,0,0,0,1,0
300473608,Ottawa,northern,I-44,Turnpike Interstate,0,0.0,0.0,possible_injury,0.0,0,0.0,0.0,1.0,F-O UTIL-POLE,FIXED-OBJECT,36.84743763,-94.8580753,2020,2020-07-19,5.41,1,0,N,       ,Y,N,1,Cloudy,Dawn,1.0,19,0,Roadway Departure Right,0,N,0.0,D,20.0,28.0,M,Y,2.0,Drinking - Ability Impaired,1.0,0,0,0,Alcohol-DUI/DWI,Alcohol-DUI/DWI,0,1,0,0,0,0,0,0,0,0,0,0,0,0,0,0,0,0,0,0,0,0,0,0,0,0,0,0,0,0,0,0,0,0,0,1,0
300473890,Tulsa,tulsa,,City Street,1,99.0,80.0,property_damage,0.0,0,0.0,0.0,0.0,REAR-END,REAR-END,36.21325308,-95.85110351,2020,2020-08-06,21.58,2,0,N,       ,N,N,0,Clear,Dark / Unlighted,1.0,2,0,No Roadway Departure,0,Y,0.0,D,4.0,0.0,9,Y,1.0,Unknown,99.0,0,0,0,Unsafe Speed,For Traffic Conditions,0,0,0,0,0,0,0,0,0,0,0,0,0,0,0,0,0,0,0,0,0,0,0,0,0,0,0,0,0,0,0,1,0,0,0,1,0
300473896,Mayes,northern,,County Road,0,99.0,80.0,property_damage,0.0,0,0.0,0.0,0.0,ANIMAL,ANIMAL,36.2199,-95.1932,2020,2020-08-04,21.16,1,0,N,       ,N,N,0,Clear,Dark / Unlighted,0.0,34,0,No Roadway Departure,0,N,0.0,A,0.0,0.0,,N,0.0,,0.0,0,0,0,Domestic Animal in Roadway,Domestic Animal in Roadway,0,0,0,0,0,0,0,0,0,0,1,0,0,0,0,0,0,0,0,0,0,0,0,0,0,0,0,0,0,0,0,0,0,0,0,1,0
300473988,Tulsa,tulsa,,City Street,1,0.0,0.0,non_incapacitating_injury,2.0,0,0.0,2.0,1.0,ANGLE-TURNING,ANGLE-TURNING,36.1770734,-95.900071,2020,2020-08-07,0.0,2,0,N,       ,N,N,0,Clear,Dusk,1.0,11,0,No Roadway Departure,0,N,0.0,D,2.0,62.0,F,Y,3.0,Apparently Normal,4.0,0,0,0,Changed Lanes Unsafely,Changed Lanes Unsafely,0,0,0,0,0,0,1,0,0,0,0,0,0,0,0,0,0,0,0,0,0,0,0,0,0,0,0,0,0,0,0,0,0,0,0,1,0
300473994,Tulsa,tulsa,US-169,US Route,0,0.0,0.0,non_incapacitating_injury,1.0,0,0.0,1.0,0.0,ROLLOVER,ROLLOVER,36.20162665,-95.85157522,2020,2020-07-01,20.03,1,0,N,       ,Y,N,1,Clear,Dusk,1.0,20,0,Roadway Departure Right,0,N,0.0,D,1.0,21.0,M,Y,3.0,Drinking - Ability Impaired,1.0,0,0,0,Unsafe Speed,For Traffic Conditions,0,0,0,0,0,0,0,0,0,0,0,0,0,0,0,0,0,0,0,0,0,0,0,0,0,0,0,0,0,0,0,1,0,0,0,1,0
300474012,Nowata,northern,,County Road,0,99.0,80.0,property_damage,0.0,0,0.0,0.0,0.0,F-O TREE,FIXED-OBJECT,36.7865,-95.6398,2020,2020-08-07,5.0,1,0,N,       ,N,N,0,Cloudy,Dark / Unlighted,99.0,20,0,Roadway Departure Right,0,Y,0.0,D,4.0,0.0,9,Y,1.0,Unknown,99.0,0,0,0,Unsafe Speed,On Curve/Turn,0,0,0,0,0,0,0,0,0,0,0,0,0,0,0,0,0,0,0,0,0,0,0,0,0,0,0,0,0,0,0,1,0,0,0,1,0
300474019,Mayes,northern,US-69,US Route,0,0.0,0.0,property_damage,0.0,0,0.0,0.0,0.0,F-O TRAFF-SIGN,FIXED-OBJECT,36.28570886,-95.32687703,2020,2020-08-05,22.41,1,0,N,       ,N,N,0,Clear,Dark / Unlighted,1.0,20,0,Fixed Object,0,N,1.0,D,20.0,27.0,M,Y,1.0,Apparently Normal,4.0,0,0,0,No Improper Action by Driver,No Improper Action by Driver,0,0,0,0,0,0,0,0,0,0,0,0,0,0,0,0,0,0,0,0,0,0,0,0,0,0,1,0,0,0,0,0,0,0,0,1,0
300474030,Nowata,northern,,County Road,0,99.0,80.0,property_damage,0.0,0,0.0,0.0,0.0,F-O TREE,FIXED-OBJECT,36.7865,-95.6398,2020,2020-08-07,4.15,1,0,N,       ,N,N,0,Rain,Dark / Unlighted,2.0,20,0,Roadway Departure Right,0,Y,0.0,D,4.0,29.0,F,Y,1.0,Sleepy,1.0,0,0,1,Apparently Sleepy,Apparently Sleepy,0,0,0,1,0,0,0,0,0,0,0,0,0,0,0,0,0,0,0,0,0,0,0,0,0,0,0,0,0,0,0,0,0,0,1,1,0
300474177,Muskogee,southern,,County Road,0,0.0,0.0,incapacitating_injury,1.0,0,1.0,0.0,0.0,F-O TREE,FIXED-OBJECT,35.7251,-95.2684,2020,2020-08-07,22.11,1,0,N,       ,N,N,0,Clear,Dark / Unlighted,1.0,19,0,Roadway Departure Left,0,N,0.0,D,4.0,41.0,F,Y,4.0,Apparently Normal,4.0,0,0,0,Unsafe Speed,On Curve/Turn,0,0,0,0,0,0,0,0,0,0,0,0,0,0,0,0,0,0,0,0,0,0,0,0,0,0,0,0,0,0,0,1,0,0,0,1,0
300474196,Ottawa,northern,US-69,US Route,0,0.0,0.0,incapacitating_injury,1.0,0,1.0,0.0,0.0,PEDESTRIAN,PEDESTRIAN,36.86792007,-94.89183625,2020,2020-08-07,22.17,1,0,N,       ,Y,N,1,Clear,Dark / Unlighted,1.0,21,1,No Roadway Departure,0,N,0.0,P,0.0,26.0,M,N,4.0,Odor of Alcohol Beverage,0.0,0,0,0,Pedestrian Action,Pedestrian Action,0,0,0,0,0,0,0,0,0,0,0,0,0,0,0,0,0,0,0,0,0,0,0,0,0,0,0,0,0,1,0,0,0,0,0,1,0
300474292,Mayes,northern,I-44,Turnpike Interstate,0,10.0,5.0,non_incapacitating_injury,1.0,0,0.0,1.0,0.0,F-O BR-BEAMS,FIXED-OBJECT,36.45172085,-95.36420624,2020,2020-08-01,0.03,1,1,Y,       ,N,N,0,Cloudy,Dark / Unlighted,1.0,33,0,Fixed Object,0,Y,0.0,D,6.0,55.0,M,Y,3.0,Unknown,99.0,0,0,0,Other Improper Act/Movement,Other,0,0,0,0,0,0,0,0,0,0,0,0,0,0,0,0,0,0,0,0,0,0,0,0,0,0,0,0,1,0,0,0,0,0,0,1,0
300474305,Cherokee,southern,,County Road,0,0.0,0.0,non_incapacitating_injury,1.0,0,0.0,1.0,0.0,F-O DITCH,FIXED-OBJECT,35.9733,-94.9949,2020,2020-07-26,0.3,1,0,N,       ,Y,N,1,Clear,Dark / Unlighted,1.0,19,0,Roadway Departure Left,0,N,0.0,D,4.0,30.0,M,Y,3.0,Sleepy,1.0,0,0,1,Alcohol-DUI/DWI,Alcohol-DUI/DWI,0,1,0,0,0,0,0,0,0,0,0,0,0,0,0,0,0,0,0,0,0,0,0,0,0,0,0,0,0,0,0,0,0,0,0,1,0
300474338,Rogers,northern,I-44,Turnpike Interstate,0,0.0,0.0,non_incapacitating_injury,1.0,0,0.0,1.0,0.0,F-O CULVERT,FIXED-OBJECT,36.242142,-95.66211479,2020,2020-08-06,21.18,1,0,N,       ,N,N,0,Cloudy,Dark / Unlighted,1.0,20,0,Roadway Departure Right,0,N,0.0,D,4.0,50.0,M,Y,3.0,Sleepy,4.0,0,0,1,Apparently Sleepy,Apparently Sleepy,0,0,0,1,0,0,0,0,0,0,0,0,0,0,0,0,0,0,0,0,0,0,0,0,0,0,0,0,0,0,0,0,0,0,0,1,0
300474361,Tulsa,tulsa,,City Street,?,99.0,80.0,property_damage,0.0,0,0.0,0.0,0.0,OTHER,OTHER,36.1752579,-95.9582337,2020,2020-08-10,0.55,2,0,N,       ,N,N,0,Clear,Dark / Unlighted,1.0,36,0,No Roadway Departure,0,N,0.0,D,4.0,14.0,M,Y,1.0,Apparently Normal,4.0,0,1,0,Unsafe Speed,Inexperienced Driver - Young,0,0,0,0,0,0,0,0,0,0,0,0,0,0,0,0,0,0,0,0,0,0,0,0,0,0,0,0,0,0,0,1,0,0,0,1,0
300474432,Mayes,northern,I-44,Turnpike Interstate,0,10.0,0.0,property_damage,0.0,0,0.0,0.0,0.0,F-O GUARDRL-FACE,FIXED-OBJECT,36.45603351,-95.35699018,2020,2020-08-02,4.57,1,1,N,       ,N,N,0,Clear,Dark / Unlighted,1.0,20,0,Roadway Departure Right,0,N,0.0,D,10.0,21.0,M,Y,1.0,Apparently Normal,4.0,0,0,0,Unsafe Speed,Other,0,0,0,0,0,0,0,0,0,0,0,0,0,0,0,0,0,0,0,0,0,0,0,0,0,0,0,0,0,0,0,1,0,0,0,1,0
300474515,Sequoyah,southern,US-64,US Route,0,10.0,0.0,incapacitating_injury,2.0,0,2.0,0.0,0.0,F-O BR-ABUTMENT,FIXED-OBJECT,35.40493139,-94.4870137,2020,2020-08-06,2.59,1,0,N,       ,N,Y,1,Clear,Dark / Unlighted,1.0,19,0,Roadway Departure Left,1,N,0.0,D,4.0,20.0,F,Y,4.0,Unknown,1.0,0,0,0,Drug-DUI,Drug-DUI,0,0,0,0,0,0,0,0,0,0,0,1,0,0,0,0,0,0,0,0,0,0,0,0,0,0,0,0,0,0,0,0,0,0,0,1,0
300474550,Nowata,northern,US-169,US Route,1,0.0,0.0,fatal,0.0,1,0.0,0.0,1.0,RIGHT-ANGLE,RIGHT-ANGLE,36.74219594,-95.6296608,2020,2020-06-04,22.23,2,0,N,       ,N,Y,1,Cloudy,Dark / Unlighted,1.0,1,0,Roadway Departure Right,0,N,0.0,D,3.0,18.0,M,Y,2.0,Illigal Drugs,1.0,0,1,0,Drug-DUI,Drug-DUI,0,0,0,0,0,0,0,0,0,0,0,1,0,0,0,0,0,0,0,0,0,0,0,0,0,0,0,0,0,0,0,0,0,0,0,1,0
300474557,Muskogee,southern,,County Road,0,0.0,0.0,property_damage,0.0,0,0.0,0.0,0.0,ANIMAL,ANIMAL,35.3674,-95.3286,2020,2020-08-11,6.13,1,0,N,       ,N,N,0,Cloudy,Dawn,0.0,34,0,No Roadway Departure,0,N,0.0,A,0.0,0.0,,N,0.0,,0.0,0,0,0,Domestic Animal in Roadway,Domestic Animal in Roadway,0,0,0,0,0,0,0,0,0,0,1,0,0,0,0,0,0,0,0,0,0,0,0,0,0,0,0,0,0,0,0,0,0,0,0,1,0
300474560,Tulsa,northern,US-75,US Route,0,0.0,0.0,fatal,0.0,1,0.0,0.0,1.0,REAR-END,REAR-END,36.41478977,-95.92033578,2020,2020-07-22,23.57,2,0,N,       ,N,N,0,Clear,Dark / Unlighted,1.0,3,0,Roadway Departure Right,0,N,0.0,D,2.0,28.0,F,Y,2.0,Apparently Normal,4.0,0,0,0,Other Improper Act/Movement,Other,0,0,0,0,0,0,0,0,0,0,0,0,0,0,0,0,0,0,0,0,0,0,0,0,0,0,0,0,1,0,0,0,0,0,0,1,0
300474592,Washington,northern,,County Road,0,99.0,80.0,property_damage,0.0,0,0.0,0.0,0.0,F-O UTIL-POLE,FIXED-OBJECT,36.6871,-95.9351,2020,2020-08-10,20.22,1,0,N,       ,N,N,0,Rain,Dark / Unlighted,2.0,20,0,Roadway Departure Right,0,N,0.0,D,4.0,19.0,M,Y,1.0,Apparently Normal,4.0,0,1,0,Inattention,Distraction from Outside Vehicle,0,0,0,0,0,0,0,0,0,0,0,0,0,0,0,0,0,0,0,0,0,0,0,0,1,0,0,0,0,0,0,0,0,0,1,1,0
300474620,Craig,northern,I-44,Turnpike Interstate,0,0.0,0.0,property_damage,0.0,0,0.0,0.0,0.0,SIDESWIPE-SAME,SIDESWIPE-SAME,36.63598832,-95.12842672,2020,2020-07-22,5.0,2,1,N,       ,N,N,0,Rain,Dark / Unlighted,2.0,16,0,Roadway Departure Right,0,N,0.0,D,20.0,30.0,M,Y,1.0,Apparently Normal,4.0,0,0,0,No Improper Action by Driver,No Improper Action by Driver,0,0,0,0,0,0,0,0,0,0,0,0,0,0,0,0,0,0,0,0,0,0,0,0,0,0,1,0,0,0,0,0,0,0,1,1,0
300474913,Mayes,northern,,County Road,0,80.0,99.0,property_damage,0.0,0,0.0,0.0,0.0,F-O DITCH,FIXED-OBJECT,36.2638,-95.3098,2020,2020-07-06,22.21,1,0,N,       ,Y,N,1,Clear,Dark / Unlighted,1.0,20,0,Roadway Departure Right,0,N,0.0,D,2.0,23.0,M,Y,1.0,Drinking - Ability Impaired,4.0,0,0,0,Alcohol-DUI/DWI,Alcohol-DUI/DWI,0,1,0,0,0,0,0,0,0,0,0,0,0,0,0,0,0,0,0,0,0,0,0,0,0,0,0,0,0,0,0,0,0,0,0,1,0
300474965,Delaware,northern,US-59,US Route,0,0.0,0.0,property_damage,0.0,0,0.0,0.0,0.0,SIDESWIPE-OPP,SIDESWIPE-OPP,36.19592111,-94.72511703,2020,2020-08-14,4.11,2,1,N,       ,N,N,0,Rain,Dark / Unlighted,2.0,17,0,No Roadway Departure,0,N,0.0,D,10.0,65.0,M,Y,1.0,Apparently Normal,4.0,1,0,0,Unsafe Vehicle,Other Mechanical Defect,0,0,0,0,0,0,0,0,0,0,0,0,0,0,0,0,0,0,0,0,0,0,0,0,0,0,0,0,0,0,0,0,1,0,1,1,0
300475007,Adair,southern,,County Road,0,0.0,0.0,incapacitating_injury,1.0,0,1.0,0.0,0.0,F-O TREE,FIXED-OBJECT,35.7558,-94.5868,2020,2020-08-04,19.57,1,0,N,       ,N,N,0,Clear,Dusk,1.0,20,0,Roadway Departure Right,0,Y,0.0,D,2.0,19.0,F,Y,1.0,Unknown,1.0,0,1,0,Unsafe Speed,On Curve/Turn,0,0,0,0,0,0,0,0,0,0,0,0,0,0,0,0,0,0,0,0,0,0,0,0,0,0,0,0,0,0,0,1,0,0,0,1,0
300475009,Mayes,northern,SH-82,State Highway,0,0.0,0.0,non_incapacitating_injury,1.0,0,0.0,1.0,0.0,F-O TREE,FIXED-OBJECT,36.12301803,-95.13353066,2020,2020-08-13,0.19,1,0,N,       ,Y,N,1,Clear,Dark / Unlighted,1.0,20,0,Roadway Departure Right,0,N,0.0,D,2.0,27.0,M,Y,3.0,Drinking - Ability Impaired,1.0,0,0,0,Alcohol-DUI/DWI,Alcohol-DUI/DWI,0,1,0,0,0,0,0,0,0,0,0,0,0,0,0,0,0,0,0,0,0,0,0,0,0,0,0,0,0,0,0,0,0,0,0,1,0
300475011,Cherokee,southern,,County Road,0,99.0,80.0,property_damage,0.0,0,0.0,0.0,0.0,ANGLE-TURNING,ANGLE-TURNING,35.855,-94.8988,2020,2020-08-11,21.24,2,0,N,       ,N,N,0,Clear,Dark / Unlighted,1.0,10,0,No Roadway Departure,0,N,0.0,D,2.0,48.0,F,Y,1.0,Apparently Normal,4.0,0,0,0,Left of Center,No Passing Zone (Unmarked),0,0,0,0,0,0,0,0,0,0,0,0,0,0,0,0,0,0,0,0,0,0,0,0,0,1,0,0,0,0,0,0,0,0,0,1,0
300475034,Delaware,northern,SH-85A,State Highway,0,0.0,0.0,property_damage,0.0,0,0.0,0.0,0.0,F-O DITCH,FIXED-OBJECT,36.60977869,-94.93052749,2020,2020-08-08,0.33,1,0,N,       ,N,N,0,Clear,Dark / Unlighted,1.0,20,0,Roadway Departure Right,0,N,0.0,D,20.0,27.0,M,Y,1.0,Apparently Normal,4.0,0,0,0,Inattention,Other,0,0,0,0,0,0,0,0,0,0,0,0,0,0,0,0,0,0,0,0,0,0,0,0,1,0,0,0,0,0,0,0,0,0,0,1,0
300475075,Nowata,northern,,County Road,0,80.0,99.0,property_damage,0.0,0,0.0,0.0,0.0,F-O GROUND,FIXED-OBJECT,36.8875,-95.64,2020,2020-08-12,23.14,1,0,N,       ,N,N,0,Cloudy,Dark / Unlighted,5.0,20,0,Roadway Departure Right,0,N,0.0,D,2.0,33.0,M,Y,1.0,Apparently Normal,4.0,0,0,0,Defect in Roadway,Defect in Roadway,0,0,0,0,0,0,0,0,1,0,0,0,0,0,0,0,0,0,0,0,0,0,0,0,0,0,0,0,0,0,0,0,0,0,0,1,1
300475174,Delaware,northern,SH-127,State Highway,0,0.0,0.0,property_damage,0.0,0,0.0,0.0,0.0,F-O TRAFF-SIGN,FIXED-OBJECT,36.49581732,-94.83444854,2020,2020-08-10,6.28,1,0,N,       ,N,N,0,Clear,Dawn,1.0,20,0,Roadway Departure Right,0,N,0.0,D,4.0,73.0,M,Y,1.0,Apparently Normal,4.0,1,0,0,Unsafe Speed,On Curve/Turn,0,0,0,0,0,0,0,0,0,0,0,0,0,0,0,0,0,0,0,0,0,0,0,0,0,0,0,0,0,0,0,1,0,0,0,1,0
300475345,Washington,northern,,County Road,1,0.0,0.0,possible_injury,0.0,0,0.0,0.0,1.0,ROLLOVER,ROLLOVER,36.8009,-95.9895,2020,2020-08-03,20.31,1,0,N,       ,N,N,0,Clear,Dark / Unlighted,1.0,41,0,Roadway Departure Right,0,N,0.0,D,2.0,31.0,M,Y,1.0,Apparently Normal,4.0,0,0,0,Unsafe Speed,Other,0,0,0,0,0,0,0,0,0,0,0,0,0,0,0,0,0,0,0,0,0,0,0,0,0,0,0,0,0,0,0,1,0,0,0,1,0