crash_id,county,region,highway_name,highway_class,intersection_rel,special_feature_1,special_feature_2,severity_level,visual_injured_num,fatal_num,suspected_serious_injured_num,non_incapacitated_injured_num,possibly_injured_num,crash_type,main_crash_type,latitude,longitude,year,date,time,number_of_vehicles,number_of_commercial_vehicles,work_zone,railroad_crossing,alcohol,drug,Alcohol or Drug,weather_condition,lighting_condition,road_condition,manner_of_collision,pedestrians_num,roadway_departure,cross_centerline,hit_and_run,emergency_vehicle_use,unit_type,vehicle_type,age,sex,driver_of_vehicle,injury_severity,person_condition,restraint_use,older_driver,teen_driver,Sleepy/Ill/Dizzy Driver,unsafe_unlaw_category,unsafe_unlaw_desc,Abnormal Traffic Control,Alcohol-DUI/DWI,Animal in Roadway,Apparently Sleepy,Avoiding Other Vehicle,Avoiding Pedestrian,Changed Lanes Unsafely,Deer in Roadway,Defect in Roadway,Disregarded Warning Signal,Domestic Animal in Roadway,Drug-DUI,Failed to Secure Load,Failed to Signal,Failed to Stop,Failed to Yield,Followed too Closely,Improper Backing,Improper Bicyclist Action,Improper Overtaking,Improper Parking,Improper Start From,Improper Turn,Improper Use of Lane,Distraction,Left of Center,No Improper Action by Driver,Object/Debris in Roadway,Other Improper Act/Movement,Pedestrian Action,Stopped in Traffic Lane,Speeding,Unsafe Vehicle,Wrong Way,Bad Weather,Bad Lighting,Bad Road Condition
300491021,Craig,northern,,County Road,0,0.0,0.0,property_damage,0.0,0,0.0,0.0,0.0,SIDESWIPE-OPP,SIDESWIPE-OPP,36.8346,-95.0716,2020,2020-12-10,19.44,2,0,N,       ,N,N,0,Clear,Dark / Unlighted,1.0,17,0,Roadway Departure Right,0,N,0.0,D,4.0,74.0,M,Y,1.0,Apparently Normal,4.0,1,0,0,Left of Center,In Meeting,0,0,0,0,0,0,0,0,0,0,0,0,0,0,0,0,0,0,0,0,0,0,0,0,0,1,0,0,0,0,0,0,0,0,0,1,0
300491024,Mayes,northern,,County Road,0,0.0,0.0,property_damage,0.0,0,0.0,0.0,0.0,F-O TREE,FIXED-OBJECT,36.1936,-95.2255,2020,2020-12-10,18.19,1,0,N,       ,N,N,0,Clear,Dark / Unlighted,1.0,20,0,Roadway Departure Right,0,N,0.0,D,20.0,21.0,F,Y,1.0,Apparently Normal,4.0,0,0,0,Unsafe Speed,Other,0,0,0,0,0,0,0,0,0,0,0,0,0,0,0,0,0,0,0,0,0,0,0,0,0,0,0,0,0,0,0,1,0,0,0,1,0
300491102,Sequoyah,southern,US-64,US Route,0,0.0,0.0,property_damage,0.0,0,0.0,0.0,0.0,REAR-END,REAR-END,35.46365946,-94.92009415,2020,2020-12-10,20.42,2,0,N,       ,N,N,0,Clear,Dark / Unlighted,1.0,5,0,Roadway Departure Left,0,N,0.0,D,4.0,18.0,M,Y,1.0,Apparently Normal,4.0,0,1,0,Unsafe Vehicle,Tail Lights,0,0,0,0,0,0,0,0,0,0,0,0,0,0,0,0,0,0,0,0,0,0,0,0,0,0,0,0,0,0,0,0,1,0,0,1,0
300491103,Sequoyah,southern,,County Road,0,99.0,88.0,property_damage,0.0,0,0.0,0.0,0.0,F-O GUARDRL-END,FIXED-OBJECT,35.3907,-94.5553,2020,2020-12-11,19.18,1,0,N,       ,N,N,0,Rain,Dark / Unlighted,2.0,20,0,Roadway Departure Right,0,N,0.0,D,4.0,21.0,M,Y,1.0,Apparently Normal,4.0,0,0,0,Improper Turn,From Direct Course,0,0,0,0,0,0,0,0,0,0,0,0,0,0,0,0,0,0,0,0,0,0,1,0,0,0,0,0,0,0,0,0,0,0,1,1,0
300491115,Nowata,northern,,County Road,0,80.0,99.0,non_incapacitating_injury,1.0,0,0.0,1.0,0.0,F-O CULVERT,FIXED-OBJECT,36.6125,-95.4856,2020,2020-12-02,5.05,1,0,N,       ,N,N,0,Cloudy,Dark / Unlighted,1.0,20,0,Roadway Departure Right,0,N,0.0,D,15.0,49.0,M,Y,3.0,Apparently Normal,1.0,0,0,0,Unsafe Vehicle,Tires,0,0,0,0,0,0,0,0,0,0,0,0,0,0,0,0,0,0,0,0,0,0,0,0,0,0,0,0,0,0,0,0,1,0,0,1,0
300491118,Delaware,northern,US-59,US Route,0,0.0,0.0,property_damage,0.0,0,0.0,0.0,0.0,ANGLE-TURNING,ANGLE-TURNING,36.30177899,-94.77577767,2020,2020-12-08,6.05,2,0,N,       ,N,N,0,Clear,Dark / Unlighted,1.0,10,0,Roadway Departure Left,0,N,0.0,D,4.0,32.0,M,Y,1.0,Apparently Normal,4.0,0,0,0,Followed too Closely,Traffic Condition,0,0,0,0,0,0,0,0,0,0,0,0,0,0,0,0,1,0,0,0,0,0,0,0,0,0,0,0,0,0,0,0,0,0,0,1,0
300491168,Sequoyah,southern,SH-82,State Highway,0,0.0,0.0,non_incapacitating_injury,2.0,0,0.0,2.0,0.0,REAR-END,REAR-END,35.5414092,-94.96838309,2020,2020-12-09,18.26,2,0,N,       ,N,N,0,Clear,Dark / Unlighted,1.0,3,0,No Roadway Departure,0,N,0.0,D,4.0,23.0,M,Y,1.0,Apparently Normal,99.0,0,0,0,Failed to Secure Load,Failed to Secure Load,0,0,0,0,0,0,0,0,0,0,0,0,1,0,0,0,0,0,0,0,0,0,0,0,0,0,0,0,0,0,0,0,0,0,0,1,0
300491173,Sequoyah,southern,,County Road,0,88.0,99.0,property_damage,0.0,0,0.0,0.0,0.0,ROLLOVER,ROLLOVER,35.3861,-94.854,2020,2020-12-10,20.19,1,0,N,       ,N,N,0,Clear,Dark / Unlighted,1.0,37,0,Roadway Departure Left,0,N,0.0,D,2.0,0.0,9,Y,1.0,Unknown,99.0,0,0,0,Unsafe Speed,Exceeding Legal Limit,0,0,0,0,0,0,0,0,0,0,0,0,0,0,0,0,0,0,0,0,0,0,0,0,0,0,0,0,0,0,0,1,0,0,0,1,0
300491186,Muskogee,southern,US-64,US Route,0,99.0,0.0,property_damage,0.0,0,0.0,0.0,0.0,F-O GUARDRL-FACE,FIXED-OBJECT,35.5520388,-95.30909781,2020,2020-12-13,23.19,1,0,N,       ,N,N,0,Snow,Dark / Unlighted,4.0,19,0,Roadway Departure Left,0,N,0.0,D,2.0,65.0,M,Y,1.0,Apparently Normal,4.0,1,0,0,Unsafe Speed,For Ice or Snow on Roadway,0,0,0,0,0,0,0,0,0,0,0,0,0,0,0,0,0,0,0,0,0,0,0,0,0,0,0,0,0,0,0,1,0,0,1,1,1
300491205,Tulsa,tulsa,US-75,US Route,0,0.0,0.0,property_damage,0.0,0,0.0,0.0,0.0,SIDESWIPE-SAME,SIDESWIPE-SAME,36.16996487,-95.97998339,2020,2020-12-13,20.59,3,0,N,       ,N,N,0,Snow,Dark / Unlighted,3.0,16,0,No Roadway Departure,0,N,0.0,D,2.0,50.0,F,Y,1.0,Apparently Normal,4.0,0,0,0,Unsafe Speed,For Ice or Snow on Roadway,0,0,0,0,0,0,0,0,0,0,0,0,0,0,0,0,0,0,0,0,0,0,0,0,0,0,0,0,0,0,0,1,0,0,1,1,1
300491232,Craig,northern,SH-66,State Highway,1,99.0,88.0,property_damage,0.0,0,0.0,0.0,0.0,RIGHT-ANGLE,RIGHT-ANGLE,36.59750636,-95.29287902,2020,2020-12-13,0.07,2,0,N,       ,N,N,0,Clear,Dark / Unlighted,1.0,1,0,Roadway Departure Right,0,Y,9.0,D,99.0,0.0,9,Y,1.0,Unknown,99.0,0,0,0,Failed to Yield,From Stop Sign,0,0,0,0,0,0,0,0,0,0,0,0,0,0,0,1,0,0,0,0,0,0,0,0,0,0,0,0,0,0,0,0,0,0,0,1,0
300491259,Cherokee,southern,SH-80,State Highway,0,99.0,88.0,property_damage,0.0,0,0.0,0.0,0.0,F-O GROUND,FIXED-OBJECT,35.85691788,-95.22717676,2020,2020-12-13,6.57,1,0,N,       ,Y,N,1,Cloudy,Dark / Unlighted,2.0,19,0,Roadway Departure Left,0,N,0.0,D,20.0,17.0,M,Y,1.0,Drinking - Ability Impaired,1.0,0,1,0,Alcohol-DUI/DWI,Alcohol-DUI/DWI,0,1,0,0,0,0,0,0,0,0,0,0,0,0,0,0,0,0,0,0,0,0,0,0,0,0,0,0,0,0,0,0,0,0,0,1,0
300491260,Cherokee,southern,SH-80,State Highway,0,99.0,88.0,property_damage,0.0,0,0.0,0.0,0.0,F-O TRAFF-SIGN,FIXED-OBJECT,35.85430808,-95.2282654,2020,2020-12-13,6.57,1,0,N,       ,Y,N,1,Cloudy,Dark / Unlighted,1.0,20,0,Roadway Departure Right,0,Y,0.0,D,20.0,17.0,F,Y,1.0,Drinking - Ability Impaired,1.0,0,1,0,Alcohol-DUI/DWI,Alcohol-DUI/DWI,0,1,0,0,0,0,0,0,0,0,0,0,0,0,0,0,0,0,0,0,0,0,0,0,0,0,0,0,0,0,0,0,0,0,0,1,0
300491403,Mayes,northern,US-69,US Route,1,0.0,0.0,non_incapacitating_injury,2.0,0,0.0,2.0,0.0,ANGLE-TURNING,ANGLE-TURNING,36.38003431,-95.29488505,2020,2020-12-09,18.58,2,1,N,       ,Y,N,1,Clear,Dark / Unlighted,1.0,13,0,Roadway Departure Right,0,N,0.0,D,2.0,40.0,F,Y,3.0,Drinking - Ability Impaired,4.0,0,0,0,Failed to Yield,From Stop Sign,0,0,0,0,0,0,0,0,0,0,0,0,0,0,0,1,0,0,0,0,0,0,0,0,0,0,0,0,0,0,0,0,0,0,0,1,0
300491423,Mayes,northern,I-44,Turnpike Interstate,0,0.0,0.0,property_damage,0.0,0,0.0,0.0,0.0,F-O BARR-CONCRETE,FIXED-OBJECT,36.45388998,-95.36060983,2020,2020-12-13,23.12,1,1,N,       ,N,N,0,Clear,Dark / Unlighted,3.0,19,0,Roadway Departure Left,0,N,0.0,D,10.0,25.0,M,Y,1.0,Apparently Normal,4.0,0,0,0,Unsafe Speed,For Ice or Snow on Roadway,0,0,0,0,0,0,0,0,0,0,0,0,0,0,0,0,0,0,0,0,0,0,0,0,0,0,0,0,0,0,0,1,0,0,0,1,1
300491427,Rogers,northern,I-44,Turnpike Interstate,0,99.0,88.0,non_incapacitating_injury,1.0,0,0.0,1.0,0.0,REAR-END,REAR-END,36.16284554,-95.73203313,2020,2020-12-08,6.21,2,0,N,       ,N,N,0,Clear,Dawn,1.0,3,0,Roadway Departure Right,0,N,0.0,D,2.0,25.0,M,Y,3.0,Apparently Normal,1.0,0,0,0,No Improper Action by Driver,No Improper Action by Driver,0,0,0,0,0,0,0,0,0,0,0,0,0,0,0,0,0,0,0,0,0,0,0,0,0,0,1,0,0,0,0,0,0,0,0,1,0
300491432,Craig,northern,,County Road,0,99.0,88.0,property_damage,0.0,0,0.0,0.0,0.0,F-O FENCE,FIXED-OBJECT,36.5249,-95.256,2020,2020-12-13,2.59,1,0,N,       ,Y,N,1,Clear,Dark / Unlighted,1.0,19,0,Roadway Departure Left,0,N,0.0,D,2.0,17.0,M,Y,1.0,Drinking - Ability Impaired,4.0,0,1,0,Alcohol-DUI/DWI,Alcohol-DUI/DWI,0,1,0,0,0,0,0,0,0,0,0,0,0,0,0,0,0,0,0,0,0,0,0,0,0,0,0,0,0,0,0,0,0,0,0,1,0
300491433,Sequoyah,southern,I-40,Interstate,0,99.0,88.0,property_damage,0.0,0,0.0,0.0,0.0,F-O BARR-CONCRETE,FIXED-OBJECT,35.44798097,-94.80549537,2020,2020-12-14,6.16,1,0,N,       ,N,N,0,Clear,Dark / Unlighted,3.0,20,0,Roadway Departure Right,0,N,0.0,D,1.0,31.0,M,Y,1.0,Apparently Normal,4.0,0,0,0,Unsafe Speed,For Ice or Snow on Roadway,0,0,0,0,0,0,0,0,0,0,0,0,0,0,0,0,0,0,0,0,0,0,0,0,0,0,0,0,0,0,0,1,0,0,0,1,1
300491480,Mayes,northern,US-69,US Route,0,1.0,0.0,fatal,0.0,1,0.0,0.0,0.0,ANGLE-TURNING,ANGLE-TURNING,36.2272835,-95.34001793,2020,2020-10-23,5.55,2,1,N,       ,N,N,0,Rain,Dark / Unlighted,2.0,7,0,No Roadway Departure,0,N,0.0,D,2.0,26.0,M,Y,5.0,Unknown,4.0,0,0,0,Unsafe Speed,Exceeding Legal Limit,0,0,0,0,0,0,0,0,0,0,0,0,0,0,0,0,0,0,0,0,0,0,0,0,0,0,0,0,0,0,0,1,0,0,1,1,0
300491481,Tulsa,northern,US-75,US Route,0,0.0,0.0,incapacitating_injury,2.0,0,2.0,0.0,0.0,HEAD-ON,HEAD-ON,36.30745593,-95.92377811,2020,2020-10-17,5.2,2,0,N,       ,Y,N,1,Clear,Dark / Unlighted,1.0,18,0,Roadway Departure Right,0,N,0.0,D,20.0,24.0,M,Y,4.0,Drinking - Ability Impaired,4.0,0,0,0,Alcohol-DUI/DWI,Alcohol-DUI/DWI,0,1,0,0,0,0,0,0,0,0,0,0,0,0,0,0,0,0,0,0,0,0,0,0,0,0,0,0,0,0,0,0,0,0,0,1,0
300491483,Rogers,northern,,County Road,1,99.0,88.0,possible_injury,0.0,0,0.0,0.0,3.0,RIGHT-ANGLE,RIGHT-ANGLE,36.4328,-95.7769,2020,2020-12-02,18.45,2,0,N,       ,Y,N,1,Rain,Dark / Unlighted,2.0,1,0,Roadway Departure Right,0,N,0.0,D,2.0,52.0,M,Y,2.0,Odor of Alcohol Beverage,4.0,0,0,0,Failed to Yield,From Stop Sign,0,0,0,0,0,0,0,0,0,0,0,0,0,0,0,1,0,0,0,0,0,0,0,0,0,0,0,0,0,0,0,0,0,0,1,1,0
300491491,Rogers,northern,SH-88,State Highway,0,99.0,0.0,property_damage,0.0,0,0.0,0.0,0.0,ANGLE-TURNING,ANGLE-TURNING,36.28042204,-95.58665029,2020,2020-11-15,17.28,2,0,N,       ,N,N,0,Clear,Dusk,1.0,7,0,Roadway Departure Right,0,N,0.0,D,2.0,57.0,M,Y,1.0,Apparently Normal,4.0,0,0,0,Improper Turn,In Front of Oncoming Traffic,0,0,0,0,0,0,0,0,0,0,0,0,0,0,0,0,0,0,0,0,0,0,1,0,0,0,0,0,0,0,0,0,0,0,0,1,0
300491493,Rogers,northern,US-412,US Route,1,0.0,0.0,incapacitating_injury,2.0,0,1.0,1.0,1.0,ANGLE-OTHER,ANGLE-OTHER,36.17081339,-95.58269581,2020,2020-12-09,18.11,2,1,N,       ,N,N,0,Cloudy,Dark / Unlighted,1.0,22,0,Roadway Departure Right,0,N,0.0,D,10.0,36.0,M,Y,1.0,Apparently Normal,4.0,0,0,0,Failed to Yield,From Yield Sign,0,0,0,0,0,0,0,0,0,0,0,0,0,0,0,1,0,0,0,0,0,0,0,0,0,0,0,0,0,0,0,0,0,0,0,1,0
300491494,Rogers,northern,SH-20,State Highway,0,0.0,0.0,possible_injury,0.0,0,0.0,0.0,1.0,ANIMAL,ANIMAL,36.32183945,-95.78283644,2020,2020-11-11,18.25,1,0,N,       ,N,N,0,Clear,Dark / Unlighted,0.0,34,0,No Roadway Departure,0,N,0.0,A,0.0,0.0,,N,0.0,,0.0,0,0,0,Deer in Roadway,Deer in Roadway,0,0,0,0,0,0,0,1,0,0,0,0,0,0,0,0,0,0,0,0,0,0,0,0,0,0,0,0,0,0,0,0,0,0,0,1,0
300491497,Rogers,northern,,County Road,0,99.0,88.0,non_incapacitating_injury,1.0,0,0.0,1.0,0.0,ROLLOVER,ROLLOVER,36.293,-95.7963,2020,2020-12-06,0.49,1,0,N,       ,N,N,0,Clear,Dark / Unlighted,1.0,37,0,Roadway Departure Right,0,N,0.0,D,20.0,18.0,M,Y,3.0,Apparently Normal,4.0,0,1,0,Other Improper Act/Movement,Other,0,0,0,0,0,0,0,0,0,0,0,0,0,0,0,0,0,0,0,0,0,0,0,0,0,0,0,0,1,0,0,0,0,0,0,1,0
300491501,Rogers,northern,US-169,US Route,0,99.0,0.0,property_damage,0.0,0,0.0,0.0,0.0,F-O GUARDRL-END,FIXED-OBJECT,36.3904305,-95.80294081,2020,2020-12-13,19.55,1,0,N,       ,N,N,0,Cloudy,Dark / Unlighted,3.0,19,0,Roadway Departure Left,0,N,0.0,D,4.0,33.0,M,Y,1.0,Apparently Normal,4.0,0,0,0,Unsafe Speed,For Ice or Snow on Roadway,0,0,0,0,0,0,0,0,0,0,0,0,0,0,0,0,0,0,0,0,0,0,0,0,0,0,0,0,0,0,0,1,0,0,0,1,1
300491514,Tulsa,tulsa,US-75,US Route,1,21.0,0.0,property_damage,0.0,0,0.0,0.0,0.0,REAR-END,REAR-END,36.17518239,-95.97548884,2020,2020-12-04,1.13,2,0,N,       ,N,N,0,Clear,Dark / Unlighted,1.0,2,0,No Roadway Departure,0,Y,0.0,D,23.0,0.0,M,Y,1.0,Unknown,99.0,0,0,0,Followed too Closely,Human Element,0,0,0,0,0,0,0,0,0,0,0,0,0,0,0,0,1,0,0,0,0,0,0,0,0,0,0,0,0,0,0,0,0,0,0,1,0
300491555,Tulsa,northern,US-169,US Route,1,99.0,88.0,property_damage,0.0,0,0.0,0.0,0.0,RIGHT-ANGLE,RIGHT-ANGLE,36.39566491,-95.79450334,2020,2020-11-15,18.02,2,0,N,       ,N,N,0,Clear,Dusk,1.0,1,0,Roadway Departure Right,0,N,0.0,D,2.0,71.0,F,Y,1.0,Apparently Normal,4.0,1,0,0,Failed to Yield,From Stop Sign,0,0,0,0,0,0,0,0,0,0,0,0,0,0,0,1,0,0,0,0,0,0,0,0,0,0,0,0,0,0,0,0,0,0,0,1,0
300491561,Rogers,northern,,County Road,0,99.0,88.0,non_incapacitating_injury,1.0,0,0.0,1.0,0.0,F-O UTIL-POLE,FIXED-OBJECT,36.3405,-95.6507,2020,2020-11-22,20.17,1,0,N,       ,Y,N,1,Clear,Dark / Unlighted,1.0,20,0,Roadway Departure Right,0,N,0.0,D,4.0,66.0,M,Y,3.0,Drinking - Ability Impaired,4.0,1,0,0,Alcohol-DUI/DWI,Alcohol-DUI/DWI,0,1,0,0,0,0,0,0,0,0,0,0,0,0,0,0,0,0,0,0,0,0,0,0,0,0,0,0,0,0,0,0,0,0,0,1,0
300491575,Rogers,northern,,County Road,0,99.0,0.0,property_damage,0.0,0,0.0,0.0,0.0,F-O FENCE,FIXED-OBJECT,36.3972,-95.793,2020,2020-12-05,5.0,1,0,N,       ,N,N,0,Cloudy,Dark / Unlighted,1.0,20,0,Roadway Departure Left,0,Y,0.0,D,21.0,26.0,M,Y,1.0,Unknown,99.0,0,0,0,Inattention,Other,0,0,0,0,0,0,0,0,0,0,0,0,0,0,0,0,0,0,0,0,0,0,0,0,1,0,0,0,0,0,0,0,0,0,0,1,0
300491576,Rogers,northern,SH-20,State Highway,0,0.0,0.0,property_damage,0.0,0,0.0,0.0,0.0,SIDESWIPE-SAME,SIDESWIPE-SAME,36.30741492,-95.53059275,2020,2020-11-24,20.31,2,0,N,       ,Y,N,1,Rain,Dark / Unlighted,2.0,16,0,Roadway Departure Left,0,Y,0.0,D,4.0,56.0,M,Y,1.0,Drinking - Ability Impaired,4.0,0,0,0,Alcohol-DUI/DWI,Alcohol-DUI/DWI,0,1,0,0,0,0,0,0,0,0,0,0,0,0,0,0,0,0,0,0,0,0,0,0,0,0,0,0,0,0,0,0,0,0,1,1,0
300491585,Rogers,northern,SH-20,State Highway,1,0.0,0.0,possible_injury,0.0,0,0.0,0.0,1.0,F-O GUARDRL-FACE,FIXED-OBJECT,36.30722894,-95.57839974,2020,2020-11-28,20.44,1,0,N,       ,N,N,0,Clear,Dark / Unlighted,1.0,41,0,Roadway Departure Right,0,N,0.0,D,20.0,31.0,F,Y,2.0,Apparently Normal,4.0,0,0,0,Failed to Stop,For Stop Sign,0,0,0,0,0,0,0,0,0,0,0,0,0,0,1,0,0,0,0,0,0,0,0,0,0,0,0,0,0,0,0,0,0,0,0,1,0
300491589,Rogers,northern,US-169,US Route,0,0.0,0.0,non_incapacitating_injury,1.0,0,0.0,1.0,0.0,F-O GUARDRL-FACE,FIXED-OBJECT,36.52696956,-95.70134034,2020,2020-12-13,20.4,1,0,N,       ,N,N,0,Clear,Dark / Unlighted,3.0,19,0,Roadway Departure Left,0,N,0.0,D,2.0,21.0,F,Y,3.0,Apparently Normal,4.0,0,0,0,Unsafe Speed,For Ice or Snow on Roadway,0,0,0,0,0,0,0,0,0,0,0,0,0,0,0,0,0,0,0,0,0,0,0,0,0,0,0,0,0,0,0,1,0,0,0,1,1
300491615,Mayes,northern,US-69,US Route,0,99.0,88.0,property_damage,0.0,0,0.0,0.0,0.0,F-O DITCH,FIXED-OBJECT,36.46852995,-95.25945348,2020,2020-12-14,5.14,1,0,N,       ,N,N,0,Cloudy,Dark / Unlighted,3.0,20,0,Roadway Departure Right,0,N,0.0,D,4.0,43.0,F,Y,1.0,Apparently Normal,4.0,0,0,0,Unsafe Speed,For Ice or Snow on Roadway,0,0,0,0,0,0,0,0,0,0,0,0,0,0,0,0,0,0,0,0,0,0,0,0,0,0,0,0,0,0,0,1,0,0,0,1,1
300491634,Craig,northern,,County Road,0,99.0,88.0,property_damage,0.0,0,0.0,0.0,0.0,F-O FENCE-POLE,FIXED-OBJECT,36.5249,-95.2561,2020,2020-12-13,2.59,1,0,N,       ,N,N,0,Cloudy,Dark / Unlighted,5.0,20,0,Roadway Departure Left,0,N,0.0,D,2.0,17.0,M,Y,0.0,Apparently Normal,4.0,0,1,0,Unsafe Speed,Inexperienced Driver - Young,0,0,0,0,0,0,0,0,0,0,0,0,0,0,0,0,0,0,0,0,0,0,0,0,0,0,0,0,0,0,0,1,0,0,0,1,1
300491636,Nowata,northern,,County Road,0,99.0,88.0,property_damage,0.0,0,0.0,0.0,0.0,ANIMAL,ANIMAL,36.931,-95.6642,2020,2020-12-08,18.58,1,0,N,       ,N,N,0,Cloudy,Dark / Unlighted,0.0,34,0,No Roadway Departure,0,N,0.0,A,0.0,0.0,,N,0.0,,0.0,0,0,0,Animal in Roadway,Animal in Roadway,0,0,1,0,0,0,0,0,0,0,0,0,0,0,0,0,0,0,0,0,0,0,0,0,0,0,0,0,0,0,0,0,0,0,0,1,0
300491675,Cherokee,southern,,County Road,0,99.0,88.0,property_damage,0.0,0,0.0,0.0,0.0,HEAD-ON,HEAD-ON,35.7982,-95.0146,2020,2020-12-16,18.25,2,0,N,       ,N,N,0,Cloudy,Dark / Unlighted,1.0,18,0,No Roadway Departure,0,N,0.0,D,4.0,32.0,M,Y,1.0,Apparently Normal,4.0,0,0,0,Left of Center,In Meeting,0,0,0,0,0,0,0,0,0,0,0,0,0,0,0,0,0,0,0,0,0,0,0,0,0,1,0,0,0,0,0,0,0,0,0,1,0
300491681,Mayes,northern,SH-82,State Highway,0,99.0,88.0,non_incapacitating_injury,1.0,0,0.0,1.0,0.0,REAR-END,REAR-END,36.25382599,-95.13583412,2020,2020-12-16,18.21,2,0,N,       ,N,N,0,Cloudy,Dark / Unlighted,1.0,4,0,Roadway Departure Right,0,N,0.0,D,2.0,25.0,M,Y,1.0,Apparently Normal,4.0,0,0,0,Inattention,Distraction from Outside Vehicle,0,0,0,0,0,0,0,0,0,0,0,0,0,0,0,0,0,0,0,0,0,0,0,0,1,0,0,0,0,0,0,0,0,0,0,1,0
300491698,Craig,northern,I-44,Turnpike Interstate,0,10.0,0.0,property_damage,0.0,0,0.0,0.0,0.0,ANIMAL,ANIMAL,36.56603015,-95.2145026,2020,2020-11-11,22.16,1,0,N,       ,N,N,0,Clear,Dark / Unlighted,1.0,34,0,No Roadway Departure,0,N,2.0,D,4.0,53.0,M,Y,1.0,Apparently Normal,4.0,0,0,0,No Improper Action by Driver,No Improper Action by Driver,0,0,0,0,0,0,0,0,0,0,0,0,0,0,0,0,0,0,0,0,0,0,0,0,0,0,1,0,0,0,0,0,0,0,0,1,0
300491722,Tulsa,northern,US-75,US Route,1,21.0,0.0,property_damage,0.0,0,0.0,0.0,0.0,REAR-END,REAR-END,36.32224984,-95.92388433,2020,2020-12-03,18.04,2,0,N,       ,N,N,0,Cloudy,Dark / Unlighted,1.0,5,0,No Roadway Departure,0,N,0.0,D,4.0,64.0,M,Y,1.0,Apparently Normal,4.0,0,0,0,Failed to Yield,From Yield Sign,0,0,0,0,0,0,0,0,0,0,0,0,0,0,0,1,0,0,0,0,0,0,0,0,0,0,0,0,0,0,0,0,0,0,0,1,0
300491804,Cherokee,southern,SH-51,State Highway,0,99.0,88.0,property_damage,0.0,0,0.0,0.0,0.0,F-O FENCE,FIXED-OBJECT,35.91422114,-95.11817704,2020,2020-12-15,5.5,1,0,N,       ,N,N,0,Clear,Dark / Unlighted,1.0,19,0,Roadway Departure Left,0,N,0.0,D,20.0,50.0,F,Y,1.0,Dizzy/Faint,4.0,0,0,1,Unsafe Speed,On Curve/Turn,0,0,0,0,0,0,0,0,0,0,0,0,0,0,0,0,0,0,0,0,0,0,0,0,0,0,0,0,0,0,0,1,0,0,0,1,0
300491861,Nowata,northern,US-169,US Route,0,99.0,0.0,property_damage,0.0,0,0.0,0.0,0.0,F-O GUARDRL-FACE,FIXED-OBJECT,36.67678156,-95.63827511,2020,2020-12-16,7.45,1,0,N,       ,N,N,0,Cloudy,Dawn,3.0,19,0,Roadway Departure Left,0,N,0.0,D,4.0,57.0,M,Y,1.0,Apparently Normal,4.0,0,0,0,Unsafe Speed,For Ice or Snow on Roadway,0,0,0,0,0,0,0,0,0,0,0,0,0,0,0,0,0,0,0,0,0,0,0,0,0,0,0,0,0,0,0,1,0,0,0,1,1
300491873,Ottawa,northern,I-44,Turnpike Interstate,0,99.0,88.0,non_incapacitating_injury,2.0,0,0.0,2.0,0.0,REAR-END,REAR-END,36.69838373,-94.99932374,2020,2020-11-26,23.23,2,0,N,       ,N,N,0,Cloudy,Dark / Unlighted,1.0,3,0,Roadway Departure Right,0,N,0.0,D,2.0,52.0,F,Y,3.0,Apparently Normal,4.0,0,0,0,Unsafe Speed,For Traffic Conditions,0,0,0,0,0,0,0,0,0,0,0,0,0,0,0,0,0,0,0,0,0,0,0,0,0,0,0,0,0,0,0,1,0,0,0,1,0
300491876,Tulsa,tulsa,,City Street,6,0.0,0.0,fatal,0.0,1,0.0,0.0,0.0,PEDESTRIAN,PEDESTRIAN,36.1631944,-95.89863967,2020,2020-12-13,17.36,1,0,N,       ,N,N,0,Snow,Dark / Unlighted,4.0,21,1,No Roadway Departure,0,Y,0.0,D,4.0,0.0,9,Y,1.0,Unknown,99.0,0,0,0,No Improper Action by Driver,No Improper Action by Driver,0,0,0,0,0,0,0,0,0,0,0,0,0,0,0,0,0,0,0,0,0,0,0,0,0,0,1,0,0,0,0,0,0,0,1,1,1
300492067,Tulsa,northern,,County Road,0,99.0,88.0,property_damage,0.0,0,0.0,0.0,0.0,VEH-TRAIN,VEH-TRAIN,36.3485,-95.8427,2020,2020-12-09,21.15,1,0,N,9,N,N,0,Clear,Dark / Unlighted,1.0,33,0,No Roadway Departure,0,N,0.0,D,4.0,46.0,M,Y,1.0,Apparently Normal,4.0,0,0,0,Failed to Stop,Other,0,0,0,0,0,0,0,0,0,0,0,0,0,0,1,0,0,0,0,0,0,0,0,0,0,0,0,0,0,0,0,0,0,0,0,1,0
300492147,Ottawa,northern,,County Road,0,88.0,99.0,non_incapacitating_injury,2.0,0,0.0,2.0,0.0,REAR-END,REAR-END,36.7975,-94.8819,2020,2020-11-26,22.29,2,1,N,       ,N,N,0,Cloudy,Dark / Unlighted,1.0,3,0,No Roadway Departure,0,N,0.0,D,2.0,20.0,M,Y,3.0,Apparently Normal,4.0,0,0,0,Other Improper Act/Movement,Other,0,0,0,0,0,0,0,0,0,0,0,0,0,0,0,0,0,0,0,0,0,0,0,0,0,0,0,0,1,0,0,0,0,0,0,1,0