crash_id,county,region,highway_name,highway_class,intersection_rel,special_feature_1,special_feature_2,severity_level,visual_injured_num,fatal_num,suspected_serious_injured_num,non_incapacitated_injured_num,possibly_injured_num,crash_type,main_crash_type,latitude,longitude,year,date,time,number_of_vehicles,number_of_commercial_vehicles,work_zone,railroad_crossing,alcohol,drug,Alcohol or Drug,weather_condition,lighting_condition,road_condition,manner_of_collision,pedestrians_num,roadway_departure,cross_centerline,hit_and_run,emergency_vehicle_use,unit_type,vehicle_type,age,sex,driver_of_vehicle,injury_severity,person_condition,restraint_use,older_driver,teen_driver,Sleepy/Ill/Dizzy Driver,unsafe_unlaw_category,unsafe_unlaw_desc,Abnormal Traffic Control,Alcohol-DUI/DWI,Animal in Roadway,Apparently Sleepy,Avoiding Other Vehicle,Avoiding Pedestrian,Changed Lanes Unsafely,Deer in Roadway,Defect in Roadway,Disregarded Warning Signal,Domestic Animal in Roadway,Drug-DUI,Failed to Secure Load,Failed to Signal,Failed to Stop,Failed to Yield,Followed too Closely,Improper Backing,Improper Bicyclist Action,Improper Overtaking,Improper Parking,Improper Start From,Improper Turn,Improper Use of Lane,Distraction,Left of Center,No Improper Action by Driver,Object/Debris in Roadway,Other Improper Act/Movement,Pedestrian Action,Stopped in Traffic Lane,Speeding,Unsafe Vehicle,Wrong Way,Bad Weather,Bad Lighting,Bad Road Condition
300530259,Adair,southern,,County Road,0,0.0,0.0,non_incapacitating_injury,1.0,0,0.0,1.0,0.0,PEDAL-CYCLE,PEDAL-CYCLE,35.772,-94.6481,2021,2021-09-28,23.14,1,0,N,       ,N,N,0,Clear,Dark / Unlighted,1.0,21,0,No Roadway Departure,0,N,0.0,B,0.0,30.0,M,Y,3.0,Other,0.0,0,0,0,Improper Bicyclist Action,Improper Bicyclist Action,0,0,0,0,0,0,0,0,0,0,0,0,0,0,0,0,0,0,1,0,0,0,0,0,0,0,0,0,0,0,0,0,0,0,0,1,0
300530320,Muskogee,southern,US-64,US Route,0,0.0,0.0,property_damage,0.0,0,0.0,0.0,0.0,ANIMAL,ANIMAL,35.49324427,-95.20676072,2021,2021-09-30,0.26,1,0,N,       ,N,N,0,Clear,Dark / Unlighted,0.0,34,0,Roadway Departure Right,0,N,0.0,A,0.0,0.0,,N,0.0,,0.0,0,0,0,Domestic Animal in Roadway,Domestic Animal in Roadway,0,0,0,0,0,0,0,0,0,0,1,0,0,0,0,0,0,0,0,0,0,0,0,0,0,0,0,0,0,0,0,0,0,0,0,1,0
300530333,Craig,northern,,County Road,0,0.0,0.0,incapacitating_injury,1.0,0,1.0,0.0,0.0,F-O TREE,FIXED-OBJECT,36.5683,-95.2372,2021,2021-09-28,5.59,1,0,N,       ,N,N,0,Clear,Dark / Unlighted,1.0,20,0,Roadway Departure Right,0,N,0.0,D,20.0,39.0,F,Y,4.0,Apparently Normal,1.0,0,0,0,Inattention,Other Distraction Inside Vehicle,0,0,0,0,0,0,0,0,0,0,0,0,0,0,0,0,0,0,0,0,0,0,0,0,1,0,0,0,0,0,0,0,0,0,0,1,0
300530378,Delaware,northern,SH-85A,State Highway,0,0.0,0.0,property_damage,0.0,0,0.0,0.0,0.0,F-O FENCE,FIXED-OBJECT,36.61023188,-94.92920347,2021,2021-10-02,3.34,1,0,N,       ,N,N,0,Rain,Dark / Unlighted,2.0,20,0,Roadway Departure Right,0,Y,0.0,D,4.0,44.0,M,Y,1.0,Apparently Normal,4.0,0,0,0,Unsafe Speed,Rain or Wet Roadway,0,0,0,0,0,0,0,0,0,0,0,0,0,0,0,0,0,0,0,0,0,0,0,0,0,0,0,0,0,0,0,1,0,0,1,1,0
300530391,Craig,northern,,County Road,1,0.0,0.0,possible_injury,0.0,0,0.0,0.0,1.0,F-O DITCH,FIXED-OBJECT,36.6997,-95.0354,2021,2021-09-26,1.27,1,0,N,       ,N,N,0,Clear,Dark / Unlighted,1.0,20,0,Fixed Object,0,N,0.0,D,4.0,17.0,M,Y,1.0,Apparently Normal,4.0,0,1,0,Unsafe Speed,For Type of Roadway (Pavement Surface),0,0,0,0,0,0,0,0,0,0,0,0,0,0,0,0,0,0,0,0,0,0,0,0,0,0,0,0,0,0,0,1,0,0,0,1,0
300530394,Delaware,northern,SH-20,State Highway,0,0.0,0.0,property_damage,0.0,0,0.0,0.0,0.0,F-O TREE,FIXED-OBJECT,36.40849333,-94.86688089,2021,2021-09-24,6.51,1,0,N,       ,N,N,0,Clear,Dawn,1.0,20,0,Roadway Departure Right,0,N,0.0,D,2.0,31.0,F,Y,1.0,Apparently Normal,4.0,0,0,0,No Improper Action by Driver,No Improper Action by Driver,0,0,0,0,0,0,0,0,0,0,0,0,0,0,0,0,0,0,0,0,0,0,0,0,0,0,1,0,0,0,0,0,0,0,0,1,0
300530495,Sequoyah,southern,I-40,Interstate,0,7.0,0.0,property_damage,0.0,0,0.0,0.0,0.0,ROLLOVER,ROLLOVER,35.40951315,-94.68384752,2021,2021-09-29,21.14,1,1,N,       ,N,N,0,Cloudy,Dark / Unlighted,1.0,19,0,Roadway Departure Left,0,N,0.0,D,10.0,27.0,M,Y,1.0,Apparently Normal,4.0,0,0,0,Unsafe Speed,Exceeding Legal Limit,0,0,0,0,0,0,0,0,0,0,0,0,0,0,0,0,0,0,0,0,0,0,0,0,0,0,0,0,0,0,0,1,0,0,0,1,0
300530503,Sequoyah,southern,,County Road,0,99.0,80.0,property_damage,0.0,0,0.0,0.0,0.0,REAR-END,REAR-END,35.5209,-94.7964,2021,2021-10-01,18.46,2,0,N,       ,N,N,0,Clear,Dusk,1.0,4,0,No Roadway Departure,0,N,0.0,D,20.0,28.0,F,Y,1.0,Apparently Normal,4.0,0,0,0,Followed too Closely,Human Element,0,0,0,0,0,0,0,0,0,0,0,0,0,0,0,0,1,0,0,0,0,0,0,0,0,0,0,0,0,0,0,0,0,0,0,1,0
300530510,Sequoyah,southern,SH-64D,State Highway,0,0.0,0.0,property_damage,0.0,0,0.0,0.0,0.0,F-O CULVERT,FIXED-OBJECT,35.44950961,-94.4423583,2021,2021-09-25,23.11,1,0,N,       ,N,N,0,Clear,Dark / Unlighted,1.0,20,0,Roadway Departure Right,0,N,0.0,D,4.0,0.0,9,Y,1.0,Unknown,99.0,0,0,0,Unsafe Speed,Exceeding Legal Limit,0,0,0,0,0,0,0,0,0,0,0,0,0,0,0,0,0,0,0,0,0,0,0,0,0,0,0,0,0,0,0,1,0,0,0,1,0
300530553,Craig,northern,,County Road,0,0.0,0.0,non_incapacitating_injury,1.0,0,0.0,1.0,0.0,F-O DITCH,FIXED-OBJECT,36.5234,-95.0664,2021,2021-09-23,22.38,1,0,N,       ,N,N,0,Clear,Dark / Unlighted,1.0,19,0,Roadway Departure Left,0,N,0.0,D,15.0,39.0,M,Y,3.0,Apparently Normal,1.0,0,0,0,Unsafe Speed,On Curve/Turn,0,0,0,0,0,0,0,0,0,0,0,0,0,0,0,0,0,0,0,0,0,0,0,0,0,0,0,0,0,0,0,1,0,0,0,1,0
300530556,Tulsa,tulsa,,City Street,?,99.0,80.0,property_damage,0.0,0,0.0,0.0,0.0,OTHER,OTHER,36.1638583,-95.9620422,2021,2021-09-23,6.2,3,0,N,       ,N,N,0,Clear,Dark / Unlighted,1.0,36,0,No Roadway Departure,0,Y,0.0,D,20.0,0.0,9,Y,1.0,Unknown,99.0,0,0,0,Inattention,Other,0,0,0,0,0,0,0,0,0,0,0,0,0,0,0,0,0,0,0,0,0,0,0,0,1,0,0,0,0,0,0,0,0,0,0,1,0
300530594,Tulsa,northern,,County Road,0,99.0,80.0,property_damage,0.0,0,0.0,0.0,0.0,SIDESWIPE-SAME,SIDESWIPE-SAME,36.3386,-95.9734,2021,2021-10-01,22.37,3,0,N,       ,Y,N,1,Clear,Dark / Unlighted,1.0,16,0,Roadway Departure Left,0,N,0.0,D,4.0,37.0,M,Y,1.0,Odor of Alcohol Beverage,4.0,0,0,0,Unsafe Speed,For Traffic Conditions,0,0,0,0,0,0,0,0,0,0,0,0,0,0,0,0,0,0,0,0,0,0,0,0,0,0,0,0,0,0,0,1,0,0,0,1,0
300530656,Mayes,northern,SH-20,State Highway,0,0.0,0.0,non_incapacitating_injury,1.0,0,0.0,1.0,0.0,F-O TRAFF-SIGN,FIXED-OBJECT,36.35095926,-95.06068402,2021,2021-09-25,20.37,1,0,N,       ,N,N,0,Clear,Dark / Unlighted,1.0,20,0,Roadway Departure Right,0,N,0.0,D,15.0,78.0,M,Y,3.0,Apparently Normal,7.0,1,0,0,No Improper Action by Driver,No Improper Action by Driver,0,0,0,0,0,0,0,0,0,0,0,0,0,0,0,0,0,0,0,0,0,0,0,0,0,0,1,0,0,0,0,0,0,0,0,1,0
300530762,Cherokee,southern,,County Road,0,99.0,80.0,property_damage,0.0,0,0.0,0.0,0.0,ANIMAL,ANIMAL,35.8511,-95.1686,2021,2021-10-02,23.11,1,0,N,       ,N,N,0,Clear,Dark / Unlighted,0.0,34,0,No Roadway Departure,0,N,0.0,A,0.0,0.0,,N,0.0,,0.0,0,0,0,Animal in Roadway,Animal in Roadway,0,0,1,0,0,0,0,0,0,0,0,0,0,0,0,0,0,0,0,0,0,0,0,0,0,0,0,0,0,0,0,0,0,0,0,1,0
300530892,Mayes,northern,SH-82,State Highway,0,0.0,0.0,fatal,2.0,2,0.0,2.0,0.0,OTHER,OTHER,36.13543735,-95.14455955,2021,2021-09-11,22.09,2,0,N,       ,Y,N,1,Clear,Dark / Unlighted,1.0,19,0,Roadway Departure Left,0,N,0.0,D,2.0,27.0,M,Y,5.0,Odor of Alcohol Beverage,1.0,0,0,0,Unsafe Speed,On Curve/Turn,0,0,0,0,0,0,0,0,0,0,0,0,0,0,0,0,0,0,0,0,0,0,0,0,0,0,0,0,0,0,0,1,0,0,0,1,0
300530918,Tulsa,tulsa,,City Street,8,99.0,80.0,property_damage,0.0,0,0.0,0.0,0.0,REAR-END,REAR-END,36.1790009,-95.94071973,2021,2021-10-06,7.43,2,0,N,       ,N,N,0,Clear,Dawn,1.0,2,0,No Roadway Departure,0,N,0.0,D,2.0,42.0,F,Y,1.0,Apparently Normal,4.0,0,0,0,Followed too Closely,Human Element,0,0,0,0,0,0,0,0,0,0,0,0,0,0,0,0,1,0,0,0,0,0,0,0,0,0,0,0,0,0,0,0,0,0,0,1,0
300530928,Tulsa,tulsa,US-169,US Route,0,10.0,0.0,property_damage,0.0,0,0.0,0.0,0.0,F-O BR-OVERHEAD,FIXED-OBJECT,36.18498148,-95.85218917,2021,2021-10-06,17.44,4,0,N,       ,N,N,0,Clear,Dusk,1.0,33,0,Fixed Object,0,N,0.0,D,4.0,49.0,M,Y,1.0,Apparently Normal,4.0,0,0,0,Disregarded Warning Signal,Disregarded Warning Signal,0,0,0,0,0,0,0,0,0,1,0,0,0,0,0,0,0,0,0,0,0,0,0,0,0,0,0,0,0,0,0,0,0,0,0,1,0
300530962,Rogers,northern,US-169,US Route,0,0.0,0.0,possible_injury,0.0,0,0.0,0.0,1.0,REAR-END,REAR-END,36.3921867,-95.80080282,2021,2021-09-29,19.4,2,0,N,       ,N,N,0,Clear,Dark / Unlighted,1.0,3,0,No Roadway Departure,0,N,0.0,D,2.0,54.0,F,Y,1.0,Apparently Normal,4.0,0,0,0,Unsafe Speed,On Curve/Turn,0,0,0,0,0,0,0,0,0,0,0,0,0,0,0,0,0,0,0,0,0,0,0,0,0,0,0,0,0,0,0,1,0,0,0,1,0
300531014,Tulsa,northern,US-75,US Route,0,0.0,0.0,property_damage,0.0,0,0.0,0.0,0.0,REAR-END,REAR-END,36.263663,-95.92374817,2021,2021-09-25,5.55,2,1,N,       ,N,N,0,Clear,Dark / Unlighted,1.0,3,0,No Roadway Departure,0,N,0.0,D,2.0,30.0,M,Y,1.0,Apparently Normal,4.0,0,0,0,Other Improper Act/Movement,Other,0,0,0,0,0,0,0,0,0,0,0,0,0,0,0,0,0,0,0,0,0,0,0,0,0,0,0,0,1,0,0,0,0,0,0,1,0
300531049,Nowata,northern,US-60,US Route,0,0.0,0.0,property_damage,0.0,0,0.0,0.0,0.0,ANIMAL,ANIMAL,36.69927392,-95.54898396,2021,2021-10-06,1.39,1,0,N,       ,N,N,0,Cloudy,Dark / Unlighted,0.0,34,0,No Roadway Departure,0,N,0.0,A,0.0,0.0,,N,0.0,,0.0,0,0,0,Domestic Animal in Roadway,Domestic Animal in Roadway,0,0,0,0,0,0,0,0,0,0,1,0,0,0,0,0,0,0,0,0,0,0,0,0,0,0,0,0,0,0,0,0,0,0,0,1,0
300531127,Sequoyah,southern,US-64,US Route,0,0.0,0.0,possible_injury,0.0,0,0.0,0.0,1.0,SIDESWIPE-SAME,SIDESWIPE-SAME,35.42943006,-94.72405174,2021,2021-10-06,18.42,2,0,N,       ,N,N,0,Clear,Dusk,1.0,16,0,Roadway Departure Right,0,N,0.0,D,20.0,31.0,M,Y,1.0,Apparently Normal,4.0,0,0,0,Improper Overtaking,Without Sufficient Clearance,0,0,0,0,0,0,0,0,0,0,0,0,0,0,0,0,0,0,0,1,0,0,0,0,0,0,0,0,0,0,0,0,0,0,0,1,0
300531279,Sequoyah,southern,,County Road,0,99.0,80.0,property_damage,0.0,0,0.0,0.0,0.0,ANIMAL,ANIMAL,35.4701,-94.6925,2021,2021-10-01,20.08,1,0,N,       ,N,N,0,Clear,Dark / Unlighted,2.0,34,0,No Roadway Departure,0,N,0.0,D,4.0,45.0,F,Y,1.0,Apparently Normal,4.0,0,0,0,No Improper Action by Driver,No Improper Action by Driver,0,0,0,0,0,0,0,0,0,0,0,0,0,0,0,0,0,0,0,0,0,0,0,0,0,0,1,0,0,0,0,0,0,0,0,1,0
300531298,Delaware,northern,,County Road,0,0.0,0.0,incapacitating_injury,1.0,0,1.0,0.0,0.0,F-O TREE,FIXED-OBJECT,36.3147,-94.9287,2021,2021-10-06,1.09,1,0,N,       ,N,N,0,Clear,Dark / Unlighted,1.0,19,0,Roadway Departure Left,1,N,0.0,D,20.0,36.0,M,Y,4.0,Apparently Normal,4.0,0,0,0,No Improper Action by Driver,No Improper Action by Driver,0,0,0,0,0,0,0,0,0,0,0,0,0,0,0,0,0,0,0,0,0,0,0,0,0,0,1,0,0,0,0,0,0,0,0,1,0
300531336,Adair,southern,,County Road,0,99.0,80.0,property_damage,0.0,0,0.0,0.0,0.0,F-O TRAFF-SIGN,FIXED-OBJECT,35.8377,-94.6451,2021,2021-10-06,20.48,1,0,N,       ,N,N,0,Clear,Dark / Unlighted,1.0,20,0,Roadway Departure Right,0,N,0.0,D,1.0,18.0,M,Y,1.0,Apparently Normal,4.0,0,1,0,Unsafe Speed,For Type of Roadway (Pavement Surface),0,0,0,0,0,0,0,0,0,0,0,0,0,0,0,0,0,0,0,0,0,0,0,0,0,0,0,0,0,0,0,1,0,0,0,1,0
300531337,Cherokee,southern,SH-10,State Highway,0,76.0,0.0,non_incapacitating_injury,1.0,0,0.0,1.0,0.0,F-O DITCH,FIXED-OBJECT,35.94249895,-94.92016053,2021,2021-10-02,1.13,1,0,N,       ,N,N,0,Rain,Dark / Unlighted,2.0,19,0,Roadway Departure Left,1,N,0.0,D,1.0,36.0,F,Y,3.0,"Emotional (depressed, angry, disturbed, etc.)",99.0,0,0,0,Inattention,Other Distraction Inside Vehicle,0,0,0,0,0,0,0,0,0,0,0,0,0,0,0,0,0,0,0,0,0,0,0,0,1,0,0,0,0,0,0,0,0,0,1,1,0
300531338,Cherokee,southern,,County Road,0,0.0,0.0,non_incapacitating_injury,1.0,0,0.0,1.0,0.0,F-O TREE,FIXED-OBJECT,35.7652,-94.9554,2021,2021-10-02,6.32,1,0,N,       ,Y,N,1,Rain,Dusk,2.0,20,0,Roadway Departure Right,0,N,0.0,D,4.0,22.0,M,Y,3.0,Odor of Alcohol Beverage,4.0,0,0,0,Unsafe Speed,Rain or Wet Roadway,0,0,0,0,0,0,0,0,0,0,0,0,0,0,0,0,0,0,0,0,0,0,0,0,0,0,0,0,0,0,0,1,0,0,1,1,0
300531412,Sequoyah,southern,SH-101,State Highway,0,0.0,0.0,property_damage,0.0,0,0.0,0.0,0.0,ANIMAL,ANIMAL,35.50703747,-94.72110734,2021,2021-09-27,20.51,1,0,N,       ,N,N,0,Clear,Dark / Unlighted,0.0,34,0,No Roadway Departure,0,N,0.0,A,0.0,0.0,,N,0.0,,0.0,0,0,0,Domestic Animal in Roadway,Domestic Animal in Roadway,0,0,0,0,0,0,0,0,0,0,1,0,0,0,0,0,0,0,0,0,0,0,0,0,0,0,0,0,0,0,0,0,0,0,0,1,0
300531418,Mayes,northern,,County Road,0,99.0,80.0,property_damage,0.0,0,0.0,0.0,0.0,SIDESWIPE-OPP,SIDESWIPE-OPP,36.1616,-95.1308,2021,2021-10-07,19.56,2,0,N,       ,N,N,0,Clear,Dark / Unlighted,1.0,17,0,No Roadway Departure,0,Y,0.0,D,4.0,79.0,M,Y,1.0,Apparently Normal,4.0,1,0,0,Left of Center,In Meeting,0,0,0,0,0,0,0,0,0,0,0,0,0,0,0,0,0,0,0,0,0,0,0,0,0,1,0,0,0,0,0,0,0,0,0,1,0
300531490,Rogers,northern,,County Road,0,99.0,80.0,property_damage,0.0,0,0.0,0.0,0.0,F-O FENCE,FIXED-OBJECT,36.5151,-95.3819,2021,2021-09-22,22.41,1,0,N,       ,N,N,0,Clear,Dark / Unlighted,1.0,20,0,Roadway Departure Right,0,N,0.0,D,2.0,20.0,M,Y,1.0,Apparently Normal,4.0,0,0,0,Improper Use of Lane,Improper Use of Lane,0,0,0,0,0,0,0,0,0,0,0,0,0,0,0,0,0,0,0,0,0,0,0,1,0,0,0,0,0,0,0,0,0,0,0,1,0
300531564,Tulsa,tulsa,,City Street,5,99.0,80.0,property_damage,0.0,0,0.0,0.0,0.0,OTHER,OTHER,36.21359452,-95.95823027,2021,2021-10-06,20.3,2,0,N,       ,N,N,0,Clear,Dark / Unlighted,1.0,33,0,No Roadway Departure,0,N,0.0,D,20.0,49.0,F,Y,1.0,Apparently Normal,4.0,0,0,0,Improper Use of Lane,Improper Use of Lane,0,0,0,0,0,0,0,0,0,0,0,0,0,0,0,0,0,0,0,0,0,0,0,1,0,0,0,0,0,0,0,0,0,0,0,1,0
300531691,Mayes,northern,I-44,Turnpike Interstate,0,0.0,0.0,property_damage,0.0,0,0.0,0.0,0.0,OTHER,OTHER,36.50390824,-95.27802683,2021,2021-09-15,3.1,2,1,N,       ,N,N,0,Clear,Dark / Unlighted,1.0,35,0,Roadway Departure Right,0,N,0.0,D,10.0,36.0,M,Y,1.0,Apparently Normal,4.0,0,0,0,Inattention,Other Distraction Inside Vehicle,0,0,0,0,0,0,0,0,0,0,0,0,0,0,0,0,0,0,0,0,0,0,0,0,1,0,0,0,0,0,0,0,0,0,0,1,0
300531697,Mayes,northern,,County Road,0,0.0,0.0,non_incapacitating_injury,1.0,0,0.0,1.0,0.0,F-O EMBANKMENT,FIXED-OBJECT,36.3728,-95.1075,2021,2021-10-09,6.03,1,0,N,       ,N,N,0,Clear,Dark / Unlighted,1.0,19,0,Roadway Departure Right,1,N,0.0,D,4.0,26.0,M,Y,3.0,Apparently Normal,4.0,0,0,0,Other Improper Act/Movement,Other,0,0,0,0,0,0,0,0,0,0,0,0,0,0,0,0,0,0,0,0,0,0,0,0,0,0,0,0,1,0,0,0,0,0,0,1,0
300531701,Tulsa,tulsa,,City Street,6,0.0,0.0,non_incapacitating_injury,1.0,0,0.0,1.0,0.0,OTHER,OTHER,36.1680109,-95.90931977,2021,2021-10-08,20.55,2,0,N,       ,Y,N,1,Clear,Dark / Unlighted,1.0,35,0,No Roadway Departure,0,N,0.0,D,4.0,65.0,M,Y,3.0,Drinking - Ability Impaired,4.0,1,0,0,Alcohol-DUI/DWI,Alcohol-DUI/DWI,0,1,0,0,0,0,0,0,0,0,0,0,0,0,0,0,0,0,0,0,0,0,0,0,0,0,0,0,0,0,0,0,0,0,0,1,0
300531737,Muskogee,southern,SH-10,State Highway,0,0.0,0.0,property_damage,0.0,0,0.0,0.0,0.0,ANIMAL,ANIMAL,35.76892951,-95.21640357,2021,2021-10-04,11.34,1,0,N,       ,N,N,0,Clear,Dark / Unlighted,1.0,34,0,No Roadway Departure,0,N,0.0,D,2.0,86.0,F,Y,1.0,Apparently Normal,4.0,1,0,0,No Improper Action by Driver,No Improper Action by Driver,0,0,0,0,0,0,0,0,0,0,0,0,0,0,0,0,0,0,0,0,0,0,0,0,0,0,1,0,0,0,0,0,0,0,0,1,0
300531738,Muskogee,southern,,County Road,0,0.0,0.0,incapacitating_injury,1.0,0,1.0,0.0,0.0,ROLLOVER,ROLLOVER,35.6097,-95.3538,2021,2021-10-04,4.54,1,0,N,       ,N,N,0,Clear,Dark / Unlighted,1.0,20,0,Roadway Departure Right,0,N,0.0,D,4.0,30.0,M,Y,4.0,Sleepy,4.0,0,0,1,Apparently Sleepy,Apparently Sleepy,0,0,0,1,0,0,0,0,0,0,0,0,0,0,0,0,0,0,0,0,0,0,0,0,0,0,0,0,0,0,0,0,0,0,0,1,0
300531947,Mayes,northern,I-44,Turnpike Interstate,0,0.0,0.0,non_incapacitating_injury,1.0,0,0.0,1.0,0.0,REAR-END,REAR-END,36.43215676,-95.38658304,2021,2021-10-01,23.38,2,0,N,       ,N,N,0,Cloudy,Dark / Unlighted,1.0,3,0,Roadway Departure Right,0,N,0.0,D,4.0,24.0,F,Y,1.0,Apparently Normal,4.0,0,0,0,Unsafe Speed,Other,0,0,0,0,0,0,0,0,0,0,0,0,0,0,0,0,0,0,0,0,0,0,0,0,0,0,0,0,0,0,0,1,0,0,0,1,0
300531953,Adair,southern,,County Road,0,99.0,80.0,property_damage,0.0,0,0.0,0.0,0.0,F-O FENCE,FIXED-OBJECT,35.9232,-94.5827,2021,2021-10-09,0.09,1,0,N,       ,N,N,0,Clear,Dark / Unlighted,1.0,20,0,Roadway Departure Right,0,N,0.0,D,2.0,57.0,F,Y,1.0,Apparently Normal,4.0,0,0,0,No Improper Action by Driver,No Improper Action by Driver,0,0,0,0,0,0,0,0,0,0,0,0,0,0,0,0,0,0,0,0,0,0,0,0,0,0,1,0,0,0,0,0,0,0,0,1,0
300531959,Cherokee,southern,,County Road,0,0.0,0.0,fatal,4.0,1,3.0,1.0,0.0,F-O TREE,FIXED-OBJECT,35.7524,-94.9427,2021,2021-09-18,21.22,1,0,N,       ,Y,N,1,Clear,Dark / Unlighted,1.0,20,0,Roadway Departure Right,0,N,0.0,D,2.0,19.0,M,Y,4.0,Odor of Alcohol Beverage,1.0,0,1,0,Unsafe Speed,On Curve/Turn,0,0,0,0,0,0,0,0,0,0,0,0,0,0,0,0,0,0,0,0,0,0,0,0,0,0,0,0,0,0,0,1,0,0,0,1,0
300532026,Tulsa,northern,,County Road,1,0.0,0.0,non_incapacitating_injury,1.0,0,0.0,1.0,0.0,RIGHT-ANGLE,RIGHT-ANGLE,36.2786,-95.9206,2021,2021-10-09,3.44,2,0,N,       ,N,N,0,Clear,Dark / Unlighted,1.0,1,0,No Roadway Departure,0,N,0.0,D,1.0,41.0,F,Y,3.0,Apparently Normal,4.0,0,0,0,No Improper Action by Driver,No Improper Action by Driver,0,0,0,0,0,0,0,0,0,0,0,0,0,0,0,0,0,0,0,0,0,0,0,0,0,0,1,0,0,0,0,0,0,0,0,1,0
300532027,Craig,northern,SH-82,State Highway,0,0.0,0.0,possible_injury,0.0,0,0.0,0.0,1.0,ANIMAL,ANIMAL,36.56695976,-95.05969243,2021,2021-10-11,5.37,3,0,N,       ,N,N,0,Rain,Dark / Unlighted,0.0,34,0,No Roadway Departure,0,N,0.0,A,0.0,0.0,,N,0.0,,0.0,0,0,0,Animal in Roadway,Animal in Roadway,0,0,1,0,0,0,0,0,0,0,0,0,0,0,0,0,0,0,0,0,0,0,0,0,0,0,0,0,0,0,0,0,0,0,1,1,0
300532117,Rogers,northern,US-412,US Route,1,0.0,0.0,non_incapacitating_injury,1.0,0,0.0,1.0,1.0,RIGHT-ANGLE,RIGHT-ANGLE,36.16942779,-95.47541908,2021,2021-10-04,20.5,2,0,N,       ,N,N,0,Clear,Dark / Unlighted,1.0,1,0,Roadway Departure Right,0,N,0.0,D,2.0,87.0,F,Y,2.0,Apparently Normal,4.0,1,0,0,Failed to Yield,From Stop Sign,0,0,0,0,0,0,0,0,0,0,0,0,0,0,0,1,0,0,0,0,0,0,0,0,0,0,0,0,0,0,0,0,0,0,0,1,0
300532133,Rogers,northern,,County Road,0,99.0,80.0,property_damage,0.0,0,0.0,0.0,0.0,F-O UTIL-POLE,FIXED-OBJECT,36.4378,-95.6047,2021,2021-10-09,21.09,1,0,N,       ,Y,N,1,Clear,Dark / Unlighted,1.0,20,0,Roadway Departure Right,0,N,0.0,D,4.0,32.0,M,Y,1.0,Drinking - Ability Impaired,4.0,0,0,0,Alcohol-DUI/DWI,Alcohol-DUI/DWI,0,1,0,0,0,0,0,0,0,0,0,0,0,0,0,0,0,0,0,0,0,0,0,0,0,0,0,0,0,0,0,0,0,0,0,1,0
300532135,Tulsa,tulsa,US-75,US Route,0,0.0,0.0,possible_injury,0.0,0,0.0,0.0,1.0,F-O CULVERT,FIXED-OBJECT,36.20314253,-95.94743195,2021,2021-10-13,8.0,1,0,N,       ,N,N,0,Rain,Dawn,2.0,19,0,Roadway Departure Left,0,N,0.0,D,2.0,35.0,F,Y,2.0,Apparently Normal,4.0,0,0,0,Unsafe Speed,Rain or Wet Roadway,0,0,0,0,0,0,0,0,0,0,0,0,0,0,0,0,0,0,0,0,0,0,0,0,0,0,0,0,0,0,0,1,0,0,1,1,0
300532210,Rogers,northern,SH-66,State Highway,0,0.0,0.0,non_incapacitating_injury,1.0,0,0.0,1.0,0.0,F-O BARR-CONCRETE,FIXED-OBJECT,36.23338602,-95.69099077,2021,2021-09-29,20.55,1,0,N,       ,N,N,0,Clear,Dark / Unlighted,1.0,19,0,Roadway Departure Left,0,N,0.0,D,2.0,18.0,F,Y,3.0,Apparently Normal,4.0,0,1,0,Object/Debris in Roadway,Object/Debris in Roadway,0,0,0,0,0,0,0,0,0,0,0,0,0,0,0,0,0,0,0,0,0,0,0,0,0,0,0,1,0,0,0,0,0,0,0,1,0
300532221,Tulsa,tulsa,US-169,US Route,0,0.0,0.0,fatal,1.0,1,0.0,1.0,0.0,F-O BARR-CONCRETE,FIXED-OBJECT,36.17272031,-95.85892925,2020,2020-07-02,5.19,3,0,N,       ,N,N,0,Clear,Dark / Unlighted,1.0,19,0,Roadway Departure Left,0,N,0.0,D,1.0,57.0,M,Y,5.0,Apparently Normal,4.0,0,0,0,Unsafe Speed,Exceeding Legal Limit,0,0,0,0,0,0,0,0,0,0,0,0,0,0,0,0,0,0,0,0,0,0,0,0,0,0,0,0,0,0,0,1,0,0,0,1,0
300532270,Cherokee,southern,SH-51,State Highway,1,0.0,0.0,possible_injury,0.0,0,0.0,0.0,1.0,F-O GROUND,FIXED-OBJECT,35.928058,-94.840061,2021,2021-10-11,22.31,1,0,N,       ,N,N,0,Clear,Dark / Unlighted,1.0,20,0,Roadway Departure Right,0,N,0.0,D,20.0,54.0,F,Y,2.0,Apparently Normal,4.0,0,0,0,Unsafe Speed,On Curve/Turn,0,0,0,0,0,0,0,0,0,0,0,0,0,0,0,0,0,0,0,0,0,0,0,0,0,0,0,0,0,0,0,1,0,0,0,1,0