crash_id,county,region,highway_name,highway_class,intersection_rel,special_feature_1,special_feature_2,severity_level,visual_injured_num,fatal_num,suspected_serious_injured_num,non_incapacitated_injured_num,possibly_injured_num,crash_type,main_crash_type,latitude,longitude,year,date,time,number_of_vehicles,number_of_commercial_vehicles,work_zone,railroad_crossing,alcohol,drug,Alcohol or Drug,weather_condition,lighting_condition,road_condition,manner_of_collision,pedestrians_num,roadway_departure,cross_centerline,hit_and_run,emergency_vehicle_use,unit_type,vehicle_type,age,sex,driver_of_vehicle,injury_severity,person_condition,restraint_use,older_driver,teen_driver,Sleepy/Ill/Dizzy Driver,unsafe_unlaw_category,unsafe_unlaw_desc,Abnormal Traffic Control,Alcohol-DUI/DWI,Animal in Roadway,Apparently Sleepy,Avoiding Other Vehicle,Avoiding Pedestrian,Changed Lanes Unsafely,Deer in Roadway,Defect in Roadway,Disregarded Warning Signal,Domestic Animal in Roadway,Drug-DUI,Failed to Secure Load,Failed to Signal,Failed to Stop,Failed to Yield,Followed too Closely,Improper Backing,Improper Bicyclist Action,Improper Overtaking,Improper Parking,Improper Start From,Improper Turn,Improper Use of Lane,Distraction,Left of Center,No Improper Action by Driver,Object/Debris in Roadway,Other Improper Act/Movement,Pedestrian Action,Stopped in Traffic Lane,Speeding,Unsafe Vehicle,Wrong Way,Bad Weather,Bad Lighting,Bad Road Condition
300537757,Mayes,northern,,County Road,0,99.0,80.0,property_damage,0.0,0,0.0,0.0,0.0,F-O TREE,FIXED-OBJECT,36.1938,-95.0757,2021,2021-11-16,0.0,1,0,N,       ,N,N,0,Clear,Dark / Unlighted,1.0,19,0,Roadway Departure Left,0,Y,0.0,D,2.0,0.0,9,Y,1.0,Unknown,99.0,0,0,0,Unsafe Speed,On Curve/Turn,0,0,0,0,0,0,0,0,0,0,0,0,0,0,0,0,0,0,0,0,0,0,0,0,0,0,0,0,0,0,0,1,0,0,0,1,0
300537857,Mayes,northern,,County Road,0,99.0,80.0,property_damage,0.0,0,0.0,0.0,0.0,F-O DITCH,FIXED-OBJECT,36.4456,-95.4,2021,2021-11-14,4.3,1,1,N,       ,N,N,0,Clear,Dark / Unlighted,1.0,19,0,Roadway Departure Left,0,N,0.0,D,10.0,53.0,M,Y,1.0,Apparently Normal,4.0,0,0,0,Inattention,Distraction from Outside Vehicle,0,0,0,0,0,0,0,0,0,0,0,0,0,0,0,0,0,0,0,0,0,0,0,0,1,0,0,0,0,0,0,0,0,0,0,1,0
300537864,Delaware,northern,SH-25,State Highway,0,0.0,0.0,non_incapacitating_injury,1.0,0,0.0,1.0,0.0,ROLLOVER,ROLLOVER,36.59792764,-94.69791021,2021,2021-11-19,21.31,1,0,N,       ,N,N,0,Clear,Dark / Unlighted,1.0,20,0,Roadway Departure Right,0,N,0.0,D,4.0,28.0,M,Y,3.0,Apparently Normal,4.0,0,0,0,Inattention,Distraction from Outside Vehicle,0,0,0,0,0,0,0,0,0,0,0,0,0,0,0,0,0,0,0,0,0,0,0,0,1,0,0,0,0,0,0,0,0,0,0,1,0
300537970,Rogers,northern,I-44,Turnpike Interstate,0,0.0,0.0,property_damage,0.0,0,0.0,0.0,0.0,REAR-END,REAR-END,36.27962561,-95.62337683,2021,2021-11-07,1.1,2,1,N,       ,N,N,0,Clear,Dark / Unlighted,1.0,3,0,Roadway Departure Right,0,N,0.0,D,10.0,57.0,M,Y,1.0,Apparently Normal,4.0,0,0,0,No Improper Action by Driver,No Improper Action by Driver,0,0,0,0,0,0,0,0,0,0,0,0,0,0,0,0,0,0,0,0,0,0,0,0,0,0,1,0,0,0,0,0,0,0,0,1,0
300538007,Rogers,northern,SH-20,State Highway,0,0.0,5.0,property_damage,0.0,0,0.0,0.0,0.0,ANIMAL,ANIMAL,36.31857757,-95.72406675,2021,2021-11-10,22.52,1,0,Y,       ,N,N,0,Cloudy,Dark / Unlighted,2.0,34,0,No Roadway Departure,0,N,0.0,D,2.0,50.0,F,Y,1.0,Apparently Normal,6.0,0,0,0,No Improper Action by Driver,No Improper Action by Driver,0,0,0,0,0,0,0,0,0,0,0,0,0,0,0,0,0,0,0,0,0,0,0,0,0,0,1,0,0,0,0,0,0,0,0,1,0
300538013,Rogers,northern,SH-20,State Highway,1,0.0,0.0,property_damage,0.0,0,0.0,0.0,0.0,RIGHT-ANGLE,RIGHT-ANGLE,36.30722894,-95.57839974,2021,2021-11-19,18.31,2,0,N,       ,N,N,0,Clear,Dark / Unlighted,1.0,1,0,No Roadway Departure,0,N,0.0,D,1.0,29.0,M,Y,1.0,Apparently Normal,4.0,0,0,0,Failed to Yield,From Stop Sign,0,0,0,0,0,0,0,0,0,0,0,0,0,0,0,1,0,0,0,0,0,0,0,0,0,0,0,0,0,0,0,0,0,0,0,1,0
300538087,Rogers,northern,I-44,Interstate,0,0.0,0.0,possible_injury,0.0,0,0.0,0.0,1.0,F-O GROUND,FIXED-OBJECT,36.16275808,-95.75086602,2021,2021-11-15,18.53,1,0,N,       ,N,N,0,Clear,Dark / Unlighted,1.0,20,0,Fixed Object,0,N,0.0,D,15.0,22.0,M,Y,2.0,Apparently Normal,7.0,0,0,0,Object/Debris in Roadway,Object/Debris in Roadway,0,0,0,0,0,0,0,0,0,0,0,0,0,0,0,0,0,0,0,0,0,0,0,0,0,0,0,1,0,0,0,0,0,0,0,1,0
300538090,McIntosh,southern,,County Road,0,0.0,0.0,fatal,0.0,1,0.0,0.0,0.0,ROLLOVER,ROLLOVER,35.3624,-95.3624,2021,2021-11-19,3.3,1,0,N,       ,N,N,0,Clear,Dark / Unlighted,1.0,20,0,Roadway Departure Right,0,N,0.0,D,20.0,47.0,M,Y,5.0,Unknown,1.0,0,0,0,Changed Lanes Unsafely,Changed Lanes Unsafely,0,0,0,0,0,0,1,0,0,0,0,0,0,0,0,0,0,0,0,0,0,0,0,0,0,0,0,0,0,0,0,0,0,0,0,1,0
300538094,Craig,northern,I-44,Turnpike Interstate,0,0.0,0.0,property_damage,0.0,0,0.0,0.0,0.0,SIDESWIPE-SAME,SIDESWIPE-SAME,36.60565231,-95.18574637,2021,2021-11-07,19.27,2,2,N,       ,N,N,0,Clear,Dark / Unlighted,1.0,16,0,No Roadway Departure,0,N,0.0,D,8.0,63.0,M,Y,1.0,Apparently Normal,4.0,0,0,0,Changed Lanes Unsafely,Changed Lanes Unsafely,0,0,0,0,0,0,1,0,0,0,0,0,0,0,0,0,0,0,0,0,0,0,0,0,0,0,0,0,0,0,0,0,0,0,0,1,0
300538132,Tulsa,tulsa,SH-11,State Highway,0,72.0,0.0,possible_injury,0.0,0,0.0,0.0,1.0,REAR-END,REAR-END,36.18053851,-95.88748587,2021,2021-11-19,16.36,4,0,N,       ,N,N,0,Clear,Dusk,1.0,2,0,No Roadway Departure,0,N,0.0,D,21.0,28.0,M,Y,1.0,Apparently Normal,4.0,0,0,0,Unsafe Speed,For Traffic Conditions,0,0,0,0,0,0,0,0,0,0,0,0,0,0,0,0,0,0,0,0,0,0,0,0,0,0,0,0,0,0,0,1,0,0,0,1,0
300538143,Nowata,northern,US-169,US Route,0,0.0,0.0,incapacitating_injury,1.0,0,1.0,0.0,0.0,HEAD-ON,HEAD-ON,36.90588258,-95.62925007,2021,2021-11-03,23.56,2,1,N,       ,N,N,0,Cloudy,Dark / Unlighted,1.0,18,0,Roadway Departure Left,0,N,0.0,D,4.0,35.0,M,Y,1.0,Apparently Normal,4.0,0,0,0,Left of Center,In Meeting,0,0,0,0,0,0,0,0,0,0,0,0,0,0,0,0,0,0,0,0,0,0,0,0,0,1,0,0,0,0,0,0,0,0,0,1,0
300538145,Washington,northern,,County Road,0,99.0,80.0,property_damage,0.0,0,0.0,0.0,0.0,OTHER,OTHER,36.7856,-95.8992,2021,2021-11-06,11.5,2,0,N,       ,N,N,0,Clear,Dark / Unlighted,1.0,36,0,Fixed Object,0,N,0.0,D,4.0,23.0,M,Y,1.0,Apparently Normal,4.0,0,0,0,Inattention,Other Distraction Inside Vehicle,0,0,0,0,0,0,0,0,0,0,0,0,0,0,0,0,0,0,0,0,0,0,0,0,1,0,0,0,0,0,0,0,0,0,0,1,0
300538160,Sequoyah,southern,SH-82,State Highway,0,0.0,0.0,property_damage,0.0,0,0.0,0.0,0.0,ANIMAL,ANIMAL,35.58770794,-94.97626379,2021,2021-11-20,17.49,1,0,N,       ,N,N,0,Clear,Dark / Unlighted,1.0,34,0,No Roadway Departure,0,N,0.0,D,2.0,65.0,M,Y,1.0,Apparently Normal,4.0,1,0,0,No Improper Action by Driver,No Improper Action by Driver,0,0,0,0,0,0,0,0,0,0,0,0,0,0,0,0,0,0,0,0,0,0,0,0,0,0,1,0,0,0,0,0,0,0,0,1,0
300538162,Sequoyah,southern,I-40,Interstate,0,0.0,0.0,property_damage,0.0,0,0.0,0.0,0.0,F-O BARR-CABLE,FIXED-OBJECT,35.39292282,-94.58707538,2021,2021-11-22,1.54,1,0,N,       ,N,N,0,Clear,Dark / Unlighted,1.0,19,0,Roadway Departure Left,0,N,0.0,D,20.0,54.0,M,Y,1.0,Very Tired,4.0,0,0,1,Apparently Sleepy,Apparently Sleepy,0,0,0,1,0,0,0,0,0,0,0,0,0,0,0,0,0,0,0,0,0,0,0,0,0,0,0,0,0,0,0,0,0,0,0,1,0
300538167,Adair,southern,SH-51,State Highway,0,0.0,0.0,property_damage,0.0,0,0.0,0.0,0.0,HEAD-ON,HEAD-ON,35.88605537,-94.76244736,2021,2021-11-22,6.11,2,0,N,       ,N,N,0,Clear,Dark / Unlighted,1.0,18,0,Roadway Departure Left,0,N,0.0,D,2.0,29.0,M,Y,1.0,Apparently Normal,4.0,0,0,0,Left of Center,In Meeting,0,0,0,0,0,0,0,0,0,0,0,0,0,0,0,0,0,0,0,0,0,0,0,0,0,1,0,0,0,0,0,0,0,0,0,1,0
300538170,Mayes,northern,US-412,US Route,0,0.0,0.0,non_incapacitating_injury,1.0,0,0.0,1.0,0.0,REAR-END,REAR-END,36.16994243,-95.43963442,2021,2021-11-22,21.42,2,0,N,       ,N,N,0,Clear,Dark / Unlighted,1.0,3,0,Roadway Departure Right,0,N,0.0,D,1.0,29.0,F,Y,3.0,Apparently Normal,4.0,0,0,0,Inattention,Other Distraction Inside Vehicle,0,0,0,0,0,0,0,0,0,0,0,0,0,0,0,0,0,0,0,0,0,0,0,0,1,0,0,0,0,0,0,0,0,0,0,1,0
300538174,Cherokee,southern,,County Road,1,99.0,80.0,property_damage,0.0,0,0.0,0.0,0.0,ANGLE-TURNING,ANGLE-TURNING,35.9733,-94.9935,2021,2021-11-20,18.04,2,0,N,       ,N,N,0,Cloudy,Dark / Unlighted,1.0,6,0,No Roadway Departure,0,N,0.0,D,20.0,61.0,F,Y,1.0,Apparently Normal,4.0,0,0,0,Improper Turn,Left,0,0,0,0,0,0,0,0,0,0,0,0,0,0,0,0,0,0,0,0,0,0,1,0,0,0,0,0,0,0,0,0,0,0,0,1,0
300538202,Tulsa,northern,US-75,US Route,1,0.0,0.0,property_damage,0.0,0,0.0,0.0,0.0,RIGHT-ANGLE,RIGHT-ANGLE,36.30774601,-95.92378019,2021,2021-11-06,21.28,2,0,N,       ,N,N,0,Clear,Dark / Unlighted,1.0,1,0,Fixed Object,0,Y,0.0,D,1.0,0.0,9,Y,1.0,Unknown,99.0,0,0,0,Failed to Yield,From Stop Sign,0,0,0,0,0,0,0,0,0,0,0,0,0,0,0,1,0,0,0,0,0,0,0,0,0,0,0,0,0,0,0,0,0,0,0,1,0
300538205,Tulsa,tulsa,,City Street,6,99.0,80.0,property_damage,0.0,0,0.0,0.0,0.0,OTHER,OTHER,36.1734629,-95.91989287,2021,2021-11-20,0.05,2,0,N,       ,N,N,0,Clear,Dark / Unlighted,1.0,35,0,No Roadway Departure,0,Y,0.0,D,3.0,31.0,F,Y,1.0,Apparently Normal,4.0,0,0,0,Followed too Closely,Human Element,0,0,0,0,0,0,0,0,0,0,0,0,0,0,0,0,1,0,0,0,0,0,0,0,0,0,0,0,0,0,0,0,0,0,0,1,0
300538206,Tulsa,tulsa,,City Street,1,99.0,80.0,property_damage,0.0,0,0.0,0.0,0.0,RIGHT-ANGLE,RIGHT-ANGLE,36.177053,-95.8687439,2021,2021-11-23,6.2,2,0,N,       ,N,N,0,Clear,Dawn,1.0,1,0,No Roadway Departure,0,N,0.0,D,4.0,30.0,M,Y,1.0,Apparently Normal,4.0,0,0,0,Failed to Stop,For Traffic Signal,0,0,0,0,0,0,0,0,0,0,0,0,0,0,1,0,0,0,0,0,0,0,0,0,0,0,0,0,0,0,0,0,0,0,0,1,0
300538240,Tulsa,northern,US-75,US Route,0,0.0,0.0,property_damage,0.0,0,0.0,0.0,0.0,F-O BARR-CABLE,FIXED-OBJECT,36.3814318,-95.92029935,2021,2021-11-20,0.0,1,0,N,       ,Y,N,1,Clear,Dark / Unlighted,1.0,19,0,Roadway Departure Left,0,N,0.0,D,20.0,17.0,M,Y,1.0,Odor of Alcohol Beverage,4.0,0,1,0,Alcohol-DUI/DWI,Alcohol-DUI/DWI,0,1,0,0,0,0,0,0,0,0,0,0,0,0,0,0,0,0,0,0,0,0,0,0,0,0,0,0,0,0,0,0,0,0,0,1,0
300538255,Ottawa,northern,,County Road,0,99.0,80.0,property_damage,0.0,0,0.0,0.0,0.0,F-O BARR-CONCRETE,FIXED-OBJECT,36.7285,-94.9199,2021,2021-11-13,2.0,1,0,N,       ,Y,N,1,Clear,Dark / Unlighted,1.0,20,0,Roadway Departure Right,0,N,0.0,D,20.0,32.0,F,Y,1.0,Drinking - Ability Impaired,4.0,0,0,0,Alcohol-DUI/DWI,Alcohol-DUI/DWI,0,1,0,0,0,0,0,0,0,0,0,0,0,0,0,0,0,0,0,0,0,0,0,0,0,0,0,0,0,0,0,0,0,0,0,1,0
300538364,Rogers,northern,SH-66,State Highway,0,0.0,0.0,property_damage,0.0,0,0.0,0.0,0.0,REAR-END,REAR-END,36.36006259,-95.5788191,2021,2021-11-16,6.26,2,0,N,       ,N,N,0,Clear,Dawn,2.0,3,0,Roadway Departure Right,0,N,0.0,D,4.0,38.0,M,Y,1.0,Apparently Normal,4.0,0,0,0,Inattention,Other Distraction Inside Vehicle,0,0,0,0,0,0,0,0,0,0,0,0,0,0,0,0,0,0,0,0,0,0,0,0,1,0,0,0,0,0,0,0,0,0,0,1,0
300538378,Nowata,northern,SH-10,State Highway,0,0.0,0.0,property_damage,0.0,0,0.0,0.0,0.0,ANIMAL,ANIMAL,36.88762694,-95.44443445,2021,2021-11-24,6.01,1,0,N,       ,N,N,0,Clear,Dark / Unlighted,1.0,34,0,No Roadway Departure,0,N,0.0,D,2.0,64.0,F,Y,1.0,Apparently Normal,4.0,0,0,0,Object/Debris in Roadway,Object/Debris in Roadway,0,0,0,0,0,0,0,0,0,0,0,0,0,0,0,0,0,0,0,0,0,0,0,0,0,0,0,1,0,0,0,0,0,0,0,1,0
300538379,Ottawa,northern,SH-25,State Highway,0,0.0,0.0,non_incapacitating_injury,1.0,0,0.0,1.0,0.0,ROLLOVER,ROLLOVER,36.80121932,-94.99897373,2021,2021-11-24,6.55,1,0,N,       ,Y,N,1,Cloudy,Dawn,1.0,20,0,Roadway Departure Right,0,N,0.0,D,4.0,24.0,M,Y,3.0,Drinking - Ability Impaired,1.0,0,0,0,Alcohol-DUI/DWI,Alcohol-DUI/DWI,0,1,0,0,0,0,0,0,0,0,0,0,0,0,0,0,0,0,0,0,0,0,0,0,0,0,0,0,0,0,0,0,0,0,0,1,0
300538381,Craig,northern,SH-66,State Highway,0,0.0,0.0,property_damage,0.0,0,0.0,0.0,0.0,F-O DITCH,FIXED-OBJECT,36.59108513,-95.298688,2021,2021-11-18,23.06,1,0,N,       ,N,Y,1,Clear,Dark / Unlighted,1.0,19,0,Roadway Departure Left,1,N,0.0,D,2.0,37.0,F,Y,1.0,Under the Influence of Medication,4.0,0,0,0,Drug-DUI,Drug-DUI,0,0,0,0,0,0,0,0,0,0,0,1,0,0,0,0,0,0,0,0,0,0,0,0,0,0,0,0,0,0,0,0,0,0,0,1,0
300538496,Sequoyah,southern,I-40,Interstate,0,0.0,0.0,incapacitating_injury,1.0,0,1.0,0.0,0.0,F-O TREE,FIXED-OBJECT,35.44286726,-94.45983691,2021,2021-11-16,23.34,1,1,N,       ,N,N,0,Clear,Dark / Unlighted,1.0,20,0,Roadway Departure Right,0,N,0.0,D,10.0,58.0,M,Y,4.0,Apparently Normal,4.0,0,0,0,Inattention,Other,0,0,0,0,0,0,0,0,0,0,0,0,0,0,0,0,0,0,0,0,0,0,0,0,1,0,0,0,0,0,0,0,0,0,0,1,0
300538497,Adair,southern,US-62,US Route,0,0.0,0.0,non_incapacitating_injury,2.0,0,0.0,2.0,0.0,ROLLOVER,ROLLOVER,35.99482273,-94.64370639,2021,2021-11-24,21.42,1,0,N,       ,N,N,0,Rain,Dark / Unlighted,2.0,20,0,Roadway Departure Right,0,N,0.0,D,1.0,19.0,M,Y,1.0,Apparently Normal,4.0,0,1,0,Unsafe Speed,Rain or Wet Roadway,0,0,0,0,0,0,0,0,0,0,0,0,0,0,0,0,0,0,0,0,0,0,0,0,0,0,0,0,0,0,0,1,0,0,1,1,0
300538498,Sequoyah,southern,I-40,Interstate,0,5.0,0.0,property_damage,0.0,0,0.0,0.0,0.0,OTHER,OTHER,35.48769165,-94.9687712,2021,2021-11-06,22.23,1,0,N,       ,N,N,0,Clear,Dark / Unlighted,1.0,33,0,Roadway Departure Right,0,N,0.0,D,2.0,33.0,M,Y,1.0,Apparently Normal,4.0,0,0,0,Inattention,Other Distraction Inside Vehicle,0,0,0,0,0,0,0,0,0,0,0,0,0,0,0,0,0,0,0,0,0,0,0,0,1,0,0,0,0,0,0,0,0,0,0,1,0
300538499,Sequoyah,southern,US-64,US Route,0,0.0,0.0,property_damage,0.0,0,0.0,0.0,0.0,F-O CULVERT,FIXED-OBJECT,35.50027323,-95.01438143,2021,2021-11-25,20.22,1,0,N,       ,N,N,0,Clear,Dark / Unlighted,1.0,20,0,Roadway Departure Right,0,N,0.0,D,20.0,16.0,M,Y,1.0,Apparently Normal,4.0,0,1,0,Inattention,Distracted by Passenger in Vehicle,0,0,0,0,0,0,0,0,0,0,0,0,0,0,0,0,0,0,0,0,0,0,0,0,1,0,0,0,0,0,0,0,0,0,0,1,0
300538510,Mayes,northern,US-412,US Route,1,0.0,0.0,non_incapacitating_injury,1.0,0,0.0,1.0,1.0,REAR-END,REAR-END,36.17359634,-95.31498012,2021,2021-11-23,19.15,2,1,N,       ,N,N,0,Clear,Dark / Unlighted,1.0,5,0,Roadway Departure Right,0,N,0.0,D,6.0,30.0,M,Y,1.0,Apparently Normal,4.0,0,0,0,Inattention,Other Distraction Inside Vehicle,0,0,0,0,0,0,0,0,0,0,0,0,0,0,0,0,0,0,0,0,0,0,0,0,1,0,0,0,0,0,0,0,0,0,0,1,0
300538546,Wagoner,southern,SH251A,State Highway,0,0.0,0.0,non_incapacitating_injury,1.0,0,0.0,1.0,0.0,ROLLOVER,ROLLOVER,35.85482359,-95.25855321,2021,2021-11-20,6.3,1,0,N,       ,Y,N,1,Cloudy,Dark / Unlighted,1.0,20,0,Roadway Departure Right,0,N,0.0,D,2.0,37.0,M,Y,3.0,Drinking - Ability Impaired,1.0,0,0,0,Alcohol-DUI/DWI,Alcohol-DUI/DWI,0,1,0,0,0,0,0,0,0,0,0,0,0,0,0,0,0,0,0,0,0,0,0,0,0,0,0,0,0,0,0,0,0,0,0,1,0
300538574,Sequoyah,southern,,County Road,0,0.0,0.0,incapacitating_injury,3.0,0,1.0,2.0,0.0,F-O TREE,FIXED-OBJECT,35.6103,-94.9245,2021,2021-11-25,17.53,1,0,N,       ,N,N,0,Clear,Dark / Unlighted,1.0,19,0,Roadway Departure Left,0,N,0.0,D,20.0,42.0,M,Y,4.0,Apparently Normal,4.0,0,0,0,Unsafe Speed,On Curve/Turn,0,0,0,0,0,0,0,0,0,0,0,0,0,0,0,0,0,0,0,0,0,0,0,0,0,0,0,0,0,0,0,1,0,0,0,1,0
300538773,Delaware,northern,,County Road,0,0.0,0.0,non_incapacitating_injury,1.0,0,0.0,1.0,0.0,ANIMAL,ANIMAL,36.3093,-94.8614,2021,2021-11-27,3.13,1,0,N,       ,N,N,0,Clear,Dark / Unlighted,1.0,34,0,No Roadway Departure,0,N,0.0,D,2.0,55.0,M,Y,3.0,Apparently Normal,4.0,0,0,0,No Improper Action by Driver,No Improper Action by Driver,0,0,0,0,0,0,0,0,0,0,0,0,0,0,0,0,0,0,0,0,0,0,0,0,0,0,1,0,0,0,0,0,0,0,0,1,0
300538900,Sequoyah,southern,,County Road,0,0.0,0.0,non_incapacitating_injury,1.0,0,0.0,1.0,0.0,PEDESTRIAN,PEDESTRIAN,35.4133,-94.5489,2021,2021-11-26,21.17,1,0,N,       ,N,N,0,Clear,Dark / Unlighted,1.0,21,1,No Roadway Departure,0,N,0.0,D,4.0,39.0,M,Y,1.0,Apparently Normal,4.0,0,0,0,No Improper Action by Driver,No Improper Action by Driver,0,0,0,0,0,0,0,0,0,0,0,0,0,0,0,0,0,0,0,0,0,0,0,0,0,0,1,0,0,0,0,0,0,0,0,1,0
300538938,Tulsa,tulsa,,City Street,8,99.0,80.0,property_damage,0.0,0,0.0,0.0,0.0,OTHER,OTHER,36.1844324,-95.94511653,2021,2021-11-30,2.07,2,0,N,       ,N,N,0,Clear,Dark / Unlighted,1.0,36,0,No Roadway Departure,0,Y,0.0,D,2.0,39.0,M,Y,1.0,Apparently Normal,4.0,0,0,0,Inattention,Other,0,0,0,0,0,0,0,0,0,0,0,0,0,0,0,0,0,0,0,0,0,0,0,0,1,0,0,0,0,0,0,0,0,0,0,1,0
300539143,Delaware,northern,US-59,US Route,0,0.0,0.0,property_damage,0.0,0,0.0,0.0,0.0,ANIMAL,ANIMAL,36.33372915,-94.78253352,2021,2021-12-01,19.14,1,0,N,       ,N,N,0,Clear,Dark / Unlighted,0.0,34,0,Roadway Departure Right,0,N,0.0,A,0.0,0.0,,N,0.0,,0.0,0,0,0,Deer in Roadway,Deer in Roadway,0,0,0,0,0,0,0,1,0,0,0,0,0,0,0,0,0,0,0,0,0,0,0,0,0,0,0,0,0,0,0,0,0,0,0,1,0
300539171,Craig,northern,US-60,US Route,0,0.0,0.0,property_damage,0.0,0,0.0,0.0,0.0,F-O TREE,FIXED-OBJECT,36.6960809,-95.37916967,2021,2021-11-14,1.47,1,0,N,       ,N,N,0,Clear,Dark / Unlighted,1.0,19,0,Roadway Departure Left,0,N,0.0,D,2.0,55.0,M,Y,1.0,Apparently Normal,4.0,0,0,0,Unsafe Speed,On Curve/Turn,0,0,0,0,0,0,0,0,0,0,0,0,0,0,0,0,0,0,0,0,0,0,0,0,0,0,0,0,0,0,0,1,0,0,0,1,0
300539176,Mayes,northern,I-44,Turnpike Interstate,0,0.0,0.0,property_damage,0.0,0,0.0,0.0,0.0,SIDESWIPE-SAME,SIDESWIPE-SAME,36.45042703,-95.36637106,2021,2021-11-26,18.1,2,1,N,       ,N,N,0,Clear,Dark / Unlighted,1.0,16,0,No Roadway Departure,0,N,0.0,D,2.0,19.0,M,Y,1.0,Apparently Normal,4.0,0,1,0,Inattention,Other Distraction Inside Vehicle,0,0,0,0,0,0,0,0,0,0,0,0,0,0,0,0,0,0,0,0,0,0,0,0,1,0,0,0,0,0,0,0,0,0,0,1,0
300539187,Craig,northern,,County Road,0,99.0,80.0,property_damage,0.0,0,0.0,0.0,0.0,F-O UTIL-POLE,FIXED-OBJECT,36.6556,-95.2696,2021,2021-10-21,0.44,1,0,N,       ,N,N,0,Clear,Dark / Unlighted,1.0,20,0,Roadway Departure Right,0,Y,0.0,D,20.0,22.0,M,Y,1.0,Unknown,1.0,0,0,0,Unsafe Speed,For Type of Roadway (Pavement Surface),0,0,0,0,0,0,0,0,0,0,0,0,0,0,0,0,0,0,0,0,0,0,0,0,0,0,0,0,0,0,0,1,0,0,0,1,0
300539287,Ottawa,northern,I-44,Turnpike Interstate,0,0.0,0.0,possible_injury,0.0,0,0.0,0.0,1.0,OTHER,OTHER,36.72169111,-94.93692973,2021,2021-11-13,5.35,2,1,N,       ,N,N,0,Clear,Dark / Unlighted,1.0,19,0,Roadway Departure Right,0,N,0.0,D,20.0,22.0,F,Y,2.0,Sleepy,4.0,0,0,1,Apparently Sleepy,Apparently Sleepy,0,0,0,1,0,0,0,0,0,0,0,0,0,0,0,0,0,0,0,0,0,0,0,0,0,0,0,0,0,0,0,0,0,0,0,1,0
300539300,Tulsa,northern,US-75,US Route,0,0.0,0.0,property_damage,0.0,0,0.0,0.0,0.0,SIDESWIPE-SAME,SIDESWIPE-SAME,36.28454923,-95.92377993,2021,2021-12-01,17.26,3,0,N,       ,N,N,0,Clear,Dusk,1.0,16,0,No Roadway Departure,0,N,0.0,D,4.0,47.0,M,Y,1.0,Apparently Normal,4.0,0,0,0,Unsafe Speed,Exceeding Legal Limit,0,0,0,0,0,0,0,0,0,0,0,0,0,0,0,0,0,0,0,0,0,0,0,0,0,0,0,0,0,0,0,1,0,0,0,1,0
300539301,Ottawa,northern,I-44,Turnpike Interstate,0,5.0,0.0,possible_injury,0.0,0,0.0,0.0,1.0,F-O CULVERT,FIXED-OBJECT,36.84933598,-94.85718058,2021,2021-11-20,16.03,1,1,Y,       ,N,N,0,Cloudy,Dark / Unlighted,1.0,20,0,Roadway Departure Right,0,N,0.0,D,8.0,33.0,M,Y,2.0,Apparently Normal,1.0,0,0,0,Unsafe Vehicle,Steering,0,0,0,0,0,0,0,0,0,0,0,0,0,0,0,0,0,0,0,0,0,0,0,0,0,0,0,0,0,0,0,0,1,0,0,1,0
300539302,Craig,northern,I-44,Turnpike Interstate,0,0.0,0.0,property_damage,0.0,0,0.0,0.0,0.0,F-O POLE-OTHER,FIXED-OBJECT,36.62864563,-95.1383793,2021,2021-11-23,21.18,1,0,N,       ,N,N,0,Rain,Dark / Unlighted,2.0,20,0,Roadway Departure Right,0,N,0.0,D,1.0,20.0,M,Y,1.0,Apparently Normal,4.0,0,0,0,Unsafe Speed,Rain or Wet Roadway,0,0,0,0,0,0,0,0,0,0,0,0,0,0,0,0,0,0,0,0,0,0,0,0,0,0,0,0,0,0,0,1,0,0,1,1,0
300539363,Cherokee,southern,,County Road,1,99.0,80.0,property_damage,0.0,0,0.0,0.0,0.0,F-O OTHER,FIXED-OBJECT,35.8701,-95.1628,2021,2021-12-01,3.32,1,0,N,       ,N,N,0,Clear,Dark / Unlighted,1.0,20,0,Fixed Object,0,N,0.0,D,2.0,26.0,M,Y,1.0,Sleepy,4.0,0,0,1,Apparently Sleepy,Apparently Sleepy,0,0,0,1,0,0,0,0,0,0,0,0,0,0,0,0,0,0,0,0,0,0,0,0,0,0,0,0,0,0,0,0,0,0,0,1,0
300539579,Tulsa,tulsa,,City Street,6,99.0,80.0,property_damage,0.0,0,0.0,0.0,0.0,SIDESWIPE-OPP,SIDESWIPE-OPP,36.1769315,-95.98424467,2021,2021-12-04,17.05,2,0,N,       ,N,N,0,Clear,Dusk,1.0,17,0,No Roadway Departure,0,N,0.0,D,2.0,32.0,F,Y,1.0,Apparently Normal,4.0,0,0,0,Left of Center,Other,0,0,0,0,0,0,0,0,0,0,0,0,0,0,0,0,0,0,0,0,0,0,0,0,0,1,0,0,0,0,0,0,0,0,0,1,0