crash_id,county,region,highway_name,highway_class,intersection_rel,special_feature_1,special_feature_2,severity_level,visual_injured_num,fatal_num,suspected_serious_injured_num,non_incapacitated_injured_num,possibly_injured_num,crash_type,main_crash_type,latitude,longitude,year,date,time,number_of_vehicles,number_of_commercial_vehicles,work_zone,railroad_crossing,alcohol,drug,Alcohol or Drug,weather_condition,lighting_condition,road_condition,manner_of_collision,pedestrians_num,roadway_departure,cross_centerline,hit_and_run,emergency_vehicle_use,unit_type,vehicle_type,age,sex,driver_of_vehicle,injury_severity,person_condition,restraint_use,older_driver,teen_driver,Sleepy/Ill/Dizzy Driver,unsafe_unlaw_category,unsafe_unlaw_desc,Abnormal Traffic Control,Alcohol-DUI/DWI,Animal in Roadway,Apparently Sleepy,Avoiding Other Vehicle,Avoiding Pedestrian,Changed Lanes Unsafely,Deer in Roadway,Defect in Roadway,Disregarded Warning Signal,Domestic Animal in Roadway,Drug-DUI,Failed to Secure Load,Failed to Signal,Failed to Stop,Failed to Yield,Followed too Closely,Improper Backing,Improper Bicyclist Action,Improper Overtaking,Improper Parking,Improper Start From,Improper Turn,Improper Use of Lane,Distraction,Left of Center,No Improper Action by Driver,Object/Debris in Roadway,Other Improper Act/Movement,Pedestrian Action,Stopped in Traffic Lane,Speeding,Unsafe Vehicle,Wrong Way,Bad Weather,Bad Lighting,Bad Road Condition
300542874,Rogers,northern,I-44,Turnpike Interstate,0,0.0,0.0,non_incapacitating_injury,1.0,0,0.0,1.0,1.0,OTHER,OTHER,36.34705552,-95.4714854,2021,2021-12-18,17.28,2,1,N,       ,N,N,0,Cloudy,Dark / Unlighted,1.0,19,0,Roadway Departure Left,0,N,0.0,D,2.0,25.0,F,Y,3.0,Apparently Normal,4.0,0,0,0,Inattention,Other Distraction Inside Vehicle,0,0,0,0,0,0,0,0,0,0,0,0,0,0,0,0,0,0,0,0,0,0,0,0,1,0,0,0,0,0,0,0,0,0,0,1,0
300542883,Mayes,northern,SH-82,State Highway,1,0.0,0.0,property_damage,0.0,0,0.0,0.0,0.0,OTH-BACKING,OTH-BACKING,36.12831865,-95.13595715,2021,2021-12-23,18.13,2,0,N,       ,N,N,0,Clear,Dark / Unlighted,1.0,27,0,Roadway Departure Right,0,N,0.0,D,4.0,75.0,M,Y,1.0,Apparently Normal,4.0,1,0,0,Improper Backing,Improper Backing,0,0,0,0,0,0,0,0,0,0,0,0,0,0,0,0,0,1,0,0,0,0,0,0,0,0,0,0,0,0,0,0,0,0,0,1,0
300542971,Mayes,northern,,County Road,0,71.0,0.0,incapacitating_injury,1.0,0,1.0,0.0,0.0,OTHER,OTHER,36.2056,-95.2086,2021,2021-12-27,6.58,2,0,N,       ,N,N,0,Clear,Dawn,1.0,21,1,No Roadway Departure,0,N,0.0,D,2.0,20.0,M,Y,1.0,Apparently Normal,4.0,0,0,0,Avoiding Pedestrian,Avoiding Pedestrian,0,0,0,0,0,1,0,0,0,0,0,0,0,0,0,0,0,0,0,0,0,0,0,0,0,0,0,0,0,0,0,0,0,0,0,1,0
300543019,Cherokee,southern,SH-82,State Highway,1,0.0,0.0,property_damage,0.0,0,0.0,0.0,0.0,ANGLE-TURNING,ANGLE-TURNING,35.98783349,-94.97321201,2021,2021-12-23,21.1,2,0,N,       ,N,N,0,Clear,Dark / Unlighted,1.0,10,0,No Roadway Departure,0,N,0.0,D,4.0,61.0,M,Y,1.0,Apparently Normal,99.0,0,0,0,Improper Overtaking,At Intersection,0,0,0,0,0,0,0,0,0,0,0,0,0,0,0,0,0,0,0,1,0,0,0,0,0,0,0,0,0,0,0,0,0,0,0,1,0
300543021,Sequoyah,southern,SH-64B,State Highway,0,0.0,0.0,possible_injury,0.0,0,0.0,0.0,1.0,F-O TREE,FIXED-OBJECT,35.44173454,-94.60185082,2021,2021-12-22,6.51,1,0,N,       ,N,N,0,Clear,Dark / Unlighted,1.0,20,0,Roadway Departure Right,0,N,0.0,D,4.0,28.0,M,Y,2.0,Sleepy,4.0,0,0,1,Apparently Sleepy,Apparently Sleepy,0,0,0,1,0,0,0,0,0,0,0,0,0,0,0,0,0,0,0,0,0,0,0,0,0,0,0,0,0,0,0,0,0,0,0,1,0
300543076,Delaware,northern,SH-85,State Highway,0,0.0,0.0,non_incapacitating_injury,1.0,0,0.0,1.0,1.0,ROLLOVER,ROLLOVER,36.56821668,-94.97836724,2021,2021-12-28,1.12,1,0,N,       ,Y,N,1,Clear,Dark / Unlighted,1.0,20,0,Roadway Departure Right,0,N,0.0,D,4.0,64.0,M,Y,2.0,Odor of Alcohol Beverage,4.0,0,0,0,Unsafe Speed,Other,0,0,0,0,0,0,0,0,0,0,0,0,0,0,0,0,0,0,0,0,0,0,0,0,0,0,0,0,0,0,0,1,0,0,0,1,0
300543078,Nowata,northern,,County Road,0,0.0,0.0,incapacitating_injury,2.0,0,1.0,1.0,1.0,F-O CULVERT,FIXED-OBJECT,36.6807,-95.7375,2021,2021-12-20,23.04,1,0,N,       ,N,N,0,Clear,Dark / Unlighted,1.0,19,0,Roadway Departure Left,0,N,0.0,D,4.0,21.0,M,Y,1.0,Unknown,1.0,0,0,0,Unsafe Speed,For Type of Roadway (Pavement Surface),0,0,0,0,0,0,0,0,0,0,0,0,0,0,0,0,0,0,0,0,0,0,0,0,0,0,0,0,0,0,0,1,0,0,0,1,0
300543186,Delaware,northern,SH-20,State Highway,1,0.0,0.0,non_incapacitating_injury,1.0,0,0.0,1.0,0.0,F-O CULVERT,FIXED-OBJECT,36.45331091,-94.61047013,2021,2021-12-29,19.22,1,1,N,       ,N,N,0,Cloudy,Dark / Unlighted,5.0,20,0,Roadway Departure Right,0,N,0.0,D,8.0,54.0,M,Y,3.0,Apparently Normal,4.0,0,0,0,Improper Turn,Other,0,0,0,0,0,0,0,0,0,0,0,0,0,0,0,0,0,0,0,0,0,0,1,0,0,0,0,0,0,0,0,0,0,0,0,1,1
300543195,Tulsa,tulsa,US-169,US Route,0,0.0,0.0,property_damage,0.0,0,0.0,0.0,0.0,SIDESWIPE-SAME,SIDESWIPE-SAME,36.23481616,-95.84829364,2021,2021-12-29,6.3,2,0,N,       ,N,N,0,Cloudy,Dark / Unlighted,1.0,16,0,No Roadway Departure,0,N,0.0,D,20.0,57.0,F,Y,1.0,Apparently Normal,4.0,0,0,0,Failed to Yield,To Vehicle on Right,0,0,0,0,0,0,0,0,0,0,0,0,0,0,0,1,0,0,0,0,0,0,0,0,0,0,0,0,0,0,0,0,0,0,0,1,0
300543258,Wagoner,southern,,County Road,0,99.0,80.0,property_damage,0.0,0,0.0,0.0,0.0,F-O BARR-OTHER,FIXED-OBJECT,35.9734,-95.3139,2021,2021-12-24,2.33,1,0,N,       ,N,N,0,Clear,Dark / Unlighted,2.0,41,0,Roadway Departure Right,0,N,0.0,D,4.0,54.0,M,Y,1.0,Apparently Normal,4.0,0,0,0,Failed to Stop,For Stop Sign,0,0,0,0,0,0,0,0,0,0,0,0,0,0,1,0,0,0,0,0,0,0,0,0,0,0,0,0,0,0,0,0,0,0,0,1,0
300543355,Cherokee,southern,,County Road,0,99.0,80.0,property_damage,0.0,0,0.0,0.0,0.0,F-O GUARDRL-FACE,FIXED-OBJECT,36.1093,-94.9928,2021,2021-12-11,6.47,1,0,N,       ,N,N,0,Clear,Dark / Unlighted,1.0,20,0,Roadway Departure Right,0,N,0.0,D,4.0,21.0,M,Y,1.0,Apparently Normal,4.0,0,0,0,Unsafe Speed,On Curve/Turn,0,0,0,0,0,0,0,0,0,0,0,0,0,0,0,0,0,0,0,0,0,0,0,0,0,0,0,0,0,0,0,1,0,0,0,1,0
300543358,Sequoyah,southern,US-59,US Route,1,0.0,0.0,property_damage,0.0,0,0.0,0.0,0.0,RIGHT-ANGLE,RIGHT-ANGLE,35.36179688,-94.78069559,2021,2021-12-29,18.37,2,0,N,       ,N,N,0,Clear,Dark / Unlighted,1.0,1,0,No Roadway Departure,0,N,0.0,D,4.0,64.0,M,Y,1.0,Apparently Normal,4.0,0,0,0,Failed to Yield,County Road at Through Highway,0,0,0,0,0,0,0,0,0,0,0,0,0,0,0,1,0,0,0,0,0,0,0,0,0,0,0,0,0,0,0,0,0,0,0,1,0
300543359,Cherokee,southern,,County Road,0,0.0,0.0,possible_injury,0.0,0,0.0,0.0,1.0,SIDESWIPE-OPP,SIDESWIPE-OPP,36.1471,-94.9942,2021,2021-12-29,18.23,2,0,N,       ,N,N,0,Clear,Dark / Unlighted,2.0,17,0,No Roadway Departure,0,Y,0.0,D,4.0,0.0,9,Y,1.0,Unknown,99.0,0,0,0,Unsafe Speed,On Curve/Turn,0,0,0,0,0,0,0,0,0,0,0,0,0,0,0,0,0,0,0,0,0,0,0,0,0,0,0,0,0,0,0,1,0,0,0,1,0
300543363,Cherokee,southern,SH-82,State Highway,0,0.0,0.0,possible_injury,0.0,0,0.0,0.0,1.0,REAR-END,REAR-END,35.95216113,-94.96681368,2021,2021-12-30,19.47,2,0,N,       ,N,N,0,Clear,Dark / Unlighted,1.0,3,0,No Roadway Departure,0,N,0.0,D,1.0,23.0,M,Y,1.0,Sleepy,4.0,0,0,1,Inattention,Other,0,0,0,0,0,0,0,0,0,0,0,0,0,0,0,0,0,0,0,0,0,0,0,0,1,0,0,0,0,0,0,0,0,0,0,1,0
300543365,Cherokee,southern,,County Road,0,0.0,0.0,non_incapacitating_injury,1.0,0,0.0,1.0,0.0,F-O FENCE,FIXED-OBJECT,35.8709,-95.1773,2021,2021-12-31,7.56,1,0,N,       ,N,N,0,Cloudy,Dark / Unlighted,1.0,20,0,Roadway Departure Right,0,N,0.0,D,1.0,34.0,M,Y,3.0,Apparently Normal,4.0,0,0,0,Inattention,Other,0,0,0,0,0,0,0,0,0,0,0,0,0,0,0,0,0,0,0,0,0,0,0,0,1,0,0,0,0,0,0,0,0,0,0,1,0
300543413,Mayes,northern,US412A,US Route,0,1.0,0.0,property_damage,0.0,0,0.0,0.0,0.0,ANGLE-TURNING,ANGLE-TURNING,36.20689273,-95.11860076,2021,2021-12-30,0.15,2,0,N,       ,Y,N,1,Clear,Dark / Unlighted,1.0,10,0,Roadway Departure Left,0,N,0.0,D,4.0,47.0,M,Y,1.0,Drinking - Ability Impaired,4.0,0,0,0,Alcohol-DUI/DWI,Alcohol-DUI/DWI,0,1,0,0,0,0,0,0,0,0,0,0,0,0,0,0,0,0,0,0,0,0,0,0,0,0,0,0,0,0,0,0,0,0,0,1,0
300543432,Rogers,northern,SH-20,State Highway,1,0.0,0.0,property_damage,0.0,0,0.0,0.0,0.0,REAR-END,REAR-END,36.32195333,-95.72978902,2021,2021-12-30,18.45,2,0,N,       ,N,N,0,Clear,Dark / Unlighted,1.0,4,0,Roadway Departure Right,0,N,0.0,D,2.0,50.0,M,Y,1.0,Apparently Normal,4.0,0,0,0,Unsafe Speed,For Traffic Conditions,0,0,0,0,0,0,0,0,0,0,0,0,0,0,0,0,0,0,0,0,0,0,0,0,0,0,0,0,0,0,0,1,0,0,0,1,0
300543523,Rogers,northern,,County Road,0,0.0,0.0,possible_injury,0.0,0,0.0,0.0,1.0,ANIMAL,ANIMAL,36.5284,-95.4535,2021,2021-12-31,21.09,1,0,N,       ,N,N,0,Rain,Dark / Unlighted,2.0,34,0,No Roadway Departure,0,N,0.0,D,20.0,22.0,M,Y,2.0,Apparently Normal,4.0,0,0,0,No Improper Action by Driver,No Improper Action by Driver,0,0,0,0,0,0,0,0,0,0,0,0,0,0,0,0,0,0,0,0,0,0,0,0,0,0,1,0,0,0,0,0,0,0,1,1,0
300543529,Rogers,northern,,County Road,0,99.0,80.0,property_damage,0.0,0,0.0,0.0,0.0,F-O GUARDRL-FACE,FIXED-OBJECT,36.2782,-95.5609,2021,2021-12-25,0.02,1,0,N,       ,Y,N,1,Clear,Dark / Unlighted,1.0,20,0,Fixed Object,0,N,0.0,D,4.0,57.0,M,Y,1.0,Drinking - Ability Impaired,4.0,0,0,0,Alcohol-DUI/DWI,Alcohol-DUI/DWI,0,1,0,0,0,0,0,0,0,0,0,0,0,0,0,0,0,0,0,0,0,0,0,0,0,0,0,0,0,0,0,0,0,0,0,1,0
300543553,Washington,northern,,County Road,0,99.0,88.0,possible_injury,0.0,0,0.0,0.0,2.0,ROLLOVER,ROLLOVER,36.6741,-95.8905,2021,2021-12-25,17.37,1,0,N,       ,N,N,0,Clear,Dark / Unlighted,1.0,20,0,Fixed Object,0,N,0.0,D,4.0,18.0,F,Y,2.0,Apparently Normal,4.0,0,1,0,Object/Debris in Roadway,Object/Debris in Roadway,0,0,0,0,0,0,0,0,0,0,0,0,0,0,0,0,0,0,0,0,0,0,0,0,0,0,0,1,0,0,0,0,0,0,0,1,0
300543595,Sequoyah,southern,US-64,US Route,0,0.0,0.0,property_damage,0.0,0,0.0,0.0,0.0,REAR-END,REAR-END,35.395135,-94.43705731,2021,2021-12-29,18.48,2,0,N,       ,N,N,0,Cloudy,Dark / Unlighted,1.0,2,0,No Roadway Departure,0,N,0.0,D,2.0,52.0,F,Y,1.0,Unknown,99.0,0,0,0,Inattention,Other,0,0,0,0,0,0,0,0,0,0,0,0,0,0,0,0,0,0,0,0,0,0,0,0,1,0,0,0,0,0,0,0,0,0,0,1,0
300543600,Adair,southern,SH-100,State Highway,0,0.0,0.0,possible_injury,0.0,0,0.0,0.0,1.0,F-O EMBANKMENT,FIXED-OBJECT,35.77044469,-94.76602382,2021,2021-12-26,0.33,1,0,N,       ,N,N,0,Clear,Dark / Unlighted,1.0,20,0,Roadway Departure Right,0,N,0.0,D,2.0,17.0,F,Y,2.0,Apparently Normal,4.0,0,1,0,Inattention,Other Distraction Inside Vehicle,0,0,0,0,0,0,0,0,0,0,0,0,0,0,0,0,0,0,0,0,0,0,0,0,1,0,0,0,0,0,0,0,0,0,0,1,0
300543603,Rogers,northern,US-412,US Route,1,0.0,0.0,non_incapacitating_injury,2.0,0,0.0,2.0,0.0,RIGHT-ANGLE,RIGHT-ANGLE,36.16442501,-95.6812289,2021,2021-12-11,19.57,2,0,N,       ,N,N,0,Clear,Dark / Unlighted,1.0,1,0,Roadway Departure Left,0,N,0.0,D,4.0,18.0,M,Y,3.0,Apparently Normal,4.0,0,1,0,Failed to Yield,From Stop Sign,0,0,0,0,0,0,0,0,0,0,0,0,0,0,0,1,0,0,0,0,0,0,0,0,0,0,0,0,0,0,0,0,0,0,0,1,0
300543604,Adair,southern,,County Road,0,0.0,0.0,non_incapacitating_injury,1.0,0,0.0,1.0,0.0,REAR-END,REAR-END,35.8504,-94.6062,2021,2021-12-27,22.2,2,0,N,       ,N,N,0,Clear,Dark / Unlighted,1.0,2,0,No Roadway Departure,0,N,0.0,D,19.0,16.0,F,Y,3.0,Apparently Normal,1.0,0,1,0,Inattention,Other,0,0,0,0,0,0,0,0,0,0,0,0,0,0,0,0,0,0,0,0,0,0,0,0,1,0,0,0,0,0,0,0,0,0,0,1,0
300543606,Adair,southern,US-59,US Route,0,0.0,0.0,possible_injury,0.0,0,0.0,0.0,1.0,REAR-END,REAR-END,35.75427234,-94.63501967,2021,2021-12-25,19.04,2,0,N,       ,N,N,0,Clear,Dark / Unlighted,1.0,3,0,Roadway Departure Right,0,Y,0.0,D,1.0,0.0,9,Y,1.0,Unknown,99.0,0,0,0,Followed too Closely,Human Element,0,0,0,0,0,0,0,0,0,0,0,0,0,0,0,0,1,0,0,0,0,0,0,0,0,0,0,0,0,0,0,0,0,0,0,1,0
300543611,Rogers,northern,US-169,US Route,0,0.0,0.0,non_incapacitating_injury,1.0,0,0.0,1.0,0.0,SIDESWIPE-SAME,SIDESWIPE-SAME,36.39997847,-95.78097659,2021,2021-12-21,20.48,2,0,N,       ,N,N,0,Clear,Dark / Unlighted,1.0,16,0,Roadway Departure Right,0,Y,0.0,D,4.0,0.0,9,Y,1.0,Unknown,99.0,0,0,0,Changed Lanes Unsafely,Changed Lanes Unsafely,0,0,0,0,0,0,1,0,0,0,0,0,0,0,0,0,0,0,0,0,0,0,0,0,0,0,0,0,0,0,0,0,0,0,0,1,0
300543678,Rogers,northern,SH-20,State Highway,1,0.0,0.0,property_damage,0.0,0,0.0,0.0,0.0,F-O TRAFF-SIGN,FIXED-OBJECT,36.30670007,-95.70632617,2021,2021-12-15,3.5,1,0,N,       ,N,N,0,Cloudy,Dark / Unlighted,1.0,19,0,Roadway Departure Right,0,N,0.0,D,20.0,26.0,M,Y,1.0,Sleepy,4.0,0,0,1,Inattention,Other Distraction Inside Vehicle,0,0,0,0,0,0,0,0,0,0,0,0,0,0,0,0,0,0,0,0,0,0,0,0,1,0,0,0,0,0,0,0,0,0,0,1,0
300543682,Rogers,northern,I-44,Turnpike Interstate,0,32.0,0.0,property_damage,0.0,0,0.0,0.0,0.0,SIDESWIPE-SAME,SIDESWIPE-SAME,36.1708228,-95.73196222,2021,2021-12-20,17.35,2,1,N,       ,N,N,0,Cloudy,Dark / Unlighted,1.0,16,0,Roadway Departure Left,0,N,0.0,D,10.0,52.0,M,Y,1.0,Apparently Normal,4.0,0,0,0,No Improper Action by Driver,No Improper Action by Driver,0,0,0,0,0,0,0,0,0,0,0,0,0,0,0,0,0,0,0,0,0,0,0,0,0,0,1,0,0,0,0,0,0,0,0,1,0
300543711,Delaware,northern,US-59,US Route,1,0.0,0.0,non_incapacitating_injury,4.0,0,0.0,4.0,0.0,ANGLE-TURNING,ANGLE-TURNING,36.18626964,-94.70704114,2021,2021-12-14,17.58,2,0,N,       ,N,N,0,Cloudy,Dark / Unlighted,1.0,12,0,Roadway Departure Left,0,N,0.0,D,4.0,62.0,M,Y,1.0,Apparently Normal,4.0,0,0,0,Inattention,Distraction from Outside Vehicle,0,0,0,0,0,0,0,0,0,0,0,0,0,0,0,0,0,0,0,0,0,0,0,0,1,0,0,0,0,0,0,0,0,0,0,1,0
300543847,Mayes,northern,,County Road,0,99.0,80.0,property_damage,0.0,0,0.0,0.0,0.0,F-O FENCE,FIXED-OBJECT,36.1236,-95.1363,2021,2021-12-31,21.16,1,0,N,       ,N,N,0,Rain,Dark / Unlighted,2.0,19,0,Roadway Departure Left,0,N,0.0,D,2.0,24.0,M,Y,1.0,Apparently Normal,4.0,0,0,0,Unsafe Speed,Rain or Wet Roadway,0,0,0,0,0,0,0,0,0,0,0,0,0,0,0,0,0,0,0,0,0,0,0,0,0,0,0,0,0,0,0,1,0,0,1,1,0
300543852,Cherokee,southern,,County Road,0,99.0,80.0,property_damage,0.0,0,0.0,0.0,0.0,F-O FENCE,FIXED-OBJECT,35.9515,-95.0127,2021,2021-12-30,6.51,1,0,N,       ,Y,N,1,Clear,Dark / Unlighted,2.0,20,0,Roadway Departure Right,0,N,0.0,D,23.0,31.0,F,Y,1.0,Drinking - Ability Impaired,4.0,0,0,0,Alcohol-DUI/DWI,Alcohol-DUI/DWI,0,1,0,0,0,0,0,0,0,0,0,0,0,0,0,0,0,0,0,0,0,0,0,0,0,0,0,0,0,0,0,0,0,0,0,1,0
300543856,Cherokee,southern,SH-51,State Highway,0,1.0,0.0,non_incapacitating_injury,1.0,0,0.0,1.0,1.0,REAR-END,REAR-END,35.915207,-95.11021391,2021,2021-12-20,18.09,2,0,N,       ,N,N,0,Clear,Dark / Unlighted,1.0,5,0,Roadway Departure Right,0,N,0.0,D,2.0,44.0,F,Y,3.0,Apparently Normal,4.0,0,0,0,Unsafe Speed,For Traffic Conditions,0,0,0,0,0,0,0,0,0,0,0,0,0,0,0,0,0,0,0,0,0,0,0,0,0,0,0,0,0,0,0,1,0,0,0,1,0
300544064,Tulsa,tulsa,,City Street,7,0.0,0.0,fatal,0.0,2,0.0,0.0,0.0,HEAD-ON,HEAD-ON,36.20585059,-95.9224638,2021,2021-12-24,22.15,2,0,N,       ,N,N,0,Cloudy,Dark / Unlighted,1.0,18,0,Roadway Departure Right,0,N,0.0,D,2.0,55.0,M,Y,5.0,Unknown,1.0,0,0,0,Left of Center,In Meeting,0,0,0,0,0,0,0,0,0,0,0,0,0,0,0,0,0,0,0,0,0,0,0,0,0,1,0,0,0,0,0,0,0,0,0,1,0
300544291,Sequoyah,southern,SH-100,State Highway,0,0.0,0.0,fatal,2.0,1,0.0,2.0,0.0,OTHER,OTHER,35.60247273,-95.00465689,2021,2021-12-17,18.45,2,0,N,       ,N,N,0,Rain,Dark / Unlighted,2.0,21,4,Roadway Departure Right,0,N,0.0,D,20.0,39.0,F,Y,1.0,Unknown,4.0,0,0,0,Unsafe Speed,Rain or Wet Roadway,0,0,0,0,0,0,0,0,0,0,0,0,0,0,0,0,0,0,0,0,0,0,0,0,0,0,0,0,0,0,0,1,0,0,1,1,0
300544365,Adair,southern,SH-51,State Highway,0,0.0,0.0,fatal,0.0,1,0.0,0.0,0.0,PEDESTRIAN,PEDESTRIAN,35.87813574,-94.74708867,2021,2021-12-25,23.04,1,0,N,       ,N,N,0,Clear,Dark / Unlighted,1.0,21,1,Roadway Departure Right,0,N,0.0,P,0.0,45.0,M,N,5.0,Unknown,0.0,0,0,0,Pedestrian Action,Pedestrian Action,0,0,0,0,0,0,0,0,0,0,0,0,0,0,0,0,0,0,0,0,0,0,0,0,0,0,0,0,0,1,0,0,0,0,0,1,0
300544370,Muskogee,southern,,County Road,0,99.0,80.0,property_damage,0.0,0,0.0,0.0,0.0,F-O FENCE,FIXED-OBJECT,35.3922,-95.2029,2021,2021-12-29,17.47,1,0,N,       ,N,N,0,Clear,Dusk,1.0,20,0,Roadway Departure Right,0,N,0.0,D,2.0,29.0,F,Y,1.0,Apparently Normal,4.0,0,0,0,Inattention,Other Distraction Inside Vehicle,0,0,0,0,0,0,0,0,0,0,0,0,0,0,0,0,0,0,0,0,0,0,0,0,1,0,0,0,0,0,0,0,0,0,0,1,0
300544390,Washington,northern,,County Road,1,0.0,0.0,non_incapacitating_injury,2.0,0,0.0,2.0,0.0,F-O TRAFF-SIGN,FIXED-OBJECT,36.7861,-95.9532,2021,2021-12-14,1.13,1,0,N,       ,Y,N,1,Clear,Dark / Unlighted,1.0,20,0,Roadway Departure Right,0,N,0.0,D,2.0,32.0,M,Y,3.0,Apparently Normal,4.0,0,0,0,Alcohol-DUI/DWI,Alcohol-DUI/DWI,0,1,0,0,0,0,0,0,0,0,0,0,0,0,0,0,0,0,0,0,0,0,0,0,0,0,0,0,0,0,0,0,0,0,0,1,0
300544747,Rogers,northern,SH-167,State Highway,1,0.0,0.0,incapacitating_injury,2.0,0,1.0,1.0,0.0,ANGLE-TURNING,ANGLE-TURNING,36.22603644,-95.75907554,2021,2021-12-28,20.48,2,1,N,       ,N,N,0,Clear,Dark / Unlighted,1.0,6,0,Roadway Departure Right,0,N,0.0,D,4.0,40.0,M,Y,3.0,Apparently Normal,4.0,0,0,0,Unsafe Speed,For Traffic Conditions,0,0,0,0,0,0,0,0,0,0,0,0,0,0,0,0,0,0,0,0,0,0,0,0,0,0,0,0,0,0,0,1,0,0,0,1,0
300544833,Mayes,northern,SH-28,State Highway,0,0.0,0.0,fatal,0.0,2,0.0,0.0,0.0,HEAD-ON,HEAD-ON,36.43784349,-95.34223457,2021,2021-07-23,5.25,2,0,N,       ,N,Y,1,Fog/Smoke,Dark / Unlighted,1.0,18,0,No Roadway Departure,0,N,0.0,D,20.0,54.0,F,Y,5.0,Unknown,1.0,0,0,0,Left of Center,In Meeting,0,0,0,0,0,0,0,0,0,0,0,0,0,0,0,0,0,0,0,0,0,0,0,0,0,1,0,0,0,0,0,0,0,0,1,1,0
300545115,Washington,northern,US-75,US Route,0,0.0,0.0,property_damage,0.0,0,0.0,0.0,0.0,REAR-END,REAR-END,36.62686274,-95.93533076,2021,2021-12-17,17.52,2,0,N,       ,N,N,0,Rain,Dark / Unlighted,2.0,3,0,No Roadway Departure,0,N,0.0,D,2.0,25.0,F,Y,1.0,Sleepy,4.0,0,0,1,Inattention,Other,0,0,0,0,0,0,0,0,0,0,0,0,0,0,0,0,0,0,0,0,0,0,0,0,1,0,0,0,0,0,0,0,0,0,1,1,0
300545308,Ottawa,northern,I-44,Turnpike Interstate,0,0.0,0.0,fatal,1.0,2,1.0,0.0,0.0,HEAD-ON,HEAD-ON,36.78646643,-94.88697426,2021,2021-12-29,20.09,2,2,N,       ,N,N,0,Clear,Dark / Unlighted,1.0,18,0,Roadway Departure Left,0,N,0.0,D,10.0,58.0,M,Y,4.0,Unknown,99.0,0,0,0,Other Improper Act/Movement,Other,0,0,0,0,0,0,0,0,0,0,0,0,0,0,0,0,0,0,0,0,0,0,0,0,0,0,0,0,1,0,0,0,0,0,0,1,0
300546052,Rogers,northern,SH-28,State Highway,0,0.0,0.0,incapacitating_injury,1.0,0,1.0,0.0,0.0,F-O TREE,FIXED-OBJECT,36.55362848,-95.46317775,2021,2021-10-26,23.34,1,0,N,       ,N,N,0,Cloudy,Dark / Unlighted,1.0,20,0,Roadway Departure Right,0,N,0.0,D,20.0,29.0,F,Y,4.0,Sleepy,4.0,0,0,1,Apparently Sleepy,Apparently Sleepy,0,0,0,1,0,0,0,0,0,0,0,0,0,0,0,0,0,0,0,0,0,0,0,0,0,0,0,0,0,0,0,0,0,0,0,1,0
300548527,Rogers,northern,I-44,Turnpike Interstate,0,0.0,0.0,fatal,0.0,1,0.0,0.0,4.0,REAR-END,REAR-END,36.3111244,-95.56857166,2021,2021-04-03,1.07,2,0,N,       ,N,N,0,Clear,Dark / Unlighted,1.0,3,0,Roadway Departure Right,0,N,0.0,D,23.0,57.0,F,Y,2.0,Sleepy,4.0,0,0,1,Apparently Sleepy,Apparently Sleepy,0,0,0,1,0,0,0,0,0,0,0,0,0,0,0,0,0,0,0,0,0,0,0,0,0,0,0,0,0,0,0,0,0,0,0,1,0
300561399,Cherokee,southern,US-62,US Route,0,0.0,0.0,fatal,0.0,1,0.0,0.0,0.0,OTH-SINGLE-VEH,OTH-SINGLE-VEH,35.8502678,-94.99991556,2021,2021-10-25,5.3,1,0,N,       ,N,N,0,Fog/Smoke,Dark / Unlighted,1.0, ?,1,No Roadway Departure,0,Y,0.0,D,2.0,37.0,M,Y,1.0,Apparently Normal,4.0,0,0,0,Inattention,Other Distraction Inside Vehicle,0,0,0,0,0,0,0,0,0,0,0,0,0,0,0,0,0,0,0,0,0,0,0,0,1,0,0,0,0,0,0,0,0,0,1,1,0
300566397,Rogers,northern,I-44,Turnpike Interstate,0,0.0,0.0,fatal,1.0,1,1.0,0.0,0.0,SIDESWIPE-SAME,SIDESWIPE-SAME,36.25127171,-95.65270395,2021,2021-12-18,6.15,2,1,N,       ,N,N,0,Clear,Dark / Unlighted,1.0,16,0,Roadway Departure Right,0,N,0.0,D,20.0,26.0,F,Y,5.0,Unknown,1.0,0,0,0,Changed Lanes Unsafely,Changed Lanes Unsafely,0,0,0,0,0,0,1,0,0,0,0,0,0,0,0,0,0,0,0,0,0,0,0,0,0,0,0,0,0,0,0,0,0,0,0,1,0
300573662,Muskogee,southern,,County Road,1,0.0,0.0,fatal,0.0,1,0.0,0.0,0.0,RIGHT-ANGLE,RIGHT-ANGLE,35.5663,-95.3047,2021,2021-06-26,21.17,2,0,N,       ,N,N,0,Clear,Dark / Unlighted,1.0,1,0,Roadway Departure Left,0,N,0.0,D,4.0,48.0,M,Y,1.0,Apparently Normal,1.0,0,0,0,Failed to Yield,Other,0,0,0,0,0,0,0,0,0,0,0,0,0,0,0,1,0,0,0,0,0,0,0,0,0,0,0,0,0,0,0,0,0,0,0,1,0
300609222,Ottawa,northern,I-44,Turnpike Interstate,0,0.0,0.0,fatal,1.0,2,1.0,0.0,0.0,F-O BARR-CONCRETE,FIXED-OBJECT,36.78646643,-94.88697426,2021,2021-12-29,20.09,2,2,N,       ,N,N,0,Clear,Dark / Unlighted,1.0,19,0,Fixed Object,0,N,0.0,D,10.0,58.0,M,Y,4.0,Unknown,99.0,0,0,0,Left of Center,Other,0,0,0,0,0,0,0,0,0,0,0,0,0,0,0,0,0,0,0,0,0,0,0,0,0,1,0,0,0,0,0,0,0,0,0,1,0